{
  "type": "FeatureCollection",
  "features": [
    {
      "type": "Feature",
      "geometry": {
        "type": "Point",
        "coordinates": [
          -77.0627135106,
          -12.093995879
        ]
      },
      "properties": {
        "id_imagen": "1057860719453023",
        "fecha_captura_timestamp": 1728158166592,
        "angulo_camara": 126.44631067575,
        "id_secuencia": "KibYXt5mUCIe2ZuRHlQNOT",
        "url_miniatura": "https://scontent.flim12-1.fna.fbcdn.net/m1/v/t6/An9WELX0HvMCl81ZVMGtvb160IppVdbGPLHxt6-FqtH_nplcPjxCTJAFO0xF5NbY4zltKtSU9nbuhmuVHm4hv9BJehqr_lLQeVkmYaEesS1zE8kNpd3b4aEwk4BsflJxWtYHHR61poslOgCPHNmAuKU?stp=s1024x576&edm=AOnQwmMEAAAA&_nc_gid=0kDO5xDpB4llY1RWeD9vKw&_nc_oc=AdptH8Z5H7qFhFQygCC2Sca5UlZT-6V9zcrMLRKdeJBZ8XZBFMZ2StBmnOpgiWF01PXJIpczM7PTTyvl-15BYGc0&ccb=10-5&oh=00_AQKBL_VGVYDGPj6Gz1XuMTwhg8T1mTC4kpXv4Zx08LTFJA&oe=6AC8453C&_nc_sid=201bca",
        "tipo_camara": "perspective",
        "marca": "none",
        "modelo": "none",
        "es_panoramica": false,
        "calidad": 0.61,
        "cantidad_objetos_detectados": 164,
        "objetos_detectados": [
          "construction--barrier--curb",
          "construction--barrier--curb",
          "construction--structure--building",
          "construction--flat--sidewalk",
          "construction--structure--building",
          "construction--structure--building",
          "construction--structure--building",
          "construction--structure--building",
          "construction--structure--building",
          "construction--structure--building",
          "construction--structure--building",
          "construction--structure--building",
          "construction--structure--building",
          "construction--structure--building",
          "construction--flat--sidewalk",
          "construction--structure--building",
          "construction--structure--building",
          "construction--structure--building",
          "construction--structure--building",
          "construction--structure--building",
          "construction--structure--building",
          "construction--structure--building",
          "construction--structure--building",
          "construction--structure--building",
          "construction--structure--building",
          "nature--sky",
          "construction--barrier--wall",
          "construction--barrier--fence",
          "construction--barrier--fence",
          "construction--barrier--fence",
          "construction--barrier--fence",
          "construction--barrier--fence",
          "construction--barrier--fence",
          "construction--barrier--fence",
          "construction--barrier--fence",
          "construction--barrier--wall",
          "construction--barrier--wall",
          "construction--barrier--wall",
          "construction--barrier--fence",
          "construction--barrier--wall",
          "construction--barrier--wall",
          "construction--flat--road",
          "construction--flat--road",
          "construction--flat--sidewalk",
          "construction--flat--sidewalk",
          "construction--flat--sidewalk",
          "construction--flat--sidewalk",
          "construction--flat--sidewalk",
          "construction--flat--sidewalk",
          "construction--flat--sidewalk",
          "nature--sky",
          "nature--sky",
          "nature--sky",
          "nature--sky",
          "nature--sky",
          "nature--sky",
          "nature--sky",
          "nature--sky",
          "nature--sky",
          "nature--sky",
          "nature--sky",
          "nature--sky",
          "nature--sky",
          "nature--sky",
          "nature--sky",
          "nature--sky",
          "nature--vegetation",
          "nature--vegetation",
          "nature--vegetation",
          "nature--vegetation",
          "nature--vegetation",
          "nature--vegetation",
          "nature--vegetation",
          "nature--vegetation",
          "nature--vegetation",
          "nature--sky",
          "nature--vegetation",
          "nature--vegetation",
          "nature--vegetation",
          "nature--vegetation",
          "nature--vegetation",
          "nature--terrain",
          "nature--terrain",
          "nature--vegetation",
          "nature--vegetation",
          "nature--vegetation",
          "object--wire-group",
          "object--wire-group",
          "object--wire-group",
          "object--wire-group",
          "object--wire-group",
          "void--ego-vehicle",
          "void--ego-vehicle",
          "void--ego-vehicle",
          "void--ego-vehicle",
          "void--ego-vehicle",
          "void--ego-vehicle",
          "void--ego-vehicle",
          "void--static",
          "void--static",
          "void--static",
          "void--ego-vehicle",
          "void--ego-vehicle",
          "void--static",
          "void--static",
          "void--static",
          "void--static",
          "void--static",
          "void--static",
          "void--static",
          "void--static",
          "void--static",
          "void--static",
          "void--static",
          "void--static",
          "void--static",
          "void--static",
          "void--unlabeled",
          "void--unlabeled",
          "void--unlabeled",
          "void--unlabeled",
          "void--unlabeled",
          "void--unlabeled",
          "void--unlabeled",
          "void--unlabeled",
          "void--unlabeled",
          "void--unlabeled",
          "void--unlabeled",
          "void--unlabeled",
          "void--unlabeled",
          "void--unlabeled",
          "void--unlabeled",
          "void--unlabeled",
          "void--unlabeled",
          "void--unlabeled",
          "void--unlabeled",
          "void--unlabeled",
          "void--unlabeled",
          "void--unlabeled",
          "void--unlabeled",
          "void--unlabeled",
          "void--unlabeled",
          "void--unlabeled",
          "void--unlabeled",
          "void--unlabeled",
          "void--unlabeled",
          "void--unlabeled",
          "void--unlabeled",
          "void--unlabeled",
          "void--unlabeled",
          "void--unlabeled",
          "void--unlabeled",
          "void--unlabeled",
          "void--unlabeled",
          "void--unlabeled",
          "void--unlabeled",
          "void--unlabeled",
          "void--unlabeled",
          "void--unlabeled",
          "human--person--individual",
          "object--support--utility-pole",
          "object--vehicle--bicycle",
          "object--sign--advertisement",
          "object--junction-box"
        ]
      }
    },
    {
      "type": "Feature",
      "geometry": {
        "type": "Point",
        "coordinates": [
          -77.062088386694,
          -12.093399242795
        ]
      },
      "properties": {
        "id_imagen": "1083567019905321",
        "fecha_captura_timestamp": 1728155964000,
        "angulo_camara": 193.86795176615,
        "id_secuencia": "wvYgK3qJPaLj2zXix4GBFE",
        "url_miniatura": "https://scontent.flim12-1.fna.fbcdn.net/m1/v/t6/An8KvIES-s4ibLM7LFRfaQIIKoMJVmPLHm4pgBEW-yxq3Z3Mb848IFg61wZTW0Kaz161Xd6bD6HCFxiBu3yRn1CYEvk92kCTfx4L7qdzFBSR1EHxkVSIbyGcAI0t8E-utdumRFMUq4o42WbO2T-FTQo?stp=s1024x576&edm=AOnQwmMEAAAA&_nc_gid=0kDO5xDpB4llY1RWeD9vKw&_nc_oc=AdpK2IaNboaWyWivUU24YRX10YaRZEtFLEfEiV5S8IARPsgWZtoTuUDAEDgOxae2znhypsmA7JZ_d7DnFlqtuGVr&ccb=10-5&oh=00_AQJHzayv9Zi8nfqwNgyf2fDD1X6iU8_ZDPiisUfl1LG4RA&oe=6AC857B8&_nc_sid=201bca",
        "tipo_camara": "perspective",
        "marca": "none",
        "modelo": "none",
        "es_panoramica": false,
        "calidad": 0.67,
        "cantidad_objetos_detectados": 310,
        "objetos_detectados": [
          "warning--school-zone--g2",
          "construction--barrier--curb",
          "construction--barrier--curb",
          "construction--structure--building",
          "construction--flat--sidewalk",
          "construction--flat--sidewalk",
          "construction--flat--sidewalk",
          "construction--flat--sidewalk",
          "construction--flat--sidewalk",
          "construction--flat--sidewalk",
          "construction--flat--sidewalk",
          "construction--structure--building",
          "construction--structure--building",
          "construction--structure--building",
          "construction--structure--building",
          "construction--flat--sidewalk",
          "construction--flat--sidewalk",
          "construction--structure--building",
          "construction--structure--building",
          "construction--structure--building",
          "construction--structure--building",
          "construction--structure--building",
          "construction--structure--building",
          "construction--structure--building",
          "construction--structure--building",
          "construction--structure--building",
          "construction--structure--building",
          "construction--flat--road",
          "construction--barrier--curb",
          "construction--barrier--curb",
          "construction--barrier--curb",
          "construction--barrier--wall",
          "construction--barrier--wall",
          "construction--barrier--wall",
          "construction--flat--parking",
          "construction--flat--parking",
          "construction--flat--parking",
          "construction--flat--parking",
          "construction--flat--parking",
          "construction--barrier--curb",
          "construction--flat--road",
          "construction--flat--sidewalk",
          "construction--flat--sidewalk",
          "construction--flat--sidewalk",
          "construction--flat--sidewalk",
          "construction--flat--sidewalk",
          "construction--flat--sidewalk",
          "construction--flat--sidewalk",
          "construction--flat--sidewalk",
          "construction--flat--sidewalk",
          "construction--flat--sidewalk",
          "construction--structure--building",
          "construction--structure--building",
          "construction--structure--building",
          "construction--structure--building",
          "construction--structure--building",
          "construction--structure--building",
          "construction--structure--building",
          "construction--structure--building",
          "construction--structure--building",
          "construction--structure--building",
          "construction--structure--building",
          "construction--structure--building",
          "construction--structure--building",
          "construction--structure--building",
          "construction--structure--building",
          "construction--structure--building",
          "construction--structure--building",
          "construction--structure--building",
          "construction--structure--building",
          "construction--structure--building",
          "construction--structure--building",
          "construction--structure--building",
          "construction--structure--building",
          "construction--structure--building",
          "nature--sky",
          "nature--sky",
          "nature--sky",
          "nature--sky",
          "nature--sky",
          "nature--sky",
          "nature--sky",
          "nature--sky",
          "nature--sky",
          "nature--sky",
          "nature--sky",
          "nature--sky",
          "nature--sky",
          "nature--sky",
          "nature--sky",
          "nature--sky",
          "nature--sky",
          "nature--sky",
          "nature--sky",
          "nature--sky",
          "nature--sky",
          "nature--sky",
          "nature--sky",
          "nature--sky",
          "nature--sky",
          "nature--terrain",
          "nature--terrain",
          "nature--terrain",
          "nature--terrain",
          "nature--terrain",
          "nature--terrain",
          "nature--vegetation",
          "nature--vegetation",
          "nature--vegetation",
          "nature--vegetation",
          "nature--vegetation",
          "nature--vegetation",
          "nature--vegetation",
          "nature--vegetation",
          "nature--vegetation",
          "nature--vegetation",
          "nature--vegetation",
          "nature--vegetation",
          "nature--vegetation",
          "nature--vegetation",
          "nature--vegetation",
          "nature--vegetation",
          "nature--vegetation",
          "nature--vegetation",
          "nature--vegetation",
          "nature--vegetation",
          "nature--vegetation",
          "nature--vegetation",
          "nature--vegetation",
          "nature--vegetation",
          "nature--vegetation",
          "object--wire-group",
          "object--wire-group",
          "object--wire-group",
          "object--wire-group",
          "object--wire-group",
          "object--wire-group",
          "object--wire-group",
          "object--wire-group",
          "object--wire-group",
          "object--wire-group",
          "object--wire-group",
          "object--wire-group",
          "object--wire-group",
          "object--wire-group",
          "object--wire-group",
          "object--wire-group",
          "void--ego-vehicle",
          "void--ego-vehicle",
          "void--ego-vehicle",
          "void--unlabeled",
          "void--unlabeled",
          "void--unlabeled",
          "void--unlabeled",
          "void--unlabeled",
          "void--unlabeled",
          "void--unlabeled",
          "void--unlabeled",
          "void--unlabeled",
          "void--unlabeled",
          "void--unlabeled",
          "void--unlabeled",
          "void--unlabeled",
          "void--unlabeled",
          "void--unlabeled",
          "void--unlabeled",
          "void--unlabeled",
          "void--unlabeled",
          "void--unlabeled",
          "void--unlabeled",
          "void--unlabeled",
          "void--unlabeled",
          "void--unlabeled",
          "void--unlabeled",
          "void--unlabeled",
          "void--unlabeled",
          "void--unlabeled",
          "void--unlabeled",
          "void--unlabeled",
          "void--unlabeled",
          "void--unlabeled",
          "void--unlabeled",
          "void--unlabeled",
          "void--unlabeled",
          "void--unlabeled",
          "void--unlabeled",
          "void--unlabeled",
          "void--unlabeled",
          "void--unlabeled",
          "void--unlabeled",
          "void--unlabeled",
          "void--unlabeled",
          "void--unlabeled",
          "void--unlabeled",
          "void--unlabeled",
          "void--unlabeled",
          "void--unlabeled",
          "void--unlabeled",
          "void--unlabeled",
          "void--unlabeled",
          "void--unlabeled",
          "void--unlabeled",
          "void--unlabeled",
          "void--unlabeled",
          "void--unlabeled",
          "void--unlabeled",
          "void--unlabeled",
          "void--unlabeled",
          "void--unlabeled",
          "void--unlabeled",
          "void--unlabeled",
          "void--unlabeled",
          "void--unlabeled",
          "void--unlabeled",
          "void--unlabeled",
          "void--unlabeled",
          "void--unlabeled",
          "void--unlabeled",
          "void--unlabeled",
          "void--unlabeled",
          "void--unlabeled",
          "void--unlabeled",
          "void--unlabeled",
          "void--unlabeled",
          "void--unlabeled",
          "void--unlabeled",
          "void--unlabeled",
          "void--unlabeled",
          "void--unlabeled",
          "void--unlabeled",
          "void--unlabeled",
          "void--unlabeled",
          "void--unlabeled",
          "void--unlabeled",
          "void--unlabeled",
          "void--unlabeled",
          "void--unlabeled",
          "void--unlabeled",
          "void--unlabeled",
          "void--unlabeled",
          "void--unlabeled",
          "void--unlabeled",
          "void--unlabeled",
          "void--unlabeled",
          "void--unlabeled",
          "void--unlabeled",
          "void--unlabeled",
          "void--unlabeled",
          "void--unlabeled",
          "void--unlabeled",
          "void--unlabeled",
          "void--unlabeled",
          "void--unlabeled",
          "void--unlabeled",
          "void--unlabeled",
          "void--unlabeled",
          "void--unlabeled",
          "void--unlabeled",
          "void--unlabeled",
          "void--unlabeled",
          "void--unlabeled",
          "void--unlabeled",
          "void--unlabeled",
          "void--unlabeled",
          "void--unlabeled",
          "void--unlabeled",
          "void--unlabeled",
          "void--unlabeled",
          "void--unlabeled",
          "void--unlabeled",
          "void--unlabeled",
          "void--unlabeled",
          "void--unlabeled",
          "void--unlabeled",
          "void--unlabeled",
          "void--unlabeled",
          "void--unlabeled",
          "void--unlabeled",
          "void--unlabeled",
          "object--vehicle--car",
          "object--vehicle--car",
          "object--traffic-sign--front",
          "human--person--individual",
          "object--traffic-sign--front",
          "object--support--utility-pole",
          "object--vehicle--car",
          "object--support--utility-pole",
          "object--street-light",
          "object--vehicle--car",
          "object--vehicle--car",
          "object--vehicle--car",
          "object--support--utility-pole",
          "object--support--utility-pole",
          "object--support--pole",
          "object--vehicle--car",
          "object--support--utility-pole",
          "object--vehicle--car",
          "object--traffic-sign--front",
          "object--support--pole",
          "object--vehicle--car",
          "object--support--utility-pole",
          "object--support--pole",
          "object--vehicle--car",
          "object--vehicle--car",
          "object--support--pole",
          "object--support--pole",
          "object--support--utility-pole",
          "object--vehicle--car",
          "object--vehicle--motorcycle",
          "object--support--pole"
        ]
      }
    },
    {
      "type": "Feature",
      "geometry": {
        "type": "Point",
        "coordinates": [
          -77.062217071886,
          -12.093816243064
        ]
      },
      "properties": {
        "id_imagen": "1285545856121885",
        "fecha_captura_timestamp": 1728155965000,
        "angulo_camara": 193.764,
        "id_secuencia": "uIrpRxJHyVvzQ6MmYCw4jB",
        "url_miniatura": "https://scontent.flim12-1.fna.fbcdn.net/m1/v/t6/An9tpFpu1SG-cOGJBLArscZ8abxmVzjffCoof6TjbvIQ3vii0RyOqB0_KVVzbPjzlsWDtYcpyAiDPJoEoTWkxvPljBFl2RzEyOiJo_RZqOklQRttCGmDeQrSxZBTauUEgPRuAfqTmR3LsgBh6sXrkLg?stp=s1024x512&edm=AOnQwmMEAAAA&_nc_gid=0kDO5xDpB4llY1RWeD9vKw&_nc_oc=Adrz7vNetQGYF-JvDWZrA9iseEt7hcDIKW8GEzFii9j5t_HHJPLdNLCweHr-0Gen8UoKxk16AxF0FXkBnj1-YDIY&ccb=10-5&oh=00_AQLv136m1eer7rMoRgR8EvpC8rVXqg7nTonlu63OD2YUNg&oe=6AC839B4&_nc_sid=201bca",
        "tipo_camara": "spherical",
        "marca": "GoPro",
        "modelo": "GoPro Max",
        "es_panoramica": true,
        "calidad": 0.87,
        "cantidad_objetos_detectados": 574,
        "objetos_detectados": [
          "construction--barrier--curb",
          "construction--barrier--curb",
          "construction--barrier--curb",
          "construction--barrier--curb",
          "construction--barrier--curb",
          "construction--barrier--curb",
          "construction--flat--sidewalk",
          "construction--barrier--curb",
          "construction--barrier--curb",
          "construction--barrier--curb",
          "construction--flat--parking",
          "construction--barrier--curb",
          "construction--barrier--curb",
          "construction--barrier--curb",
          "construction--barrier--curb",
          "construction--flat--road",
          "construction--flat--parking",
          "construction--flat--road",
          "construction--barrier--curb",
          "construction--flat--road",
          "construction--flat--road",
          "construction--flat--road",
          "construction--barrier--curb",
          "construction--barrier--curb",
          "construction--barrier--curb",
          "construction--barrier--curb",
          "construction--barrier--curb",
          "construction--flat--road",
          "construction--barrier--curb",
          "construction--flat--parking",
          "construction--flat--parking",
          "construction--flat--parking",
          "construction--flat--road",
          "construction--flat--road",
          "construction--flat--road",
          "construction--flat--road",
          "construction--flat--parking",
          "construction--flat--road",
          "construction--flat--parking",
          "construction--barrier--curb",
          "construction--flat--road",
          "construction--flat--road",
          "construction--flat--road",
          "construction--flat--road",
          "construction--barrier--curb",
          "construction--flat--road",
          "construction--flat--road",
          "construction--flat--road",
          "construction--barrier--curb",
          "construction--flat--road",
          "construction--flat--sidewalk",
          "construction--flat--sidewalk",
          "construction--flat--sidewalk",
          "construction--flat--sidewalk",
          "construction--flat--sidewalk",
          "construction--flat--sidewalk",
          "construction--flat--sidewalk",
          "construction--flat--sidewalk",
          "construction--flat--sidewalk",
          "construction--flat--sidewalk",
          "construction--flat--sidewalk",
          "construction--flat--sidewalk",
          "construction--flat--sidewalk",
          "construction--flat--sidewalk",
          "construction--flat--sidewalk",
          "construction--flat--sidewalk",
          "construction--flat--sidewalk",
          "construction--flat--sidewalk",
          "construction--flat--sidewalk",
          "construction--flat--sidewalk",
          "construction--flat--sidewalk",
          "construction--flat--sidewalk",
          "construction--flat--sidewalk",
          "construction--flat--sidewalk",
          "construction--structure--building",
          "construction--structure--building",
          "construction--structure--building",
          "construction--structure--building",
          "construction--structure--building",
          "construction--structure--building",
          "construction--structure--building",
          "construction--structure--building",
          "construction--structure--building",
          "construction--structure--building",
          "construction--structure--building",
          "construction--structure--building",
          "construction--structure--building",
          "construction--structure--building",
          "construction--structure--building",
          "construction--structure--building",
          "construction--structure--building",
          "construction--structure--building",
          "construction--structure--building",
          "construction--structure--building",
          "construction--structure--building",
          "construction--structure--building",
          "construction--structure--building",
          "construction--structure--building",
          "construction--structure--building",
          "construction--structure--building",
          "construction--structure--building",
          "construction--structure--building",
          "construction--structure--building",
          "construction--structure--building",
          "construction--structure--building",
          "construction--structure--building",
          "construction--structure--building",
          "construction--structure--building",
          "construction--structure--building",
          "construction--structure--building",
          "construction--structure--building",
          "construction--structure--building",
          "construction--structure--building",
          "construction--structure--building",
          "construction--structure--building",
          "construction--structure--building",
          "construction--structure--building",
          "construction--structure--building",
          "construction--structure--building",
          "construction--structure--building",
          "construction--structure--building",
          "construction--structure--building",
          "construction--structure--building",
          "construction--structure--building",
          "construction--structure--building",
          "construction--structure--building",
          "construction--structure--building",
          "construction--structure--building",
          "construction--structure--building",
          "construction--structure--building",
          "construction--structure--building",
          "nature--sky",
          "nature--sky",
          "nature--sky",
          "nature--sky",
          "nature--sky",
          "nature--sky",
          "nature--sky",
          "nature--sky",
          "nature--sky",
          "nature--sky",
          "nature--sky",
          "nature--sky",
          "nature--sky",
          "nature--sky",
          "nature--sky",
          "nature--sky",
          "nature--sky",
          "nature--sky",
          "nature--sky",
          "nature--sky",
          "nature--sky",
          "nature--sky",
          "nature--sky",
          "nature--sky",
          "nature--sky",
          "nature--sky",
          "nature--sky",
          "nature--sky",
          "nature--sky",
          "nature--sky",
          "nature--sky",
          "nature--sky",
          "nature--sky",
          "nature--sky",
          "nature--sky",
          "nature--sky",
          "nature--terrain",
          "nature--sky",
          "nature--terrain",
          "nature--terrain",
          "nature--terrain",
          "nature--terrain",
          "nature--terrain",
          "nature--terrain",
          "nature--terrain",
          "nature--terrain",
          "nature--terrain",
          "nature--terrain",
          "nature--terrain",
          "nature--terrain",
          "nature--vegetation",
          "nature--vegetation",
          "nature--vegetation",
          "nature--vegetation",
          "nature--vegetation",
          "nature--vegetation",
          "nature--vegetation",
          "nature--vegetation",
          "nature--vegetation",
          "nature--vegetation",
          "nature--vegetation",
          "nature--vegetation",
          "nature--vegetation",
          "nature--vegetation",
          "nature--vegetation",
          "nature--vegetation",
          "nature--vegetation",
          "nature--vegetation",
          "nature--vegetation",
          "nature--vegetation",
          "nature--vegetation",
          "nature--vegetation",
          "nature--vegetation",
          "nature--vegetation",
          "nature--vegetation",
          "nature--vegetation",
          "nature--vegetation",
          "nature--vegetation",
          "nature--vegetation",
          "nature--vegetation",
          "nature--vegetation",
          "nature--vegetation",
          "object--wire-group",
          "object--wire-group",
          "object--wire-group",
          "object--wire-group",
          "object--wire-group",
          "object--wire-group",
          "object--wire-group",
          "object--wire-group",
          "object--wire-group",
          "object--wire-group",
          "object--wire-group",
          "object--wire-group",
          "object--wire-group",
          "object--wire-group",
          "object--wire-group",
          "object--wire-group",
          "object--wire-group",
          "object--wire-group",
          "object--wire-group",
          "object--wire-group",
          "object--wire-group",
          "object--wire-group",
          "object--wire-group",
          "object--wire-group",
          "object--wire-group",
          "object--wire-group",
          "object--wire-group",
          "object--wire-group",
          "object--wire-group",
          "object--wire-group",
          "object--wire-group",
          "object--wire-group",
          "void--ego-vehicle",
          "void--ego-vehicle",
          "void--ego-vehicle",
          "void--ground",
          "void--ground",
          "void--ground",
          "void--ground",
          "void--ground",
          "void--ground",
          "void--ground",
          "void--ground",
          "void--ground",
          "void--ground",
          "void--ground",
          "void--ground",
          "void--ground",
          "void--ground",
          "void--ground",
          "void--ground",
          "void--ground",
          "void--ground",
          "void--ground",
          "void--unlabeled",
          "void--ground",
          "void--unlabeled",
          "void--unlabeled",
          "void--unlabeled",
          "void--unlabeled",
          "void--unlabeled",
          "void--unlabeled",
          "void--unlabeled",
          "void--unlabeled",
          "void--unlabeled",
          "void--unlabeled",
          "void--unlabeled",
          "void--unlabeled",
          "void--unlabeled",
          "void--unlabeled",
          "void--unlabeled",
          "void--unlabeled",
          "void--unlabeled",
          "void--unlabeled",
          "void--unlabeled",
          "void--unlabeled",
          "void--unlabeled",
          "void--unlabeled",
          "void--unlabeled",
          "void--unlabeled",
          "void--unlabeled",
          "void--unlabeled",
          "void--unlabeled",
          "void--unlabeled",
          "void--unlabeled",
          "void--unlabeled",
          "void--unlabeled",
          "void--unlabeled",
          "void--unlabeled",
          "void--unlabeled",
          "void--unlabeled",
          "void--unlabeled",
          "void--unlabeled",
          "void--unlabeled",
          "void--unlabeled",
          "void--unlabeled",
          "void--unlabeled",
          "void--unlabeled",
          "void--unlabeled",
          "void--unlabeled",
          "void--unlabeled",
          "void--unlabeled",
          "void--unlabeled",
          "void--unlabeled",
          "void--unlabeled",
          "void--unlabeled",
          "void--unlabeled",
          "void--unlabeled",
          "void--unlabeled",
          "void--unlabeled",
          "void--unlabeled",
          "void--unlabeled",
          "void--unlabeled",
          "void--unlabeled",
          "void--unlabeled",
          "void--unlabeled",
          "void--unlabeled",
          "void--unlabeled",
          "void--unlabeled",
          "void--unlabeled",
          "void--unlabeled",
          "void--unlabeled",
          "void--unlabeled",
          "void--unlabeled",
          "void--unlabeled",
          "void--unlabeled",
          "void--unlabeled",
          "void--unlabeled",
          "void--unlabeled",
          "void--unlabeled",
          "void--unlabeled",
          "void--unlabeled",
          "void--unlabeled",
          "void--unlabeled",
          "void--unlabeled",
          "void--unlabeled",
          "void--unlabeled",
          "void--unlabeled",
          "void--unlabeled",
          "void--unlabeled",
          "void--unlabeled",
          "void--unlabeled",
          "void--unlabeled",
          "void--unlabeled",
          "void--unlabeled",
          "void--unlabeled",
          "void--unlabeled",
          "void--unlabeled",
          "void--unlabeled",
          "void--unlabeled",
          "void--unlabeled",
          "void--unlabeled",
          "void--unlabeled",
          "void--unlabeled",
          "void--unlabeled",
          "void--unlabeled",
          "void--unlabeled",
          "void--unlabeled",
          "void--unlabeled",
          "void--unlabeled",
          "void--unlabeled",
          "void--unlabeled",
          "void--unlabeled",
          "void--unlabeled",
          "void--unlabeled",
          "void--unlabeled",
          "void--unlabeled",
          "void--unlabeled",
          "void--unlabeled",
          "void--unlabeled",
          "void--unlabeled",
          "void--unlabeled",
          "void--unlabeled",
          "void--unlabeled",
          "void--unlabeled",
          "void--unlabeled",
          "void--unlabeled",
          "void--unlabeled",
          "void--unlabeled",
          "void--unlabeled",
          "void--unlabeled",
          "void--unlabeled",
          "void--unlabeled",
          "void--unlabeled",
          "void--unlabeled",
          "void--unlabeled",
          "void--unlabeled",
          "void--unlabeled",
          "void--unlabeled",
          "void--unlabeled",
          "void--unlabeled",
          "void--unlabeled",
          "void--unlabeled",
          "void--unlabeled",
          "void--unlabeled",
          "void--unlabeled",
          "void--unlabeled",
          "void--unlabeled",
          "void--unlabeled",
          "void--unlabeled",
          "void--unlabeled",
          "void--unlabeled",
          "void--unlabeled",
          "void--unlabeled",
          "void--unlabeled",
          "void--unlabeled",
          "void--unlabeled",
          "void--unlabeled",
          "void--unlabeled",
          "void--unlabeled",
          "void--unlabeled",
          "void--unlabeled",
          "void--unlabeled",
          "void--unlabeled",
          "void--unlabeled",
          "void--unlabeled",
          "void--unlabeled",
          "void--unlabeled",
          "void--unlabeled",
          "void--unlabeled",
          "void--unlabeled",
          "void--unlabeled",
          "void--unlabeled",
          "void--unlabeled",
          "void--unlabeled",
          "void--unlabeled",
          "void--unlabeled",
          "void--unlabeled",
          "void--unlabeled",
          "void--unlabeled",
          "void--unlabeled",
          "void--unlabeled",
          "void--unlabeled",
          "void--unlabeled",
          "void--unlabeled",
          "void--unlabeled",
          "void--unlabeled",
          "void--unlabeled",
          "void--unlabeled",
          "void--unlabeled",
          "void--unlabeled",
          "void--unlabeled",
          "void--unlabeled",
          "void--unlabeled",
          "void--unlabeled",
          "void--unlabeled",
          "void--unlabeled",
          "void--unlabeled",
          "void--unlabeled",
          "void--unlabeled",
          "void--unlabeled",
          "void--unlabeled",
          "void--unlabeled",
          "void--unlabeled",
          "void--unlabeled",
          "void--unlabeled",
          "void--unlabeled",
          "void--unlabeled",
          "void--unlabeled",
          "void--unlabeled",
          "void--unlabeled",
          "void--unlabeled",
          "void--unlabeled",
          "void--unlabeled",
          "void--unlabeled",
          "void--unlabeled",
          "void--unlabeled",
          "void--unlabeled",
          "void--unlabeled",
          "void--unlabeled",
          "void--unlabeled",
          "void--unlabeled",
          "void--unlabeled",
          "void--unlabeled",
          "void--unlabeled",
          "void--unlabeled",
          "void--unlabeled",
          "void--unlabeled",
          "void--unlabeled",
          "void--unlabeled",
          "void--unlabeled",
          "void--unlabeled",
          "void--unlabeled",
          "void--unlabeled",
          "void--unlabeled",
          "void--unlabeled",
          "void--unlabeled",
          "void--unlabeled",
          "void--unlabeled",
          "void--unlabeled",
          "void--unlabeled",
          "object--vehicle--car",
          "object--vehicle--car",
          "object--vehicle--car",
          "object--vehicle--car",
          "object--vehicle--car",
          "object--vehicle--motorcycle",
          "object--vehicle--car",
          "object--support--pole",
          "object--traffic-sign--front",
          "object--traffic-sign--back",
          "object--vehicle--car",
          "object--vehicle--car",
          "object--vehicle--car",
          "object--support--utility-pole",
          "object--street-light",
          "object--support--utility-pole",
          "object--vehicle--car",
          "human--person--individual",
          "object--support--utility-pole",
          "object--support--utility-pole",
          "object--support--pole",
          "object--support--utility-pole",
          "marking--discrete--crosswalk-zebra",
          "object--support--pole",
          "object--support--utility-pole",
          "object--vehicle--car",
          "object--traffic-sign--front",
          "object--sign--advertisement",
          "object--junction-box",
          "object--street-light",
          "object--support--utility-pole",
          "object--support--utility-pole",
          "object--street-light",
          "object--sign--advertisement",
          "object--vehicle--car",
          "object--vehicle--car",
          "object--support--pole",
          "object--vehicle--car",
          "object--sign--store",
          "object--vehicle--car",
          "object--support--pole",
          "object--sign--advertisement",
          "human--rider--motorcyclist",
          "object--support--utility-pole",
          "construction--flat--driveway",
          "object--manhole",
          "object--support--utility-pole",
          "object--sign--advertisement",
          "object--support--pole",
          "object--support--pole",
          "object--vehicle--car",
          "object--manhole",
          "object--support--pole",
          "object--street-light",
          "object--vehicle--car",
          "object--vehicle--car",
          "object--vehicle--car",
          "marking--discrete--crosswalk-zebra",
          "object--support--utility-pole",
          "object--support--utility-pole",
          "marking--discrete--other-marking",
          "object--banner",
          "object--support--pole",
          "object--vehicle--car",
          "marking--discrete--crosswalk-zebra",
          "object--vehicle--car",
          "object--support--utility-pole",
          "object--support--pole",
          "object--vehicle--car",
          "object--street-light"
        ]
      }
    },
    {
      "type": "Feature",
      "geometry": {
        "type": "Point",
        "coordinates": [
          -77.062193749086,
          -12.093531448688
        ]
      },
      "properties": {
        "id_imagen": "1714874929298679",
        "fecha_captura_timestamp": 1728155963791,
        "angulo_camara": 188.78117969764,
        "id_secuencia": "LJwVmIq5WZ6hkaDcBvpd9b",
        "url_miniatura": "https://scontent.flim12-1.fna.fbcdn.net/m1/v/t6/An_X_SUBPzxdeb7ncyd_EGOLuT1tU3EDMvLnf1Npc5XfsfNIrR2nBAEZdlvPpupgBy9lN5EiN7d0V4heKU6yysKufg-guBwfD4vBkA2RkC__nFuaJBMqS4P6kqNG2I0YeM9DTk2M84pd7i7Pj77b9mQ?stp=s1024x576&edm=AOnQwmMEAAAA&_nc_gid=0kDO5xDpB4llY1RWeD9vKw&_nc_oc=Adq3wJ1SBTCht3YOgKweEWv5NfvhhF0nkXX9twYUo_Qv2fzC1_qALlHAxCTZ4RlYFNo7pJlAVhKZEtniX4Xgz4W1&ccb=10-5&oh=00_AQK2-cm2czDif0iZoJ6cW7cpGJSPh29cCd5C87U4LT2PBw&oe=6AC84CB1&_nc_sid=201bca",
        "tipo_camara": "perspective",
        "marca": "none",
        "modelo": "none",
        "es_panoramica": false,
        "calidad": 0.61,
        "cantidad_objetos_detectados": 283,
        "objetos_detectados": [
          "construction--barrier--curb",
          "construction--barrier--curb",
          "construction--barrier--curb",
          "construction--barrier--curb",
          "construction--barrier--curb",
          "construction--flat--road",
          "construction--flat--road",
          "construction--flat--parking",
          "construction--flat--pedestrian-area",
          "construction--flat--road",
          "construction--flat--pedestrian-area",
          "construction--flat--parking",
          "construction--flat--road",
          "construction--flat--curb-cut",
          "construction--flat--road",
          "construction--flat--road",
          "construction--flat--road",
          "construction--barrier--curb",
          "construction--flat--road",
          "construction--flat--road",
          "construction--flat--parking",
          "construction--flat--road",
          "construction--flat--road",
          "construction--flat--pedestrian-area",
          "construction--flat--road",
          "construction--flat--road",
          "construction--flat--road",
          "construction--flat--road",
          "construction--flat--curb-cut",
          "construction--barrier--curb",
          "construction--barrier--curb",
          "construction--barrier--curb",
          "construction--barrier--curb",
          "construction--barrier--curb",
          "construction--barrier--curb",
          "construction--barrier--fence",
          "construction--barrier--curb",
          "construction--barrier--curb",
          "construction--barrier--curb",
          "construction--barrier--curb",
          "construction--flat--curb-cut",
          "construction--barrier--fence",
          "construction--flat--curb-cut",
          "construction--flat--curb-cut",
          "construction--flat--curb-cut",
          "construction--flat--parking",
          "construction--flat--parking",
          "construction--flat--parking",
          "construction--flat--parking",
          "construction--barrier--curb",
          "construction--flat--road",
          "construction--flat--road",
          "construction--flat--sidewalk",
          "construction--flat--sidewalk",
          "construction--flat--sidewalk",
          "construction--flat--sidewalk",
          "construction--structure--building",
          "construction--structure--building",
          "construction--structure--building",
          "construction--structure--building",
          "construction--structure--building",
          "construction--structure--building",
          "construction--structure--building",
          "construction--structure--building",
          "construction--structure--building",
          "construction--structure--building",
          "construction--structure--building",
          "construction--structure--building",
          "construction--flat--sidewalk",
          "construction--structure--building",
          "construction--structure--building",
          "construction--structure--building",
          "construction--flat--sidewalk",
          "construction--flat--sidewalk",
          "construction--flat--sidewalk",
          "construction--flat--sidewalk",
          "construction--flat--sidewalk",
          "construction--flat--sidewalk",
          "construction--flat--sidewalk",
          "construction--structure--building",
          "construction--structure--building",
          "construction--structure--building",
          "construction--structure--building",
          "construction--structure--building",
          "construction--structure--building",
          "construction--structure--building",
          "nature--sky",
          "construction--structure--building",
          "nature--sky",
          "nature--sky",
          "nature--sky",
          "nature--sky",
          "nature--sky",
          "nature--sky",
          "nature--sky",
          "nature--sky",
          "nature--sky",
          "nature--sky",
          "nature--sky",
          "nature--sky",
          "nature--sky",
          "nature--sky",
          "nature--terrain",
          "nature--terrain",
          "nature--terrain",
          "nature--vegetation",
          "nature--terrain",
          "nature--vegetation",
          "nature--vegetation",
          "nature--vegetation",
          "nature--vegetation",
          "nature--vegetation",
          "nature--vegetation",
          "nature--vegetation",
          "nature--vegetation",
          "nature--vegetation",
          "nature--vegetation",
          "nature--vegetation",
          "nature--vegetation",
          "nature--vegetation",
          "nature--vegetation",
          "nature--vegetation",
          "nature--vegetation",
          "nature--vegetation",
          "nature--vegetation",
          "object--wire-group",
          "object--wire-group",
          "object--wire-group",
          "object--wire-group",
          "object--wire-group",
          "object--wire-group",
          "object--wire-group",
          "object--wire-group",
          "object--wire-group",
          "object--wire-group",
          "void--ego-vehicle",
          "object--wire-group",
          "object--wire-group",
          "object--wire-group",
          "void--ego-vehicle",
          "void--ego-vehicle",
          "void--ground",
          "void--ground",
          "void--ground",
          "void--ground",
          "void--ground",
          "void--ground",
          "void--ground",
          "void--ground",
          "void--ground",
          "void--ground",
          "void--ground",
          "void--ground",
          "void--ground",
          "void--ground",
          "void--ground",
          "void--ground",
          "void--unlabeled",
          "void--unlabeled",
          "void--unlabeled",
          "void--unlabeled",
          "void--unlabeled",
          "void--unlabeled",
          "void--unlabeled",
          "void--unlabeled",
          "void--unlabeled",
          "void--unlabeled",
          "void--unlabeled",
          "void--unlabeled",
          "void--unlabeled",
          "void--unlabeled",
          "void--unlabeled",
          "void--unlabeled",
          "void--unlabeled",
          "void--unlabeled",
          "void--unlabeled",
          "void--unlabeled",
          "void--unlabeled",
          "void--unlabeled",
          "void--unlabeled",
          "void--unlabeled",
          "void--unlabeled",
          "void--unlabeled",
          "void--unlabeled",
          "void--unlabeled",
          "void--unlabeled",
          "void--unlabeled",
          "void--unlabeled",
          "void--unlabeled",
          "void--unlabeled",
          "void--unlabeled",
          "void--unlabeled",
          "void--unlabeled",
          "void--unlabeled",
          "void--unlabeled",
          "void--unlabeled",
          "void--unlabeled",
          "void--unlabeled",
          "void--unlabeled",
          "void--unlabeled",
          "void--unlabeled",
          "void--unlabeled",
          "void--unlabeled",
          "void--unlabeled",
          "void--unlabeled",
          "void--unlabeled",
          "void--unlabeled",
          "void--unlabeled",
          "void--unlabeled",
          "void--unlabeled",
          "void--unlabeled",
          "void--unlabeled",
          "void--unlabeled",
          "void--unlabeled",
          "void--unlabeled",
          "void--unlabeled",
          "void--unlabeled",
          "void--unlabeled",
          "void--unlabeled",
          "void--unlabeled",
          "void--unlabeled",
          "void--unlabeled",
          "void--unlabeled",
          "void--unlabeled",
          "void--unlabeled",
          "void--unlabeled",
          "void--unlabeled",
          "void--unlabeled",
          "void--unlabeled",
          "void--unlabeled",
          "void--unlabeled",
          "void--unlabeled",
          "void--unlabeled",
          "void--unlabeled",
          "void--unlabeled",
          "void--unlabeled",
          "void--unlabeled",
          "void--unlabeled",
          "void--unlabeled",
          "void--unlabeled",
          "void--unlabeled",
          "void--unlabeled",
          "void--unlabeled",
          "void--unlabeled",
          "void--unlabeled",
          "void--unlabeled",
          "void--unlabeled",
          "void--unlabeled",
          "void--unlabeled",
          "void--unlabeled",
          "void--unlabeled",
          "void--unlabeled",
          "void--unlabeled",
          "void--unlabeled",
          "void--unlabeled",
          "void--unlabeled",
          "void--unlabeled",
          "void--unlabeled",
          "void--unlabeled",
          "void--unlabeled",
          "void--unlabeled",
          "void--unlabeled",
          "void--unlabeled",
          "void--unlabeled",
          "void--unlabeled",
          "void--unlabeled",
          "void--unlabeled",
          "void--unlabeled",
          "void--unlabeled",
          "void--unlabeled",
          "void--unlabeled",
          "object--traffic-sign--front",
          "object--vehicle--car",
          "object--vehicle--car",
          "object--vehicle--car",
          "human--person--individual",
          "object--vehicle--motorcycle",
          "object--support--utility-pole",
          "object--support--pole",
          "object--support--pole",
          "object--traffic-sign--front",
          "object--support--utility-pole",
          "human--rider--motorcyclist"
        ]
      }
    },
    {
      "type": "Feature",
      "geometry": {
        "type": "Point",
        "coordinates": [
          -77.062169779944,
          -12.093456039475
        ]
      },
      "properties": {
        "id_imagen": "414125135083885",
        "fecha_captura_timestamp": 1728155962590,
        "angulo_camara": 192.33902034635,
        "id_secuencia": "LJwVmIq5WZ6hkaDcBvpd9b",
        "url_miniatura": "https://scontent.flim12-1.fna.fbcdn.net/m1/v/t6/An_dvup8kN-S_msqjISHj8tyBTChBx_onqcjJZ5tsIx2E8iFd9RBlPaj20LvLxO0UYhIrBGuaJMfZtyTIEkY4FzPLM_TVgl57e4l5dE5SszENTnoMIGUNOJ_DtcGnVlsacf51VbjbxyRVa1l6O42Tw?stp=s1024x576&edm=AOnQwmMEAAAA&_nc_gid=0kDO5xDpB4llY1RWeD9vKw&_nc_oc=AdoiAi43V6ASHFhMxxvn0MAdogLhVCU6x8U0BvFR2BFRl6v1-L30LnYnHCpFSluma4nvfhFmuZcSTe--nwZNItXV&ccb=10-5&oh=00_AQJBItpOo7ry0AVSOEVbpqduLjzmRNFdGc3M97MWFIOMpA&oe=6AC869AA&_nc_sid=201bca",
        "tipo_camara": "perspective",
        "marca": "none",
        "modelo": "none",
        "es_panoramica": false,
        "calidad": 0.651,
        "cantidad_objetos_detectados": 269,
        "objetos_detectados": [
          "construction--barrier--curb",
          "construction--barrier--fence",
          "construction--flat--parking",
          "construction--flat--parking",
          "construction--flat--parking",
          "construction--flat--parking",
          "construction--flat--parking",
          "construction--flat--road",
          "construction--flat--road",
          "construction--flat--road",
          "construction--flat--road",
          "construction--flat--road",
          "construction--flat--road",
          "construction--flat--road",
          "construction--flat--road",
          "construction--flat--road",
          "construction--barrier--curb",
          "construction--flat--sidewalk",
          "construction--flat--sidewalk",
          "construction--flat--sidewalk",
          "construction--flat--sidewalk",
          "construction--structure--building",
          "construction--barrier--curb",
          "construction--barrier--curb",
          "construction--barrier--curb",
          "construction--flat--sidewalk",
          "construction--barrier--curb",
          "construction--barrier--curb",
          "construction--barrier--curb",
          "construction--barrier--curb",
          "construction--barrier--curb",
          "construction--barrier--fence",
          "construction--barrier--fence",
          "construction--flat--sidewalk",
          "construction--flat--road",
          "construction--flat--road",
          "construction--flat--road",
          "construction--flat--road",
          "construction--flat--road",
          "construction--flat--road",
          "construction--flat--sidewalk",
          "construction--flat--sidewalk",
          "construction--flat--road",
          "construction--flat--sidewalk",
          "construction--flat--sidewalk",
          "construction--flat--sidewalk",
          "construction--flat--sidewalk",
          "construction--flat--sidewalk",
          "construction--flat--sidewalk",
          "construction--flat--sidewalk",
          "construction--structure--building",
          "construction--structure--building",
          "construction--structure--building",
          "construction--structure--building",
          "construction--structure--building",
          "construction--structure--building",
          "construction--structure--building",
          "construction--structure--building",
          "construction--structure--building",
          "construction--structure--building",
          "construction--structure--building",
          "construction--structure--building",
          "construction--structure--building",
          "construction--structure--building",
          "construction--structure--building",
          "construction--structure--building",
          "construction--structure--building",
          "construction--structure--building",
          "construction--structure--building",
          "construction--structure--building",
          "construction--structure--building",
          "construction--structure--building",
          "construction--structure--building",
          "construction--structure--building",
          "construction--structure--building",
          "construction--structure--building",
          "nature--sky",
          "nature--sky",
          "nature--sky",
          "nature--sky",
          "nature--sky",
          "nature--sky",
          "nature--sky",
          "nature--sky",
          "nature--sky",
          "nature--sky",
          "nature--sky",
          "nature--sky",
          "nature--sky",
          "nature--sky",
          "nature--sky",
          "nature--sky",
          "nature--sky",
          "nature--sky",
          "nature--vegetation",
          "nature--vegetation",
          "nature--vegetation",
          "nature--vegetation",
          "nature--vegetation",
          "nature--vegetation",
          "nature--vegetation",
          "object--wire-group",
          "object--wire-group",
          "object--wire-group",
          "object--wire-group",
          "object--wire-group",
          "object--wire-group",
          "object--wire-group",
          "object--wire-group",
          "object--wire-group",
          "object--wire-group",
          "object--wire-group",
          "object--wire-group",
          "object--wire-group",
          "object--wire-group",
          "object--wire-group",
          "void--ego-vehicle",
          "void--ego-vehicle",
          "void--ego-vehicle",
          "void--ego-vehicle",
          "void--ego-vehicle",
          "void--ego-vehicle",
          "void--ground",
          "void--ground",
          "void--ground",
          "void--ground",
          "void--ground",
          "void--ground",
          "void--ground",
          "void--ground",
          "void--ground",
          "void--unlabeled",
          "void--unlabeled",
          "void--unlabeled",
          "void--unlabeled",
          "void--unlabeled",
          "void--unlabeled",
          "void--unlabeled",
          "void--unlabeled",
          "void--unlabeled",
          "void--unlabeled",
          "void--unlabeled",
          "void--unlabeled",
          "void--unlabeled",
          "void--unlabeled",
          "void--unlabeled",
          "void--unlabeled",
          "void--unlabeled",
          "void--unlabeled",
          "void--unlabeled",
          "void--unlabeled",
          "void--unlabeled",
          "void--unlabeled",
          "void--unlabeled",
          "void--unlabeled",
          "void--unlabeled",
          "void--unlabeled",
          "void--unlabeled",
          "void--unlabeled",
          "void--unlabeled",
          "void--unlabeled",
          "void--unlabeled",
          "void--unlabeled",
          "void--unlabeled",
          "void--unlabeled",
          "void--unlabeled",
          "void--unlabeled",
          "void--unlabeled",
          "void--unlabeled",
          "void--unlabeled",
          "void--unlabeled",
          "void--unlabeled",
          "void--unlabeled",
          "void--unlabeled",
          "void--unlabeled",
          "void--unlabeled",
          "void--unlabeled",
          "void--unlabeled",
          "void--unlabeled",
          "void--unlabeled",
          "void--unlabeled",
          "void--unlabeled",
          "void--unlabeled",
          "void--unlabeled",
          "void--unlabeled",
          "void--unlabeled",
          "void--unlabeled",
          "void--unlabeled",
          "void--unlabeled",
          "void--unlabeled",
          "void--unlabeled",
          "void--unlabeled",
          "void--unlabeled",
          "void--unlabeled",
          "void--unlabeled",
          "void--unlabeled",
          "void--unlabeled",
          "void--unlabeled",
          "void--unlabeled",
          "void--unlabeled",
          "void--unlabeled",
          "void--unlabeled",
          "void--unlabeled",
          "void--unlabeled",
          "void--unlabeled",
          "void--unlabeled",
          "void--unlabeled",
          "void--unlabeled",
          "void--unlabeled",
          "void--unlabeled",
          "void--unlabeled",
          "void--unlabeled",
          "void--unlabeled",
          "void--unlabeled",
          "void--unlabeled",
          "void--unlabeled",
          "void--unlabeled",
          "void--unlabeled",
          "void--unlabeled",
          "void--unlabeled",
          "void--unlabeled",
          "void--unlabeled",
          "void--unlabeled",
          "void--unlabeled",
          "void--unlabeled",
          "void--unlabeled",
          "void--unlabeled",
          "void--unlabeled",
          "void--unlabeled",
          "void--unlabeled",
          "void--unlabeled",
          "void--unlabeled",
          "void--unlabeled",
          "void--unlabeled",
          "void--unlabeled",
          "void--unlabeled",
          "void--unlabeled",
          "void--unlabeled",
          "void--unlabeled",
          "void--unlabeled",
          "void--unlabeled",
          "void--unlabeled",
          "void--unlabeled",
          "void--unlabeled",
          "void--unlabeled",
          "void--unlabeled",
          "void--unlabeled",
          "void--unlabeled",
          "void--unlabeled",
          "void--unlabeled",
          "void--unlabeled",
          "void--unlabeled",
          "void--unlabeled",
          "void--unlabeled",
          "void--unlabeled",
          "void--unlabeled",
          "object--vehicle--car",
          "object--vehicle--motorcycle",
          "object--vehicle--car",
          "object--vehicle--car",
          "object--vehicle--motorcycle",
          "object--support--utility-pole",
          "object--support--utility-pole",
          "object--support--utility-pole",
          "human--rider--motorcyclist",
          "construction--flat--driveway",
          "marking--discrete--other-marking",
          "object--traffic-sign--front",
          "object--support--utility-pole"
        ]
      }
    },
    {
      "type": "Feature",
      "geometry": {
        "type": "Point",
        "coordinates": [
          -77.062378625984,
          -12.093898143594
        ]
      },
      "properties": {
        "id_imagen": "2161583660905600",
        "fecha_captura_timestamp": 1728155967590,
        "angulo_camara": 193.62165777144,
        "id_secuencia": "3OgxyZFbnRfekE78i14hYj",
        "url_miniatura": "https://scontent.flim12-1.fna.fbcdn.net/m1/v/t6/An9Ru4j_8oe-UQ4SIy2VevsEFw0POUz2ObCKWW5x6AlHzgIT5gvsAAvL1RhWZRERdTjtFXEdcg8yWoX8jk4zo_jQ0B8s_ZjwvoKbPIF6_x0W2uDLzqpNNYjwq4srpB-kwGMo63630s_Nv490BKm9zQ?stp=s1024x576&edm=AOnQwmMEAAAA&_nc_gid=0kDO5xDpB4llY1RWeD9vKw&_nc_oc=AdrjF5-9t-b2qxHeiMiWIR-ASAxDr0ZKy8f8WtPgwq0aaHg7Mid9jP6XuiRqjrymfuu0bdjo7q5MUCLGDCMeZI1A&ccb=10-5&oh=00_AQLAChdhj2Mq7FuGbacxIhbQSqcupcZ2jZT5V2rmjRPeWw&oe=6AC86C20&_nc_sid=201bca",
        "tipo_camara": "perspective",
        "marca": "none",
        "modelo": "none",
        "es_panoramica": false,
        "calidad": 0.613,
        "cantidad_objetos_detectados": 325,
        "objetos_detectados": [
          "construction--barrier--curb",
          "construction--barrier--curb",
          "construction--barrier--fence",
          "construction--barrier--fence",
          "construction--barrier--fence",
          "construction--barrier--fence",
          "construction--barrier--wall",
          "construction--barrier--wall",
          "construction--barrier--fence",
          "construction--structure--building",
          "construction--structure--building",
          "construction--structure--building",
          "construction--structure--building",
          "construction--structure--building",
          "construction--structure--building",
          "construction--structure--building",
          "construction--structure--building",
          "construction--structure--building",
          "construction--structure--building",
          "construction--structure--building",
          "construction--flat--road",
          "construction--structure--building",
          "construction--structure--building",
          "construction--structure--building",
          "construction--structure--building",
          "construction--structure--building",
          "construction--structure--building",
          "construction--structure--building",
          "construction--structure--building",
          "construction--structure--building",
          "construction--structure--building",
          "construction--flat--road",
          "construction--flat--road",
          "construction--flat--road",
          "construction--flat--road",
          "construction--flat--road",
          "construction--structure--building",
          "construction--flat--sidewalk",
          "construction--flat--sidewalk",
          "construction--structure--building",
          "construction--barrier--wall",
          "construction--structure--building",
          "construction--structure--building",
          "construction--structure--building",
          "construction--structure--building",
          "construction--structure--building",
          "construction--structure--building",
          "construction--structure--building",
          "construction--structure--building",
          "construction--structure--building",
          "construction--structure--building",
          "construction--structure--building",
          "construction--structure--building",
          "construction--structure--building",
          "construction--structure--building",
          "construction--structure--building",
          "construction--structure--building",
          "construction--structure--building",
          "construction--structure--building",
          "nature--sky",
          "nature--sky",
          "construction--structure--building",
          "nature--sky",
          "nature--sky",
          "nature--sky",
          "nature--sky",
          "nature--sky",
          "nature--sky",
          "nature--sky",
          "nature--sky",
          "nature--sky",
          "nature--sky",
          "nature--sky",
          "nature--sky",
          "nature--sky",
          "nature--sky",
          "nature--sky",
          "nature--sky",
          "nature--sky",
          "nature--sky",
          "nature--sky",
          "nature--sky",
          "nature--sky",
          "nature--sky",
          "nature--sky",
          "nature--sky",
          "nature--sky",
          "nature--sky",
          "nature--sky",
          "nature--sky",
          "nature--sky",
          "nature--sky",
          "nature--sky",
          "nature--terrain",
          "nature--terrain",
          "nature--terrain",
          "nature--terrain",
          "nature--terrain",
          "nature--terrain",
          "nature--terrain",
          "nature--terrain",
          "nature--terrain",
          "nature--terrain",
          "nature--terrain",
          "nature--terrain",
          "nature--terrain",
          "nature--vegetation",
          "nature--vegetation",
          "nature--vegetation",
          "nature--vegetation",
          "nature--vegetation",
          "nature--vegetation",
          "nature--vegetation",
          "nature--vegetation",
          "nature--vegetation",
          "nature--vegetation",
          "nature--vegetation",
          "nature--vegetation",
          "nature--vegetation",
          "nature--vegetation",
          "nature--vegetation",
          "nature--vegetation",
          "nature--vegetation",
          "nature--vegetation",
          "nature--vegetation",
          "nature--vegetation",
          "nature--vegetation",
          "nature--vegetation",
          "nature--vegetation",
          "nature--vegetation",
          "nature--vegetation",
          "nature--vegetation",
          "nature--vegetation",
          "object--wire-group",
          "object--wire-group",
          "object--wire-group",
          "object--wire-group",
          "object--wire-group",
          "object--wire-group",
          "object--wire-group",
          "object--wire-group",
          "object--wire-group",
          "object--wire-group",
          "object--wire-group",
          "object--wire-group",
          "object--wire-group",
          "object--wire-group",
          "object--wire-group",
          "object--wire-group",
          "object--wire-group",
          "object--wire-group",
          "object--wire-group",
          "object--wire-group",
          "object--wire-group",
          "object--wire-group",
          "void--ego-vehicle",
          "void--ground",
          "void--ground",
          "void--ground",
          "void--ground",
          "void--ground",
          "void--ground",
          "void--ground",
          "void--ground",
          "void--ground",
          "void--unlabeled",
          "void--unlabeled",
          "void--unlabeled",
          "void--unlabeled",
          "void--unlabeled",
          "void--unlabeled",
          "void--unlabeled",
          "void--unlabeled",
          "void--unlabeled",
          "void--unlabeled",
          "void--unlabeled",
          "void--unlabeled",
          "void--unlabeled",
          "void--unlabeled",
          "void--unlabeled",
          "void--unlabeled",
          "void--unlabeled",
          "void--unlabeled",
          "void--unlabeled",
          "void--unlabeled",
          "void--unlabeled",
          "void--unlabeled",
          "void--unlabeled",
          "void--unlabeled",
          "void--unlabeled",
          "void--unlabeled",
          "void--unlabeled",
          "void--unlabeled",
          "void--unlabeled",
          "void--unlabeled",
          "void--unlabeled",
          "void--unlabeled",
          "void--unlabeled",
          "void--unlabeled",
          "void--unlabeled",
          "void--unlabeled",
          "void--unlabeled",
          "void--unlabeled",
          "void--unlabeled",
          "void--unlabeled",
          "void--unlabeled",
          "void--unlabeled",
          "void--unlabeled",
          "void--unlabeled",
          "void--unlabeled",
          "void--unlabeled",
          "void--unlabeled",
          "void--unlabeled",
          "void--unlabeled",
          "void--unlabeled",
          "void--unlabeled",
          "void--unlabeled",
          "void--unlabeled",
          "void--unlabeled",
          "void--unlabeled",
          "void--unlabeled",
          "void--unlabeled",
          "void--unlabeled",
          "void--unlabeled",
          "void--unlabeled",
          "void--unlabeled",
          "void--unlabeled",
          "void--unlabeled",
          "void--unlabeled",
          "void--unlabeled",
          "void--unlabeled",
          "void--unlabeled",
          "void--unlabeled",
          "void--unlabeled",
          "void--unlabeled",
          "void--unlabeled",
          "void--unlabeled",
          "void--unlabeled",
          "void--unlabeled",
          "void--unlabeled",
          "void--unlabeled",
          "void--unlabeled",
          "void--unlabeled",
          "void--unlabeled",
          "void--unlabeled",
          "void--unlabeled",
          "void--unlabeled",
          "void--unlabeled",
          "void--unlabeled",
          "void--unlabeled",
          "void--unlabeled",
          "void--unlabeled",
          "void--unlabeled",
          "void--unlabeled",
          "void--unlabeled",
          "void--unlabeled",
          "void--unlabeled",
          "void--unlabeled",
          "void--unlabeled",
          "void--unlabeled",
          "void--unlabeled",
          "void--unlabeled",
          "void--unlabeled",
          "void--unlabeled",
          "void--unlabeled",
          "void--unlabeled",
          "void--unlabeled",
          "void--unlabeled",
          "void--unlabeled",
          "void--unlabeled",
          "void--unlabeled",
          "void--unlabeled",
          "void--unlabeled",
          "void--unlabeled",
          "void--unlabeled",
          "void--unlabeled",
          "void--unlabeled",
          "void--unlabeled",
          "void--unlabeled",
          "void--unlabeled",
          "void--unlabeled",
          "void--unlabeled",
          "void--unlabeled",
          "void--unlabeled",
          "void--unlabeled",
          "void--unlabeled",
          "void--unlabeled",
          "void--unlabeled",
          "void--unlabeled",
          "void--unlabeled",
          "void--unlabeled",
          "void--unlabeled",
          "void--unlabeled",
          "void--unlabeled",
          "void--unlabeled",
          "void--unlabeled",
          "object--vehicle--car",
          "object--vehicle--car",
          "object--vehicle--car",
          "object--support--pole",
          "object--vehicle--car",
          "object--street-light",
          "object--vehicle--car",
          "object--street-light",
          "object--vehicle--car",
          "object--support--utility-pole",
          "object--support--pole",
          "object--support--pole",
          "object--support--utility-pole",
          "object--support--pole",
          "object--support--pole",
          "human--person--individual",
          "object--vehicle--car",
          "object--street-light",
          "object--sign--advertisement",
          "object--vehicle--car",
          "object--support--utility-pole",
          "object--support--utility-pole",
          "object--vehicle--car",
          "object--support--pole",
          "human--person--individual",
          "object--support--utility-pole",
          "object--vehicle--car",
          "object--traffic-sign--front",
          "object--support--pole"
        ]
      }
    },
    {
      "type": "Feature",
      "geometry": {
        "type": "Point",
        "coordinates": [
          -77.062072376524,
          -12.09331593269
        ]
      },
      "properties": {
        "id_imagen": "826280629467791",
        "fecha_captura_timestamp": 1728155959400,
        "angulo_camara": 188.48724949001,
        "id_secuencia": "wvYgK3qJPaLj2zXix4GBFE",
        "url_miniatura": "https://scontent.flim12-1.fna.fbcdn.net/m1/v/t6/An_dXywmCy1J-wr0tKU7fJk3idRdMwnBn-qbaZc4N0yCKK_w0CPWoukokS-YPWRMaPMVBICBwE3LximNz0_K7YqQ_23hWhQJbWp7VT1KcRCtiBzlkPZarFmcMDmhKYWZr1JrWacLMCIrJ8Z54sQfffI?stp=s1024x576&edm=AOnQwmMEAAAA&_nc_gid=0kDO5xDpB4llY1RWeD9vKw&_nc_oc=AdqDvb_x9GCR3azA-a4OVQgczQ7cHyFoVDnoqBhjniKB-1HuqA5WCdjD-weh-_28Q5xmWmCaSeik6gEmoylIlpqP&ccb=10-5&oh=00_AQKwroGgIwqYhWPXVxjpvpqszIJb5Tgl55C-Vgk8gYVfGQ&oe=6AC85DD3&_nc_sid=201bca",
        "tipo_camara": "perspective",
        "marca": "none",
        "modelo": "none",
        "es_panoramica": false,
        "calidad": 0.579,
        "cantidad_objetos_detectados": 314,
        "objetos_detectados": [
          "construction--barrier--curb",
          "construction--barrier--curb",
          "construction--structure--building",
          "construction--flat--sidewalk",
          "construction--flat--sidewalk",
          "construction--flat--sidewalk",
          "construction--flat--sidewalk",
          "construction--flat--sidewalk",
          "construction--flat--sidewalk",
          "construction--flat--sidewalk",
          "construction--flat--sidewalk",
          "construction--structure--building",
          "construction--flat--sidewalk",
          "construction--structure--building",
          "construction--flat--sidewalk",
          "construction--structure--building",
          "construction--structure--building",
          "construction--structure--building",
          "construction--structure--building",
          "construction--structure--building",
          "construction--structure--building",
          "construction--structure--building",
          "construction--structure--building",
          "construction--structure--building",
          "construction--structure--building",
          "construction--structure--building",
          "construction--flat--road",
          "construction--barrier--curb",
          "construction--barrier--curb",
          "construction--barrier--curb",
          "construction--barrier--curb",
          "construction--barrier--curb",
          "construction--barrier--curb",
          "construction--barrier--curb",
          "construction--barrier--curb",
          "construction--barrier--curb",
          "construction--flat--road",
          "construction--flat--road",
          "construction--barrier--curb",
          "construction--flat--road",
          "construction--barrier--curb",
          "construction--flat--road",
          "construction--flat--road",
          "construction--flat--sidewalk",
          "construction--flat--sidewalk",
          "construction--flat--sidewalk",
          "construction--flat--sidewalk",
          "construction--flat--sidewalk",
          "construction--flat--sidewalk",
          "construction--flat--sidewalk",
          "construction--structure--building",
          "construction--structure--building",
          "construction--structure--building",
          "construction--structure--building",
          "construction--structure--building",
          "construction--structure--building",
          "construction--structure--building",
          "construction--structure--building",
          "construction--structure--building",
          "construction--structure--building",
          "construction--structure--building",
          "construction--structure--building",
          "construction--structure--building",
          "construction--structure--building",
          "construction--structure--building",
          "construction--structure--building",
          "construction--structure--building",
          "construction--structure--building",
          "nature--sky",
          "construction--structure--building",
          "nature--sky",
          "nature--sky",
          "nature--sky",
          "nature--sky",
          "nature--sky",
          "nature--sky",
          "nature--sky",
          "nature--sky",
          "nature--sky",
          "nature--sky",
          "nature--sky",
          "nature--sky",
          "nature--sky",
          "nature--sky",
          "nature--sky",
          "nature--terrain",
          "nature--sky",
          "nature--terrain",
          "nature--terrain",
          "nature--terrain",
          "nature--terrain",
          "nature--terrain",
          "nature--vegetation",
          "nature--vegetation",
          "nature--vegetation",
          "nature--vegetation",
          "nature--vegetation",
          "nature--vegetation",
          "nature--vegetation",
          "nature--vegetation",
          "nature--vegetation",
          "nature--vegetation",
          "nature--vegetation",
          "nature--vegetation",
          "nature--vegetation",
          "nature--vegetation",
          "nature--vegetation",
          "nature--vegetation",
          "nature--vegetation",
          "object--wire-group",
          "object--wire-group",
          "object--wire-group",
          "object--wire-group",
          "object--wire-group",
          "object--wire-group",
          "object--wire-group",
          "object--wire-group",
          "object--wire-group",
          "object--wire-group",
          "object--wire-group",
          "object--wire-group",
          "object--wire-group",
          "object--wire-group",
          "object--wire-group",
          "object--wire-group",
          "object--wire-group",
          "object--wire-group",
          "object--wire-group",
          "object--wire-group",
          "object--wire-group",
          "object--wire-group",
          "object--wire-group",
          "object--wire-group",
          "void--ego-vehicle",
          "void--ground",
          "void--ground",
          "void--ground",
          "void--ground",
          "void--static",
          "void--static",
          "void--static",
          "void--static",
          "void--unlabeled",
          "void--unlabeled",
          "void--unlabeled",
          "void--unlabeled",
          "void--unlabeled",
          "void--unlabeled",
          "void--unlabeled",
          "void--unlabeled",
          "void--unlabeled",
          "void--unlabeled",
          "void--unlabeled",
          "void--unlabeled",
          "void--unlabeled",
          "void--unlabeled",
          "void--unlabeled",
          "void--unlabeled",
          "void--unlabeled",
          "void--unlabeled",
          "void--unlabeled",
          "void--unlabeled",
          "void--unlabeled",
          "void--unlabeled",
          "void--unlabeled",
          "void--unlabeled",
          "void--unlabeled",
          "void--unlabeled",
          "void--unlabeled",
          "void--unlabeled",
          "void--unlabeled",
          "void--unlabeled",
          "void--unlabeled",
          "void--unlabeled",
          "void--unlabeled",
          "void--unlabeled",
          "void--unlabeled",
          "void--unlabeled",
          "void--unlabeled",
          "void--unlabeled",
          "void--unlabeled",
          "void--unlabeled",
          "void--unlabeled",
          "void--unlabeled",
          "void--unlabeled",
          "void--unlabeled",
          "void--unlabeled",
          "void--unlabeled",
          "void--unlabeled",
          "void--unlabeled",
          "void--unlabeled",
          "void--unlabeled",
          "void--unlabeled",
          "void--unlabeled",
          "void--unlabeled",
          "void--unlabeled",
          "void--unlabeled",
          "void--unlabeled",
          "void--unlabeled",
          "void--unlabeled",
          "void--unlabeled",
          "void--unlabeled",
          "void--unlabeled",
          "void--unlabeled",
          "void--unlabeled",
          "void--unlabeled",
          "void--unlabeled",
          "void--unlabeled",
          "void--unlabeled",
          "void--unlabeled",
          "void--unlabeled",
          "void--unlabeled",
          "void--unlabeled",
          "void--unlabeled",
          "void--unlabeled",
          "void--unlabeled",
          "void--unlabeled",
          "void--unlabeled",
          "void--unlabeled",
          "void--unlabeled",
          "void--unlabeled",
          "void--unlabeled",
          "void--unlabeled",
          "void--unlabeled",
          "void--unlabeled",
          "void--unlabeled",
          "void--unlabeled",
          "void--unlabeled",
          "void--unlabeled",
          "void--unlabeled",
          "void--unlabeled",
          "void--unlabeled",
          "void--unlabeled",
          "void--unlabeled",
          "void--unlabeled",
          "void--unlabeled",
          "void--unlabeled",
          "void--unlabeled",
          "void--unlabeled",
          "void--unlabeled",
          "void--unlabeled",
          "void--unlabeled",
          "void--unlabeled",
          "void--unlabeled",
          "void--unlabeled",
          "void--unlabeled",
          "void--unlabeled",
          "void--unlabeled",
          "void--unlabeled",
          "void--unlabeled",
          "void--unlabeled",
          "void--unlabeled",
          "void--unlabeled",
          "void--unlabeled",
          "void--unlabeled",
          "void--unlabeled",
          "void--unlabeled",
          "void--unlabeled",
          "void--unlabeled",
          "void--unlabeled",
          "void--unlabeled",
          "void--unlabeled",
          "void--unlabeled",
          "void--unlabeled",
          "void--unlabeled",
          "void--unlabeled",
          "void--unlabeled",
          "void--unlabeled",
          "void--unlabeled",
          "void--unlabeled",
          "void--unlabeled",
          "void--unlabeled",
          "void--unlabeled",
          "void--unlabeled",
          "void--unlabeled",
          "void--unlabeled",
          "void--unlabeled",
          "object--support--utility-pole",
          "void--unlabeled",
          "object--vehicle--car",
          "object--vehicle--car",
          "object--vehicle--motorcycle",
          "object--vehicle--car",
          "human--person--individual",
          "object--support--utility-pole",
          "object--vehicle--car",
          "object--vehicle--car",
          "object--support--utility-pole",
          "object--support--utility-pole",
          "object--vehicle--car",
          "object--vehicle--car",
          "object--support--pole",
          "object--vehicle--car",
          "object--vehicle--car",
          "marking--discrete--crosswalk-zebra",
          "object--traffic-sign--front",
          "object--support--utility-pole",
          "object--support--pole",
          "object--support--pole",
          "object--support--utility-pole",
          "object--vehicle--car",
          "object--traffic-sign--front",
          "object--support--utility-pole",
          "object--support--utility-pole",
          "human--person--individual",
          "object--support--utility-pole",
          "object--vehicle--car",
          "object--sign--advertisement",
          "construction--flat--crosswalk-plain",
          "object--support--utility-pole",
          "object--support--pole",
          "object--support--utility-pole",
          "object--traffic-sign--front",
          "object--support--utility-pole"
        ]
      }
    },
    {
      "type": "Feature",
      "geometry": {
        "type": "Point",
        "coordinates": [
          -77.062245372659,
          -12.093612039824
        ]
      },
      "properties": {
        "id_imagen": "754528610199754",
        "fecha_captura_timestamp": 1728155960790,
        "angulo_camara": 194.64106707708,
        "id_secuencia": "k5ewYOnbCzauhst84mp9Ll",
        "url_miniatura": "https://scontent.flim12-1.fna.fbcdn.net/m1/v/t6/An-pn6K72XLyLJM1fIFb55L7ltzLGNwGn3kLoANUOF5M08mIgIpJy8m6G1ISJtRrBUIsAcRILSZwZuIIq4SYKGKdB344emA521T1ie2FnnZIfwMfhk7IHR5xQuuPujwHBQw8jqgATnNWGyO3Mbopfz8?stp=s1024x576&edm=AOnQwmMEAAAA&_nc_gid=0kDO5xDpB4llY1RWeD9vKw&_nc_oc=AdpnJliamU2absUx1WhlUza1XHzrUXw2lk6CdRrAxqURFkGQJ1rrjM-glr39sEvsOxh_T_S7GRKGzCqRlYIyGAXZ&ccb=10-5&oh=00_AQL0eHx9Gr8GCzGvDHLeIUyKNSr6pXY-XpbmjoK3GDwqRQ&oe=6AC851C1&_nc_sid=201bca",
        "tipo_camara": "perspective",
        "marca": "none",
        "modelo": "none",
        "es_panoramica": false,
        "calidad": 0.494,
        "cantidad_objetos_detectados": 117,
        "objetos_detectados": [
          "construction--barrier--curb",
          "construction--barrier--curb",
          "construction--barrier--curb",
          "construction--barrier--curb",
          "construction--barrier--curb",
          "construction--flat--road",
          "construction--flat--road",
          "construction--structure--building",
          "construction--structure--building",
          "construction--structure--building",
          "construction--flat--sidewalk",
          "construction--structure--building",
          "construction--structure--building",
          "construction--flat--sidewalk",
          "construction--structure--building",
          "construction--structure--building",
          "construction--structure--building",
          "construction--structure--building",
          "construction--structure--building",
          "construction--structure--building",
          "construction--structure--building",
          "nature--sky",
          "construction--structure--building",
          "construction--structure--building",
          "construction--structure--building",
          "construction--structure--building",
          "construction--structure--building",
          "construction--structure--building",
          "nature--sky",
          "construction--barrier--wall",
          "construction--barrier--curb",
          "construction--flat--sidewalk",
          "construction--barrier--wall",
          "construction--barrier--curb",
          "construction--flat--sidewalk",
          "construction--flat--road",
          "construction--flat--sidewalk",
          "construction--barrier--wall",
          "construction--barrier--curb",
          "construction--flat--road",
          "construction--barrier--curb",
          "construction--flat--sidewalk",
          "construction--flat--sidewalk",
          "construction--structure--building",
          "construction--flat--sidewalk",
          "construction--flat--sidewalk",
          "construction--flat--sidewalk",
          "construction--flat--sidewalk",
          "construction--flat--sidewalk",
          "construction--structure--building",
          "nature--sky",
          "nature--sky",
          "nature--sky",
          "nature--sky",
          "nature--sky",
          "nature--terrain",
          "nature--terrain",
          "nature--terrain",
          "nature--terrain",
          "nature--terrain",
          "nature--terrain",
          "nature--terrain",
          "nature--terrain",
          "nature--terrain",
          "nature--terrain",
          "nature--terrain",
          "nature--terrain",
          "nature--terrain",
          "nature--vegetation",
          "nature--vegetation",
          "nature--vegetation",
          "nature--vegetation",
          "nature--vegetation",
          "nature--vegetation",
          "nature--vegetation",
          "nature--vegetation",
          "nature--vegetation",
          "nature--vegetation",
          "nature--vegetation",
          "void--ego-vehicle",
          "void--ego-vehicle",
          "void--ego-vehicle",
          "void--unlabeled",
          "void--ego-vehicle",
          "void--unlabeled",
          "void--ego-vehicle",
          "void--unlabeled",
          "void--unlabeled",
          "void--unlabeled",
          "void--unlabeled",
          "void--unlabeled",
          "void--unlabeled",
          "void--unlabeled",
          "void--unlabeled",
          "void--unlabeled",
          "void--unlabeled",
          "void--unlabeled",
          "void--unlabeled",
          "void--unlabeled",
          "void--unlabeled",
          "void--unlabeled",
          "void--unlabeled",
          "void--unlabeled",
          "void--unlabeled",
          "void--unlabeled",
          "void--unlabeled",
          "void--unlabeled",
          "void--unlabeled",
          "void--unlabeled",
          "void--unlabeled",
          "void--unlabeled",
          "void--unlabeled",
          "object--support--pole",
          "void--unlabeled",
          "object--traffic-sign--back",
          "object--support--utility-pole",
          "object--support--pole"
        ]
      }
    },
    {
      "type": "Feature",
      "geometry": {
        "type": "Point",
        "coordinates": [
          -77.062335746138,
          -12.093897724947
        ]
      },
      "properties": {
        "id_imagen": "899455185489641",
        "fecha_captura_timestamp": 1728155965991,
        "angulo_camara": 195.21745137856,
        "id_secuencia": "k5ewYOnbCzauhst84mp9Ll",
        "url_miniatura": "https://scontent.flim12-1.fna.fbcdn.net/m1/v/t6/An-Aon7U-khpbRvsBCYxAbmdQqUIQ_AlAFvXIrHcySrefIhVmBFFIe-QxawEbvIQ101cL4PdrwY9tGqAjeJUo6NQEtpRupGJU_jwF_NXIEHL9gI7XesjBhPMgonL1tFwtiLuGTMbv7TX0Gle5Rd4kQ?stp=s1024x576&edm=AOnQwmMEAAAA&_nc_gid=0kDO5xDpB4llY1RWeD9vKw&_nc_oc=Adr_XPgw7Gr9Li5qYuyPoaRn7pjKdpRMp9bKmtIBG76ehc5wwqATUYDG3eFe3jtcHIlmTSQfzfC-iAVMld8RZ0Bl&ccb=10-5&oh=00_AQKv79LkRTxHS_LLldU2y4n-ehmUzqPcmH1xqI8kMe5F3Q&oe=6AC85265&_nc_sid=201bca",
        "tipo_camara": "perspective",
        "marca": "none",
        "modelo": "none",
        "es_panoramica": false,
        "calidad": 0.607,
        "cantidad_objetos_detectados": 180,
        "objetos_detectados": [
          "construction--barrier--curb",
          "construction--barrier--curb",
          "construction--barrier--fence",
          "construction--barrier--fence",
          "construction--barrier--curb",
          "construction--barrier--fence",
          "construction--barrier--curb",
          "construction--barrier--fence",
          "construction--flat--sidewalk",
          "construction--flat--sidewalk",
          "construction--flat--sidewalk",
          "construction--flat--road",
          "construction--flat--sidewalk",
          "construction--flat--sidewalk",
          "construction--barrier--wall",
          "construction--flat--road",
          "construction--flat--traffic-island",
          "construction--flat--road",
          "construction--flat--sidewalk",
          "construction--flat--road",
          "construction--flat--traffic-island",
          "construction--flat--traffic-island",
          "construction--flat--traffic-island",
          "construction--flat--sidewalk",
          "construction--flat--sidewalk",
          "construction--flat--sidewalk",
          "construction--flat--sidewalk",
          "construction--flat--traffic-island",
          "construction--flat--traffic-island",
          "construction--barrier--wall",
          "construction--barrier--fence",
          "construction--barrier--fence",
          "construction--barrier--fence",
          "construction--barrier--fence",
          "construction--barrier--fence",
          "construction--barrier--wall",
          "construction--barrier--fence",
          "construction--barrier--fence",
          "construction--barrier--fence",
          "construction--barrier--wall",
          "construction--barrier--fence",
          "construction--barrier--wall",
          "construction--barrier--wall",
          "construction--barrier--wall",
          "construction--barrier--wall",
          "construction--barrier--wall",
          "construction--barrier--wall",
          "construction--barrier--wall",
          "construction--barrier--wall",
          "construction--flat--road",
          "construction--flat--traffic-island",
          "construction--flat--traffic-island",
          "construction--structure--building",
          "construction--structure--building",
          "construction--structure--building",
          "construction--structure--building",
          "construction--structure--building",
          "construction--structure--building",
          "construction--structure--building",
          "construction--structure--building",
          "construction--structure--building",
          "construction--structure--building",
          "nature--sky",
          "nature--vegetation",
          "nature--vegetation",
          "nature--vegetation",
          "nature--vegetation",
          "nature--vegetation",
          "nature--vegetation",
          "nature--vegetation",
          "nature--vegetation",
          "nature--vegetation",
          "nature--sky",
          "nature--sky",
          "nature--sky",
          "nature--sky",
          "nature--sky",
          "nature--sky",
          "construction--structure--building",
          "nature--sky",
          "nature--sky",
          "nature--sky",
          "nature--sky",
          "nature--sky",
          "nature--sky",
          "construction--structure--building",
          "construction--structure--building",
          "construction--structure--building",
          "construction--structure--building",
          "construction--structure--building",
          "construction--structure--building",
          "construction--structure--building",
          "construction--structure--building",
          "nature--vegetation",
          "object--wire-group",
          "object--wire-group",
          "object--wire-group",
          "object--wire-group",
          "object--wire-group",
          "object--wire-group",
          "object--wire-group",
          "object--wire-group",
          "object--wire-group",
          "object--wire-group",
          "object--wire-group",
          "object--wire-group",
          "object--wire-group",
          "object--wire-group",
          "object--wire-group",
          "object--wire-group",
          "object--wire-group",
          "object--wire-group",
          "object--wire-group",
          "void--ego-vehicle",
          "void--ground",
          "void--ground",
          "void--ground",
          "void--ground",
          "void--ground",
          "void--unlabeled",
          "void--unlabeled",
          "void--unlabeled",
          "void--unlabeled",
          "void--unlabeled",
          "void--unlabeled",
          "void--unlabeled",
          "void--unlabeled",
          "void--unlabeled",
          "void--unlabeled",
          "void--unlabeled",
          "void--unlabeled",
          "void--unlabeled",
          "void--unlabeled",
          "void--unlabeled",
          "void--unlabeled",
          "void--unlabeled",
          "void--unlabeled",
          "void--unlabeled",
          "void--unlabeled",
          "void--unlabeled",
          "void--unlabeled",
          "void--unlabeled",
          "void--unlabeled",
          "void--unlabeled",
          "void--unlabeled",
          "void--unlabeled",
          "void--unlabeled",
          "void--unlabeled",
          "void--unlabeled",
          "void--unlabeled",
          "void--unlabeled",
          "void--unlabeled",
          "void--unlabeled",
          "void--unlabeled",
          "void--unlabeled",
          "void--unlabeled",
          "void--unlabeled",
          "void--unlabeled",
          "void--unlabeled",
          "void--unlabeled",
          "void--unlabeled",
          "void--unlabeled",
          "void--unlabeled",
          "void--unlabeled",
          "void--unlabeled",
          "void--unlabeled",
          "void--unlabeled",
          "void--unlabeled",
          "void--unlabeled",
          "void--unlabeled",
          "void--unlabeled",
          "void--unlabeled",
          "void--unlabeled",
          "object--support--utility-pole",
          "object--support--pole",
          "object--support--utility-pole",
          "object--support--utility-pole",
          "object--support--pole",
          "object--sign--store",
          "object--sign--advertisement"
        ]
      }
    },
    {
      "type": "Feature",
      "geometry": {
        "type": "Point",
        "coordinates": [
          -77.062284819931,
          -12.09398106193
        ]
      },
      "properties": {
        "id_imagen": "921637943412608",
        "fecha_captura_timestamp": 1728155968391,
        "angulo_camara": 193.5181909896,
        "id_secuencia": "LJwVmIq5WZ6hkaDcBvpd9b",
        "url_miniatura": "https://scontent.flim12-1.fna.fbcdn.net/m1/v/t6/An-pwges9nRYH4JVZYkx5MKdRuXzPY13jv_PSh-p9QViJsacib5tMTiKvwUvkMtFavoub5fgO7C5tL0MMf_LDjINLzqav1mceQxipjtOjFPY5bpfLEfYzm0A_3jJ_dh4JYKxzoijuHXi1vjxhsR5wA?stp=s1024x576&edm=AOnQwmMEAAAA&_nc_gid=0kDO5xDpB4llY1RWeD9vKw&_nc_oc=AdqaeTodQx4Snyjfz461UqruA_kl_XRi525B6Y2Qq579fU3OtGCAY8czm9L2tGjug4VYvNSRBJlE7pqqyG7vv3f3&ccb=10-5&oh=00_AQJ2M4iZwp99UGGb3o4XsvufYPloxZXwslwWsY8UUDsQzg&oe=6AC853C0&_nc_sid=201bca",
        "tipo_camara": "perspective",
        "marca": "none",
        "modelo": "none",
        "es_panoramica": false,
        "calidad": 0.658,
        "cantidad_objetos_detectados": 263,
        "objetos_detectados": [
          "construction--barrier--curb",
          "construction--barrier--curb",
          "construction--structure--building",
          "construction--flat--sidewalk",
          "construction--flat--sidewalk",
          "construction--flat--sidewalk",
          "construction--structure--building",
          "construction--flat--sidewalk",
          "construction--flat--sidewalk",
          "construction--flat--sidewalk",
          "construction--flat--sidewalk",
          "construction--flat--sidewalk",
          "construction--flat--sidewalk",
          "construction--flat--sidewalk",
          "construction--flat--sidewalk",
          "construction--structure--building",
          "construction--structure--building",
          "construction--structure--building",
          "construction--structure--building",
          "construction--structure--building",
          "construction--structure--building",
          "construction--structure--building",
          "construction--structure--building",
          "construction--structure--building",
          "construction--structure--building",
          "construction--structure--building",
          "construction--flat--road",
          "construction--barrier--curb",
          "construction--barrier--curb",
          "construction--barrier--curb",
          "construction--barrier--curb",
          "construction--barrier--curb",
          "construction--barrier--wall",
          "construction--barrier--curb",
          "construction--barrier--curb",
          "construction--barrier--wall",
          "construction--flat--road",
          "construction--barrier--wall",
          "construction--barrier--curb",
          "construction--barrier--wall",
          "construction--flat--road",
          "construction--flat--road",
          "construction--flat--road",
          "construction--flat--road",
          "construction--flat--road",
          "construction--flat--road",
          "construction--flat--road",
          "construction--flat--road",
          "construction--flat--road",
          "construction--flat--road",
          "construction--structure--building",
          "construction--structure--building",
          "construction--structure--building",
          "construction--structure--building",
          "construction--structure--building",
          "nature--sky",
          "nature--sky",
          "nature--sky",
          "nature--sky",
          "nature--sky",
          "nature--sky",
          "nature--sky",
          "nature--sky",
          "nature--sky",
          "nature--sky",
          "nature--sky",
          "construction--structure--building",
          "nature--sky",
          "construction--structure--building",
          "nature--sky",
          "construction--structure--building",
          "construction--structure--building",
          "construction--structure--building",
          "construction--structure--building",
          "construction--structure--building",
          "construction--structure--building",
          "nature--sky",
          "nature--terrain",
          "nature--terrain",
          "nature--terrain",
          "nature--terrain",
          "nature--terrain",
          "nature--terrain",
          "nature--terrain",
          "nature--terrain",
          "nature--terrain",
          "nature--terrain",
          "nature--terrain",
          "nature--terrain",
          "nature--terrain",
          "nature--terrain",
          "nature--terrain",
          "nature--terrain",
          "nature--terrain",
          "nature--terrain",
          "nature--terrain",
          "nature--terrain",
          "nature--terrain",
          "nature--vegetation",
          "nature--vegetation",
          "nature--vegetation",
          "nature--vegetation",
          "nature--vegetation",
          "nature--vegetation",
          "nature--vegetation",
          "nature--vegetation",
          "nature--vegetation",
          "nature--vegetation",
          "nature--vegetation",
          "nature--vegetation",
          "nature--vegetation",
          "nature--vegetation",
          "nature--vegetation",
          "nature--vegetation",
          "nature--vegetation",
          "nature--vegetation",
          "nature--vegetation",
          "nature--vegetation",
          "nature--vegetation",
          "nature--vegetation",
          "object--wire-group",
          "object--wire-group",
          "object--wire-group",
          "nature--vegetation",
          "object--wire-group",
          "object--wire-group",
          "object--wire-group",
          "object--wire-group",
          "object--wire-group",
          "object--wire-group",
          "object--wire-group",
          "object--wire-group",
          "object--wire-group",
          "object--wire-group",
          "object--wire-group",
          "object--wire-group",
          "void--ego-vehicle",
          "void--ground",
          "void--ground",
          "void--ground",
          "void--ground",
          "void--ground",
          "void--ground",
          "void--ground",
          "void--ground",
          "void--ground",
          "void--ground",
          "void--ground",
          "void--ground",
          "void--ground",
          "void--ground",
          "void--ground",
          "void--static",
          "void--static",
          "void--static",
          "void--static",
          "void--static",
          "void--static",
          "void--static",
          "void--static",
          "void--static",
          "void--static",
          "void--static",
          "void--static",
          "void--static",
          "void--static",
          "void--static",
          "void--static",
          "void--static",
          "void--static",
          "void--static",
          "void--static",
          "void--static",
          "void--static",
          "void--static",
          "void--static",
          "void--static",
          "void--static",
          "void--static",
          "void--static",
          "void--static",
          "void--static",
          "void--static",
          "void--static",
          "void--unlabeled",
          "void--unlabeled",
          "void--unlabeled",
          "void--unlabeled",
          "void--unlabeled",
          "void--unlabeled",
          "void--unlabeled",
          "void--unlabeled",
          "void--unlabeled",
          "void--unlabeled",
          "void--unlabeled",
          "void--unlabeled",
          "void--unlabeled",
          "void--unlabeled",
          "void--unlabeled",
          "void--unlabeled",
          "void--unlabeled",
          "void--unlabeled",
          "void--unlabeled",
          "void--unlabeled",
          "void--unlabeled",
          "void--unlabeled",
          "void--unlabeled",
          "void--unlabeled",
          "void--unlabeled",
          "void--unlabeled",
          "void--unlabeled",
          "void--unlabeled",
          "void--unlabeled",
          "void--unlabeled",
          "void--unlabeled",
          "void--unlabeled",
          "void--unlabeled",
          "void--unlabeled",
          "void--unlabeled",
          "void--unlabeled",
          "void--unlabeled",
          "void--unlabeled",
          "void--unlabeled",
          "void--unlabeled",
          "void--unlabeled",
          "void--unlabeled",
          "void--unlabeled",
          "void--unlabeled",
          "void--unlabeled",
          "void--unlabeled",
          "void--unlabeled",
          "void--unlabeled",
          "void--unlabeled",
          "void--unlabeled",
          "void--unlabeled",
          "void--unlabeled",
          "void--unlabeled",
          "void--unlabeled",
          "void--unlabeled",
          "void--unlabeled",
          "void--unlabeled",
          "void--unlabeled",
          "void--unlabeled",
          "void--unlabeled",
          "void--unlabeled",
          "void--unlabeled",
          "void--unlabeled",
          "void--unlabeled",
          "void--unlabeled",
          "void--unlabeled",
          "void--unlabeled",
          "human--person--individual",
          "object--traffic-sign--back",
          "object--support--utility-pole",
          "object--support--utility-pole",
          "object--sign--store",
          "object--support--utility-pole",
          "object--support--pole",
          "object--support--utility-pole",
          "object--vehicle--car",
          "object--mailbox",
          "object--junction-box",
          "object--sign--store"
        ]
      }
    }
  ]
}