id_imagen,objeto_detectado,conteo_objeto
1725467038238534,construction--barrier--curb,18
1725467038238534,construction--flat--road,26
1725467038238534,construction--flat--sidewalk,10
1725467038238534,construction--barrier--wall,2
1725467038238534,construction--flat--traffic-island,4
1725467038238534,construction--structure--building,20
1725467038238534,marking--continuous--dashed,12
1725467038238534,marking--continuous--solid,9
1725467038238534,nature--sky,14
1725467038238534,nature--terrain,18
1725467038238534,nature--vegetation,21
1725467038238534,object--wire-group,15
1725467038238534,void--ego-vehicle,10
1725467038238534,void--ground,4
1725467038238534,void--unlabeled,51
1725467038238534,object--vehicle--car,1
1725467038238534,object--support--utility-pole,1
1725467038238534,object--street-light,2
1725467038238534,human--rider--motorcyclist,1
1725467038238534,object--support--pole,6
1725467038238534,object--vehicle--motorcycle,1
1725467038238534,marking--discrete--text--30,1
1725467038238534,human--person--individual,1
2633416350379749,construction--barrier--curb,18
2633416350379749,construction--barrier--wall,13
2633416350379749,construction--flat--road,31
2633416350379749,construction--barrier--fence,1
2633416350379749,construction--flat--sidewalk,16
2633416350379749,construction--structure--building,25
2633416350379749,marking--continuous--solid,7
2633416350379749,nature--sky,23
2633416350379749,nature--terrain,18
2633416350379749,nature--vegetation,15
2633416350379749,object--wire-group,9
2633416350379749,void--ego-vehicle,6
2633416350379749,void--unlabeled,42
2633416350379749,object--support--pole,3
2633416350379749,object--street-light,1
2633416350379749,object--support--utility-pole,1
2633416350379749,object--vehicle--bicycle,1
2633416350379749,object--trash-can,1
2633416350379749,construction--flat--driveway,1
1227458295172979,construction--barrier--curb,21
1227458295172979,construction--flat--road,21
1227458295172979,construction--barrier--wall,11
1227458295172979,construction--flat--sidewalk,14
1227458295172979,construction--structure--building,18
1227458295172979,marking--continuous--dashed,11
1227458295172979,marking--continuous--solid,15
1227458295172979,nature--sky,14
1227458295172979,nature--terrain,24
1227458295172979,nature--vegetation,22
1227458295172979,object--wire-group,18
1227458295172979,void--ego-vehicle,4
1227458295172979,void--ground,3
1227458295172979,void--unlabeled,82
1227458295172979,object--vehicle--car,2
1227458295172979,object--support--utility-pole,1
1227458295172979,human--rider--motorcyclist,1
1227458295172979,object--street-light,3
1227458295172979,object--vehicle--motorcycle,1
1227458295172979,object--support--pole,5
1227458295172979,marking--discrete--other-marking,2
1227458295172979,marking--discrete--text--bus,1
1075226170351579,construction--barrier--curb,15
1075226170351579,construction--structure--building,13
1075226170351579,construction--flat--road,6
1075226170351579,construction--flat--sidewalk,13
1075226170351579,construction--flat--curb-cut,3
1075226170351579,nature--snow,3
1075226170351579,nature--vegetation,3
1075226170351579,void--ego-vehicle,8
1075226170351579,void--ground,7
1075226170351579,void--static,20
1075226170351579,void--unlabeled,28
1075226170351579,object--traffic-cone,2
1075226170351579,object--sign--advertisement,1
1075226170351579,object--sign--store,1
1015085723641010,construction--barrier--curb,8
1015085723641010,nature--sky,24
1015085723641010,construction--flat--traffic-island,6
1015085723641010,construction--structure--building,8
1015085723641010,construction--flat--road,7
1015085723641010,construction--barrier--wall,4
1015085723641010,construction--flat--sidewalk,4
1015085723641010,nature--vegetation,11
1015085723641010,void--unlabeled,71
1015085723641010,void--ego-vehicle,2
1015085723641010,nature--terrain,6
1015085723641010,object--vehicle--car,2
1015085723641010,object--street-light,3
1015085723641010,object--support--pole,3
1236660840892462,construction--barrier--curb,21
1236660840892462,construction--barrier--wall,12
1236660840892462,construction--barrier--fence,9
1236660840892462,construction--flat--road,22
1236660840892462,construction--flat--sidewalk,19
1236660840892462,construction--structure--building,18
1236660840892462,marking--continuous--dashed,8
1236660840892462,marking--continuous--solid,15
1236660840892462,nature--sky,23
1236660840892462,nature--terrain,9
1236660840892462,nature--vegetation,16
1236660840892462,object--wire-group,3
1236660840892462,void--ego-vehicle,1
1236660840892462,void--unlabeled,45
1236660840892462,object--support--utility-pole,1
1236660840892462,object--vehicle--car,1
1236660840892462,object--support--pole,1
1236660840892462,object--street-light,3
1236660840892462,marking--discrete--other-marking,1
1236660840892462,marking--discrete--text--30,1
1264498954983487,construction--barrier--curb,12
1264498954983487,construction--flat--road,19
1264498954983487,construction--barrier--wall,15
1264498954983487,construction--flat--sidewalk,17
1264498954983487,construction--structure--building,28
1264498954983487,marking--continuous--dashed,12
1264498954983487,marking--continuous--solid,6
1264498954983487,nature--sky,24
1264498954983487,nature--terrain,15
1264498954983487,nature--vegetation,11
1264498954983487,object--wire-group,15
1264498954983487,void--ego-vehicle,9
1264498954983487,void--unlabeled,23
1264498954983487,object--support--utility-pole,1
1264498954983487,object--street-light,1
1264498954983487,object--cctv-camera,1
1264498954983487,object--trash-can,1
1264498954983487,object--support--pole,1
1264498954983487,object--vehicle--motorcycle,1
1513665445980666,construction--barrier--curb,22
1513665445980666,construction--flat--road,21
1513665445980666,construction--flat--sidewalk,12
1513665445980666,construction--barrier--wall,4
1513665445980666,construction--structure--building,22
1513665445980666,marking--continuous--solid,6
1513665445980666,nature--sky,19
1513665445980666,nature--terrain,13
1513665445980666,nature--vegetation,15
1513665445980666,object--wire-group,13
1513665445980666,void--ego-vehicle,2
1513665445980666,void--unlabeled,45
1513665445980666,object--street-light,3
1513665445980666,object--support--pole,2
1513665445980666,object--support--utility-pole,1
1513665445980666,object--trash-can,1
1513665445980666,object--vehicle--wheeled-slow,1
540402105363207,construction--barrier--curb,16
540402105363207,construction--flat--road,25
540402105363207,construction--barrier--wall,10
540402105363207,construction--barrier--fence,3
540402105363207,construction--flat--sidewalk,18
540402105363207,construction--structure--building,18
540402105363207,marking--continuous--dashed,7
540402105363207,marking--continuous--solid,11
540402105363207,nature--sky,12
540402105363207,nature--terrain,12
540402105363207,nature--vegetation,11
540402105363207,object--wire-group,7
540402105363207,void--ego-vehicle,5
540402105363207,void--static,4
540402105363207,void--unlabeled,50
540402105363207,object--vehicle--car,1
540402105363207,object--street-light,2
540402105363207,object--support--pole,1
540402105363207,object--support--utility-pole,1
540402105363207,object--trash-can,1
579098404678372,construction--barrier--curb,8
579098404678372,construction--flat--sidewalk,22
579098404678372,construction--flat--road,11
579098404678372,construction--barrier--wall,8
579098404678372,construction--barrier--fence,1
579098404678372,construction--structure--building,12
579098404678372,marking--continuous--dashed,10
579098404678372,nature--sky,17
579098404678372,marking--continuous--solid,6
579098404678372,nature--terrain,9
579098404678372,nature--vegetation,14
579098404678372,object--wire-group,9
579098404678372,void--ego-vehicle,5
579098404678372,void--ground,6
579098404678372,void--unlabeled,34
579098404678372,object--support--pole,4
579098404678372,object--street-light,1
579098404678372,object--vehicle--car,1
1053123993259922,construction--barrier--curb,11
1053123993259922,construction--structure--building,16
1053123993259922,construction--flat--road,20
1053123993259922,nature--sky,17
1053123993259922,nature--terrain,4
1053123993259922,nature--vegetation,13
1053123993259922,void--static,17
1053123993259922,void--ego-vehicle,1
1053123993259922,void--unlabeled,130
1053123993259922,object--vehicle--car,15
1053123993259922,object--support--pole,4
1053123993259922,object--street-light,3
1053123993259922,object--sign--store,4
1053123993259922,object--traffic-sign--front,1
1053123993259922,object--sign--advertisement,1
1053123993259922,object--traffic-sign--back,1
1066220184739129,construction--barrier--curb,7
1066220184739129,construction--barrier--wall,4
1066220184739129,construction--flat--curb-cut,5
1066220184739129,construction--structure--building,7
1066220184739129,construction--flat--sidewalk,12
1066220184739129,nature--vegetation,7
1066220184739129,void--ego-vehicle,5
1066220184739129,construction--flat--road,4
1066220184739129,void--ground,5
1066220184739129,void--static,10
1066220184739129,void--unlabeled,45
1066220184739129,object--sign--store,1
1066220184739129,object--traffic-sign--front,3
1066220184739129,human--person--individual,1
1066220184739129,object--support--pole,3
1066220184739129,object--street-light,1
1066220184739129,construction--flat--driveway,1
27415642801412788,construction--barrier--curb,22
27415642801412788,construction--barrier--wall,9
27415642801412788,construction--flat--road,25
27415642801412788,construction--barrier--fence,3
27415642801412788,construction--flat--sidewalk,17
27415642801412788,construction--structure--building,24
27415642801412788,marking--continuous--solid,9
27415642801412788,nature--sky,15
27415642801412788,nature--terrain,16
27415642801412788,nature--vegetation,16
27415642801412788,object--wire-group,5
27415642801412788,void--ego-vehicle,7
27415642801412788,void--unlabeled,30
27415642801412788,object--support--utility-pole,1
27415642801412788,marking--discrete--other-marking,1
1301638147685285,construction--barrier--curb,17
1301638147685285,construction--flat--road,17
1301638147685285,construction--flat--sidewalk,11
1301638147685285,construction--barrier--fence,1
1301638147685285,construction--barrier--wall,6
1301638147685285,construction--structure--building,20
1301638147685285,marking--continuous--solid,17
1301638147685285,nature--sky,20
1301638147685285,nature--terrain,9
1301638147685285,nature--vegetation,13
1301638147685285,object--wire-group,6
1301638147685285,void--ego-vehicle,5
1301638147685285,void--unlabeled,39
1301638147685285,object--support--utility-pole,1
1301638147685285,object--street-light,2
1301638147685285,object--support--pole,1
1301638147685285,object--trash-can,1
1301638147685285,marking--discrete--text--other,2
1301638147685285,human--person--individual,1
1192092185426226,construction--barrier--curb,15
1192092185426226,construction--flat--sidewalk,10
1192092185426226,construction--flat--parking,5
1192092185426226,construction--flat--road,13
1192092185426226,construction--structure--bridge,3
1192092185426226,construction--flat--curb-cut,3
1192092185426226,construction--barrier--wall,1
1192092185426226,construction--structure--building,6
1192092185426226,nature--sky,1
1192092185426226,nature--terrain,2
1192092185426226,nature--vegetation,6
1192092185426226,void--ego-vehicle,4
1192092185426226,void--ground,12
1192092185426226,void--unlabeled,51
1192092185426226,object--vehicle--car,5
1192092185426226,object--support--pole,1
1192092185426226,human--person--individual,1
1192092185426226,object--sign--store,2
1481237289255546,construction--barrier--curb,22
1481237289255546,construction--barrier--wall,24
1481237289255546,construction--flat--road,19
1481237289255546,construction--flat--sidewalk,15
1481237289255546,construction--structure--building,37
1481237289255546,marking--continuous--solid,13
1481237289255546,nature--sky,15
1481237289255546,nature--terrain,14
1481237289255546,nature--vegetation,10
1481237289255546,object--wire-group,6
1481237289255546,void--ego-vehicle,7
1481237289255546,void--unlabeled,24
1481237289255546,object--trash-can,1
1481237289255546,object--street-light,2
1481237289255546,object--support--pole,1
1093282692377562,construction--barrier--curb,12
1093282692377562,construction--structure--building,14
1093282692377562,construction--flat--road,12
1093282692377562,construction--flat--sidewalk,7
1093282692377562,construction--flat--traffic-island,8
1093282692377562,construction--flat--curb-cut,2
1093282692377562,nature--sky,11
1093282692377562,nature--terrain,10
1093282692377562,nature--vegetation,9
1093282692377562,object--wire-group,25
1093282692377562,void--ego-vehicle,1
1093282692377562,void--static,15
1093282692377562,void--unlabeled,177
1093282692377562,object--vehicle--car,7
1093282692377562,object--traffic-cone,5
1093282692377562,object--street-light,7
1093282692377562,object--trash-can,1
1093282692377562,human--rider--bicyclist,1
1093282692377562,object--support--pole,8
1093282692377562,human--person--individual,6
1093282692377562,object--sign--store,3
1093282692377562,object--support--utility-pole,1
1093282692377562,object--sign--advertisement,1
1093282692377562,object--traffic-sign--direction-front,1
1093282692377562,object--vehicle--bicycle,1
1093282692377562,object--vehicle--truck,2
1093282692377562,object--traffic-light--general-horizontal-front,1
1093282692377562,object--traffic-sign--front,3
1093282692377562,object--traffic-light--general-upright-front,1
1093282692377562,marking--discrete--text--bus,1
1093632498941411,construction--barrier--curb,6
1093632498941411,void--ground,12
1093632498941411,nature--vegetation,10
1093632498941411,void--ego-vehicle,5
1093632498941411,void--static,13
1093632498941411,marking--continuous--solid,2
1093632498941411,construction--flat--road,6
1093632498941411,construction--flat--sidewalk,4
1093632498941411,nature--sky,1
1093632498941411,construction--structure--building,3
1093632498941411,void--unlabeled,42
1093632498941411,object--sign--store,2
1093632498941411,object--street-light,1
1093632498941411,object--vehicle--car,1
1093632498941411,object--traffic-sign--front,3
1093632498941411,object--support--pole,3
1093632498941411,construction--flat--driveway,1
1222734388949146,construction--barrier--curb,12
1222734388949146,construction--flat--sidewalk,9
1222734388949146,construction--flat--road,24
1222734388949146,construction--barrier--wall,6
1222734388949146,construction--flat--traffic-island,1
1222734388949146,construction--structure--building,7
1222734388949146,nature--sky,19
1222734388949146,marking--continuous--dashed,4
1222734388949146,nature--vegetation,8
1222734388949146,void--ego-vehicle,1
1222734388949146,void--unlabeled,186
1222734388949146,object--vehicle--bicycle,1
1222734388949146,object--vehicle--car,8
1222734388949146,object--sign--advertisement,1
1222734388949146,human--person--individual,3
1222734388949146,object--vehicle--truck,1
1222734388949146,object--street-light,6
1222734388949146,object--traffic-cone,7
1222734388949146,human--rider--bicyclist,1
1222734388949146,object--traffic-sign--front,3
1222734388949146,object--support--pole,10
1222734388949146,object--sign--store,1
1222734388949146,object--trash-can,1
1222734388949146,object--traffic-light--general-horizontal-front,1
1222734388949146,object--traffic-sign--direction-front,1
1222734388949146,marking--discrete--crosswalk-zebra,1
1222734388949146,object--traffic-sign--back,1
1222734388949146,marking--discrete--text--bus,1
1222734388949146,marking--discrete--arrow--straight,1
1222734388949146,object--traffic-light--general-upright-front,1
1221449898491431,construction--flat--road,4
1221449898491431,construction--structure--building,11
1221449898491431,nature--vegetation,2
1221449898491431,nature--sky,15
1221449898491431,object--wire-group,14
1221449898491431,void--unlabeled,74
1221449898491431,void--ego-vehicle,1
1221449898491431,object--vehicle--car,4
1221449898491431,object--support--pole,1
1221449898491431,object--sign--advertisement,2
1221449898491431,object--sign--store,2
1221449898491431,object--street-light,2
1221449898491431,object--support--utility-pole,2
1221449898491431,marking--discrete--arrow--straight,1
1221449898491431,object--banner,1
1627193104673079,construction--barrier--curb,19
1627193104673079,construction--flat--sidewalk,8
1627193104673079,construction--flat--road,18
1627193104673079,construction--barrier--wall,3
1627193104673079,construction--structure--building,18
1627193104673079,construction--barrier--fence,1
1627193104673079,marking--continuous--dashed,10
1627193104673079,marking--continuous--solid,6
1627193104673079,nature--sky,16
1627193104673079,nature--terrain,15
1627193104673079,nature--vegetation,25
1627193104673079,object--wire-group,6
1627193104673079,void--ego-vehicle,4
1627193104673079,void--unlabeled,25
1627193104673079,human--person--individual,2
1627193104673079,marking--discrete--symbol--wheelchair,1
1627193104673079,object--support--pole,2
1627193104673079,marking--discrete--other-marking,1
1627193104673079,object--support--utility-pole,1
1627193104673079,object--vehicle--wheeled-slow,1
1265557521420915,construction--barrier--curb,22
1265557521420915,construction--flat--sidewalk,10
1265557521420915,construction--flat--road,9
1265557521420915,construction--structure--building,15
1265557521420915,marking--continuous--solid,15
1265557521420915,nature--sky,10
1265557521420915,nature--terrain,9
1265557521420915,nature--vegetation,14
1265557521420915,object--wire-group,5
1265557521420915,void--ego-vehicle,7
1265557521420915,void--static,8
1265557521420915,void--unlabeled,94
1265557521420915,object--vehicle--car,4
1265557521420915,object--support--utility-pole,1
1265557521420915,object--support--pole,3
1265557521420915,object--sign--advertisement,4
1265557521420915,object--traffic-cone,1
1265557521420915,object--street-light,2
1265557521420915,human--person--individual,1
1265557521420915,object--sign--store,2
1265557521420915,object--vehicle--truck,1
1265557521420915,marking--discrete--crosswalk-zebra,1
1265557521420915,object--banner,1
1265557521420915,marking--discrete--other-marking,1
1337601507596898,construction--barrier--curb,17
1337601507596898,construction--flat--sidewalk,18
1337601507596898,construction--flat--road,14
1337601507596898,construction--barrier--wall,7
1337601507596898,construction--structure--building,13
1337601507596898,marking--continuous--solid,12
1337601507596898,nature--sky,24
1337601507596898,nature--terrain,14
1337601507596898,nature--vegetation,12
1337601507596898,object--wire-group,13
1337601507596898,void--ego-vehicle,2
1337601507596898,void--unlabeled,34
1337601507596898,object--street-light,3
1337601507596898,object--support--pole,2
1337601507596898,object--trash-can,1
1337601507596898,object--support--utility-pole,1
1337601507596898,marking--discrete--other-marking,2
1337601507596898,animal--bird,1
1337601507596898,marking--discrete--text--other,2
1985646111879431,construction--barrier--curb,24
1985646111879431,construction--barrier--wall,15
1985646111879431,construction--flat--road,27
1985646111879431,construction--flat--sidewalk,12
1985646111879431,construction--flat--traffic-island,10
1985646111879431,construction--structure--building,14
1985646111879431,marking--continuous--dashed,10
1985646111879431,marking--continuous--solid,12
1985646111879431,nature--sky,14
1985646111879431,nature--terrain,16
1985646111879431,nature--vegetation,19
1985646111879431,object--wire-group,12
1985646111879431,void--ego-vehicle,5
1985646111879431,void--ground,1
1985646111879431,void--unlabeled,64
1985646111879431,object--vehicle--car,3
1985646111879431,object--support--utility-pole,1
1985646111879431,object--vehicle--motorcycle,1
1985646111879431,object--street-light,2
1985646111879431,object--support--pole,2
1985646111879431,human--rider--motorcyclist,1
1985646111879431,marking--discrete--arrow--right,1
1985646111879431,human--person--individual,2
1985646111879431,marking--discrete--arrow--left,2
1542060023337596,construction--barrier--curb,15
1542060023337596,construction--flat--road,23
1542060023337596,construction--barrier--wall,15
1542060023337596,construction--flat--sidewalk,17
1542060023337596,construction--structure--building,32
1542060023337596,marking--continuous--solid,7
1542060023337596,nature--sky,17
1542060023337596,nature--terrain,8
1542060023337596,nature--vegetation,12
1542060023337596,object--wire-group,10
1542060023337596,void--ego-vehicle,2
1542060023337596,void--unlabeled,41
1542060023337596,object--support--utility-pole,2
1542060023337596,object--street-light,1
1542060023337596,object--trash-can,1
1094833465331526,construction--barrier--curb,5
1094833465331526,marking--continuous--solid,4
1094833465331526,construction--structure--building,14
1094833465331526,nature--sky,1
1094833465331526,nature--vegetation,7
1094833465331526,construction--flat--sidewalk,9
1094833465331526,construction--flat--curb-cut,7
1094833465331526,construction--flat--road,3
1094833465331526,void--ego-vehicle,1
1094833465331526,void--ground,17
1094833465331526,void--static,18
1094833465331526,void--unlabeled,76
1094833465331526,object--vehicle--car,1
1094833465331526,object--sign--store,2
1094833465331526,object--traffic-sign--front,1
1094833465331526,object--manhole,1
1094833465331526,construction--flat--driveway,1
1094833465331526,object--support--pole,3
1094833465331526,object--street-light,2
1094833465331526,object--sign--advertisement,1
1067256015184352,warning--pedestrians-crossing--g4,1
1067256015184352,construction--barrier--curb,8
1067256015184352,construction--barrier--wall,7
1067256015184352,construction--flat--road,12
1067256015184352,construction--structure--building,28
1067256015184352,construction--flat--sidewalk,14
1067256015184352,marking--continuous--solid,2
1067256015184352,nature--sky,16
1067256015184352,nature--terrain,9
1067256015184352,nature--vegetation,38
1067256015184352,object--wire-group,8
1067256015184352,void--ego-vehicle,1
1067256015184352,void--unlabeled,120
1067256015184352,object--vehicle--car,8
1067256015184352,object--vehicle--motorcycle,3
1067256015184352,construction--flat--driveway,1
1067256015184352,human--person--individual,1
1067256015184352,object--traffic-sign--front,7
1067256015184352,object--traffic-light--general-horizontal-front,1
1067256015184352,marking--discrete--crosswalk-zebra,1
1067256015184352,object--street-light,2
1067256015184352,marking--discrete--arrow--split-left-or-straight,1
1067256015184352,object--support--pole,5
1067256015184352,object--support--utility-pole,5
1067256015184352,object--traffic-light--pedestrians-front,1
1067256015184352,object--traffic-light--general-upright-front,1
1067256015184352,object--traffic-sign--direction-front,1
1067256015184352,object--traffic-sign--back,1
1011050750776127,construction--barrier--curb,4
1011050750776127,construction--flat--road,20
1011050750776127,construction--flat--parking,3
1011050750776127,construction--flat--sidewalk,6
1011050750776127,construction--structure--building,24
1011050750776127,construction--barrier--wall,5
1011050750776127,marking--continuous--dashed,4
1011050750776127,nature--sky,8
1011050750776127,nature--vegetation,12
1011050750776127,nature--terrain,1
1011050750776127,marking--continuous--solid,7
1011050750776127,object--wire-group,9
1011050750776127,void--ego-vehicle,1
1011050750776127,void--unlabeled,128
1011050750776127,object--vehicle--car,12
1011050750776127,object--support--utility-pole,4
1011050750776127,object--street-light,5
1011050750776127,human--person--individual,1
1011050750776127,marking--discrete--crosswalk-zebra,1
1011050750776127,object--support--pole,6
1011050750776127,object--vehicle--truck,1
1036690995030423,construction--barrier--curb,14
1036690995030423,construction--flat--sidewalk,16
1036690995030423,construction--flat--road,16
1036690995030423,construction--structure--building,43
1036690995030423,nature--sky,16
1036690995030423,nature--terrain,5
1036690995030423,nature--vegetation,35
1036690995030423,object--wire-group,24
1036690995030423,void--ego-vehicle,8
1036690995030423,void--static,4
1036690995030423,void--unlabeled,222
1036690995030423,marking--discrete--other-marking,1
1036690995030423,object--vehicle--car,12
1036690995030423,marking--discrete--crosswalk-zebra,4
1036690995030423,object--traffic-sign--back,2
1036690995030423,object--traffic-sign--direction-front,4
1036690995030423,object--street-light,2
1036690995030423,object--vehicle--motorcycle,1
1036690995030423,object--support--utility-pole,7
1036690995030423,object--traffic-light--pedestrians-front,1
1036690995030423,object--support--pole,8
1036690995030423,object--traffic-light--general-upright-side,2
1036690995030423,human--rider--motorcyclist,1
1036690995030423,object--traffic-light--general-horizontal-side,1
1036690995030423,marking--discrete--arrow--split-right-or-straight,1
1036690995030423,object--traffic-light--general-horizontal-back,1
1036690995030423,marking--discrete--stop-line,2
1036690995030423,marking--discrete--arrow--split-left-or-straight,2
1036690995030423,object--traffic-light--pedestrians-side,1
1036690995030423,object--traffic-light--other,1
1036690995030423,object--traffic-light--general-upright-front,1
1036690995030423,human--person--individual,1
1036690995030423,object--traffic-sign--front,1
1113182263737678,construction--barrier--wall,8
1113182263737678,nature--sky,13
1113182263737678,construction--flat--road,11
1113182263737678,construction--structure--building,13
1113182263737678,nature--vegetation,7
1113182263737678,nature--terrain,1
1113182263737678,object--wire-group,10
1113182263737678,void--ego-vehicle,5
1113182263737678,void--unlabeled,55
1113182263737678,object--vehicle--car,3
1113182263737678,object--support--utility-pole,1
1113182263737678,object--traffic-sign--back,1
1113182263737678,marking--discrete--other-marking,1
1248297126220413,construction--barrier--curb,3
1248297126220413,construction--structure--building,24
1248297126220413,construction--flat--sidewalk,12
1248297126220413,construction--flat--road,13
1248297126220413,construction--barrier--wall,9
1248297126220413,marking--continuous--dashed,9
1248297126220413,marking--continuous--solid,11
1248297126220413,nature--sky,28
1248297126220413,nature--terrain,3
1248297126220413,nature--vegetation,20
1248297126220413,object--wire-group,22
1248297126220413,void--ego-vehicle,6
1248297126220413,void--unlabeled,50
1248297126220413,object--street-light,2
1248297126220413,object--support--utility-pole,4
1248297126220413,object--support--pole,1
1248297126220413,construction--flat--driveway,1
1225290615424728,construction--barrier--curb,2
1225290615424728,nature--sky,5
1225290615424728,construction--structure--building,17
1225290615424728,marking--continuous--solid,11
1225290615424728,construction--flat--sidewalk,7
1225290615424728,construction--barrier--fence,6
1225290615424728,construction--flat--road,3
1225290615424728,nature--terrain,4
1225290615424728,nature--vegetation,7
1225290615424728,void--ego-vehicle,2
1225290615424728,void--unlabeled,68
1225290615424728,object--traffic-sign--front,2
1225290615424728,object--support--pole,4
1225290615424728,object--vehicle--motorcycle,1
1225290615424728,object--support--utility-pole,1
1225290615424728,human--rider--motorcyclist,2
1225290615424728,warning--pedestrians-crossing--g4,1
1180743439469066,construction--barrier--curb,11
1180743439469066,construction--flat--road,19
1180743439469066,construction--structure--building,21
1180743439469066,construction--barrier--fence,2
1180743439469066,construction--flat--curb-cut,3
1180743439469066,construction--flat--sidewalk,4
1180743439469066,marking--continuous--dashed,16
1180743439469066,marking--continuous--solid,2
1180743439469066,nature--sky,3
1180743439469066,nature--terrain,4
1180743439469066,nature--vegetation,16
1180743439469066,object--wire-group,4
1180743439469066,void--ego-vehicle,1
1180743439469066,void--unlabeled,27
1180743439469066,object--manhole,1
1180743439469066,construction--flat--driveway,2
1180743439469066,object--support--utility-pole,1
1180743439469066,object--street-light,1
1180743439469066,object--support--pole,1
1180743439469066,human--person--individual,1
1224008968872877,construction--barrier--curb,2
1224008968872877,construction--flat--sidewalk,15
1224008968872877,construction--flat--curb-cut,12
1224008968872877,construction--flat--road,8
1224008968872877,construction--structure--building,27
1224008968872877,construction--barrier--fence,2
1224008968872877,construction--barrier--wall,10
1224008968872877,nature--terrain,3
1224008968872877,nature--sky,3
1224008968872877,nature--vegetation,9
1224008968872877,void--ego-vehicle,3
1224008968872877,void--ground,13
1224008968872877,void--unlabeled,43
1224008968872877,object--vehicle--motorcycle,2
1224008968872877,object--manhole,2
1224008968872877,object--fire-hydrant,1
1248475056282697,construction--barrier--curb,24
1248475056282697,construction--flat--curb-cut,2
1248475056282697,construction--barrier--fence,8
1248475056282697,construction--flat--road,17
1248475056282697,construction--flat--sidewalk,20
1248475056282697,construction--flat--traffic-island,3
1248475056282697,construction--structure--building,38
1248475056282697,marking--continuous--solid,13
1248475056282697,nature--sky,13
1248475056282697,nature--terrain,9
1248475056282697,nature--vegetation,33
1248475056282697,void--ego-vehicle,5
1248475056282697,void--unlabeled,167
1248475056282697,object--vehicle--car,6
1248475056282697,object--support--utility-pole,2
1248475056282697,object--traffic-light--pedestrians-front,1
1248475056282697,marking--discrete--stop-line,1
1248475056282697,object--support--pole,11
1248475056282697,marking--discrete--crosswalk-zebra,3
1248475056282697,object--traffic-sign--front,1
1248475056282697,object--street-light,1
1248475056282697,animal--ground-animal,1
1248475056282697,object--vehicle--bicycle,1
1248475056282697,object--traffic-sign--back,1
1248475056282697,human--rider--bicyclist,1
1231156731456567,construction--barrier--curb,9
1231156731456567,construction--structure--building,37
1231156731456567,construction--flat--sidewalk,9
1231156731456567,construction--flat--road,11
1231156731456567,marking--continuous--dashed,7
1231156731456567,marking--continuous--solid,6
1231156731456567,nature--sky,19
1231156731456567,nature--vegetation,26
1231156731456567,object--wire-group,18
1231156731456567,void--ego-vehicle,1
1231156731456567,void--unlabeled,134
1231156731456567,object--vehicle--car,5
1231156731456567,human--person--individual,5
1231156731456567,object--support--utility-pole,5
1231156731456567,object--street-light,1
1231156731456567,object--vehicle--motorcycle,2
1231156731456567,object--traffic-sign--front,5
1231156731456567,object--traffic-light--general-horizontal-front,2
1231156731456567,object--support--pole,5
1231156731456567,construction--flat--driveway,1
1231156731456567,marking--discrete--crosswalk-zebra,1
1231156731456567,object--traffic-light--general-upright-front,1
1231156731456567,object--sign--advertisement,1
1231156731456567,object--traffic-light--pedestrians-side,1
1296528161713437,construction--barrier--fence,1
1296528161713437,nature--sky,6
1296528161713437,construction--structure--building,27
1296528161713437,marking--continuous--solid,1
1296528161713437,construction--barrier--wall,6
1296528161713437,construction--flat--road,9
1296528161713437,nature--vegetation,15
1296528161713437,object--wire-group,7
1296528161713437,void--ego-vehicle,3
1296528161713437,void--unlabeled,144
1296528161713437,object--vehicle--car,17
1296528161713437,object--support--utility-pole,3
1296528161713437,object--street-light,3
1296528161713437,object--support--pole,5
1296528161713437,object--traffic-light--general-upright-front,1
1296528161713437,human--person--individual,3
1296528161713437,object--traffic-sign--front,1
1296528161713437,object--traffic-light--general-horizontal-front,1
1296528161713437,marking--discrete--crosswalk-zebra,1
1000386854065843,object--support--utility-pole,1
1000386854065843,object--street-light,1
1006991110279227,construction--barrier--curb,6
1006991110279227,construction--barrier--fence,9
1006991110279227,construction--barrier--wall,8
1006991110279227,construction--flat--road,7
1006991110279227,construction--flat--sidewalk,7
1006991110279227,construction--structure--building,32
1006991110279227,marking--continuous--dashed,1
1006991110279227,marking--continuous--solid,3
1006991110279227,nature--sky,14
1006991110279227,nature--terrain,8
1006991110279227,nature--vegetation,24
1006991110279227,object--wire-group,16
1006991110279227,void--ego-vehicle,2
1006991110279227,void--unlabeled,96
1006991110279227,object--vehicle--car,2
1006991110279227,object--traffic-sign--front,1
1006991110279227,object--support--pole,4
1006991110279227,object--traffic-light--pedestrians-front,1
1006991110279227,marking--discrete--crosswalk-zebra,2
1006991110279227,human--person--individual,1
1006991110279227,object--support--utility-pole,2
1006991110279227,object--sign--other,1
1006991110279227,marking--discrete--arrow--straight,1
1006991110279227,marking--discrete--stop-line,1
1006991110279227,marking--discrete--other-marking,1
1278093569852056,warning--pedestrians-crossing--g4,1
1278093569852056,construction--barrier--fence,1
1278093569852056,construction--barrier--wall,8
1278093569852056,construction--flat--sidewalk,20
1278093569852056,construction--flat--road,16
1278093569852056,construction--flat--curb-cut,5
1278093569852056,construction--structure--building,66
1278093569852056,nature--sky,22
1278093569852056,marking--continuous--solid,4
1278093569852056,construction--structure--garage,1
1278093569852056,nature--terrain,7
1278093569852056,nature--vegetation,39
1278093569852056,object--wire-group,36
1278093569852056,void--ego-vehicle,2
1278093569852056,void--ground,8
1278093569852056,void--unlabeled,202
1278093569852056,object--vehicle--car,13
1278093569852056,object--vehicle--motorcycle,2
1278093569852056,object--street-light,5
1278093569852056,marking--discrete--arrow--straight,1
1278093569852056,human--person--individual,3
1278093569852056,object--traffic-sign--front,4
1278093569852056,object--support--utility-pole,9
1278093569852056,object--support--pole,7
1278093569852056,marking--discrete--crosswalk-zebra,2
1278093569852056,marking--discrete--arrow--split-left-or-straight,1
1278093569852056,object--sign--store,1
1278093569852056,construction--flat--driveway,1
1278093569852056,object--water-valve,1
1278093569852056,object--traffic-light--general-horizontal-front,2
1278093569852056,object--traffic-sign--direction-front,1
1278093569852056,object--traffic-sign--back,1
1052648873262633,construction--barrier--curb,4
1052648873262633,nature--vegetation,8
1052648873262633,marking--continuous--dashed,2
1052648873262633,construction--structure--building,11
1052648873262633,marking--continuous--solid,3
1052648873262633,object--wire-group,9
1052648873262633,nature--sky,11
1052648873262633,construction--flat--sidewalk,4
1052648873262633,construction--flat--road,4
1052648873262633,void--ego-vehicle,1
1052648873262633,void--unlabeled,61
1052648873262633,object--vehicle--car,3
1052648873262633,object--support--utility-pole,1
1052648873262633,construction--flat--driveway,1
1056858156108275,warning--pedestrians-crossing--g4,1
1056858156108275,construction--barrier--curb,15
1056858156108275,construction--flat--road,25
1056858156108275,construction--flat--curb-cut,1
1056858156108275,construction--barrier--wall,8
1056858156108275,construction--barrier--fence,4
1056858156108275,construction--flat--sidewalk,21
1056858156108275,construction--structure--building,38
1056858156108275,marking--continuous--solid,6
1056858156108275,nature--sky,9
1056858156108275,nature--terrain,13
1056858156108275,nature--vegetation,33
1056858156108275,object--wire-group,13
1056858156108275,void--ego-vehicle,1
1056858156108275,void--unlabeled,155
1056858156108275,object--vehicle--car,7
1056858156108275,object--street-light,2
1056858156108275,marking--discrete--arrow--straight,1
1056858156108275,object--traffic-sign--front,4
1056858156108275,human--person--individual,3
1056858156108275,object--traffic-light--general-horizontal-front,2
1056858156108275,object--support--utility-pole,6
1056858156108275,human--rider--motorcyclist,1
1056858156108275,object--support--pole,10
1056858156108275,marking--discrete--crosswalk-zebra,3
1056858156108275,marking--discrete--arrow--split-left-or-straight,1
1056858156108275,object--water-valve,1
1056858156108275,object--vehicle--motorcycle,1
1056858156108275,object--traffic-light--pedestrians-front,2
1056858156108275,object--support--traffic-sign-frame,1
1056858156108275,object--catch-basin,1
137043308992317,construction--barrier--curb,10
137043308992317,construction--barrier--fence,7
137043308992317,construction--flat--curb-cut,5
137043308992317,construction--flat--road,7
137043308992317,construction--flat--sidewalk,9
137043308992317,construction--structure--building,17
137043308992317,nature--sky,17
137043308992317,nature--terrain,6
137043308992317,nature--vegetation,13
137043308992317,object--wire-group,8
137043308992317,void--ground,3
137043308992317,void--ego-vehicle,1
137043308992317,void--unlabeled,102
137043308992317,object--vehicle--car,1
137043308992317,object--traffic-sign--back,3
137043308992317,object--manhole,3
137043308992317,human--person--individual,1
137043308992317,object--support--pole,5
137043308992317,object--traffic-sign--direction-front,2
137043308992317,marking--discrete--crosswalk-zebra,1
137043308992317,marking--discrete--stop-line,1
137043308992317,object--support--utility-pole,1
1065481741510283,construction--barrier--curb,10
1065481741510283,construction--flat--road,18
1065481741510283,construction--flat--sidewalk,4
1065481741510283,construction--structure--building,34
1065481741510283,construction--barrier--wall,5
1065481741510283,marking--continuous--dashed,3
1065481741510283,marking--continuous--solid,4
1065481741510283,nature--sky,11
1065481741510283,nature--terrain,6
1065481741510283,nature--vegetation,12
1065481741510283,object--wire-group,15
1065481741510283,void--ego-vehicle,5
1065481741510283,void--unlabeled,171
1065481741510283,object--vehicle--car,9
1065481741510283,object--traffic-sign--front,1
1065481741510283,marking--discrete--crosswalk-zebra,2
1065481741510283,object--support--pole,5
1065481741510283,marking--discrete--stop-line,1
1065481741510283,object--traffic-sign--back,2
1065481741510283,object--street-light,3
1065481741510283,object--support--utility-pole,2
1065481741510283,object--traffic-light--general-horizontal-back,1
1065481741510283,object--traffic-light--pedestrians-front,1
1065481741510283,object--manhole,1
1065481741510283,object--trash-can,1
1065481741510283,marking--discrete--other-marking,1
1065481741510283,object--support--traffic-sign-frame,1
1065481741510283,regulatory--maximum-speed-limit-30--g1,1
1083444183374772,complementary--keep-left--g1,1
1083444183374772,warning--pedestrians-crossing--g4,1
1083444183374772,construction--barrier--curb,6
1083444183374772,construction--structure--building,26
1083444183374772,construction--barrier--fence,3
1083444183374772,construction--barrier--wall,8
1083444183374772,construction--flat--road,7
1083444183374772,marking--continuous--dashed,1
1083444183374772,marking--continuous--solid,3
1083444183374772,nature--sky,16
1083444183374772,nature--terrain,5
1083444183374772,nature--vegetation,13
1083444183374772,object--wire-group,12
1083444183374772,void--ego-vehicle,2
1083444183374772,void--unlabeled,89
1083444183374772,object--vehicle--car,5
1083444183374772,object--traffic-sign--front,2
1083444183374772,marking--discrete--crosswalk-zebra,2
1083444183374772,object--support--pole,4
1083444183374772,object--traffic-light--pedestrians-side,1
1083444183374772,object--support--utility-pole,2
1083444183374772,object--street-light,1
1083444183374772,marking--discrete--stop-line,1
141575295471245,construction--barrier--curb,27
141575295471245,construction--barrier--wall,32
141575295471245,construction--flat--road,21
141575295471245,construction--flat--sidewalk,19
141575295471245,construction--structure--building,47
141575295471245,nature--sky,34
141575295471245,nature--terrain,19
141575295471245,nature--vegetation,43
141575295471245,object--wire-group,28
141575295471245,void--ego-vehicle,2
141575295471245,void--unlabeled,321
141575295471245,object--vehicle--car,4
141575295471245,human--person--individual,4
141575295471245,object--traffic-sign--direction-front,5
141575295471245,marking--discrete--other-marking,1
141575295471245,object--traffic-light--general-horizontal-side,3
141575295471245,object--traffic-sign--front,4
141575295471245,object--traffic-sign--back,4
141575295471245,object--support--utility-pole,11
141575295471245,marking--discrete--crosswalk-zebra,4
141575295471245,object--traffic-light--general-horizontal-front,1
141575295471245,object--traffic-light--pedestrians-front,4
141575295471245,object--street-light,4
141575295471245,object--support--pole,13
141575295471245,object--traffic-light--pedestrians-side,1
141575295471245,object--junction-box,1
141575295471245,object--support--traffic-sign-frame,1
141575295471245,marking--discrete--arrow--straight,1
141575295471245,object--traffic-light--general-horizontal-back,1
141575295471245,object--manhole,1
141575295471245,marking--discrete--stop-line,2
148913058033302,construction--barrier--curb,9
148913058033302,construction--barrier--fence,8
148913058033302,construction--flat--curb-cut,6
148913058033302,construction--flat--road,9
148913058033302,construction--flat--sidewalk,8
148913058033302,construction--structure--building,16
148913058033302,nature--sky,19
148913058033302,nature--terrain,5
148913058033302,nature--vegetation,24
148913058033302,object--wire-group,10
148913058033302,void--ego-vehicle,1
148913058033302,void--ground,3
148913058033302,void--unlabeled,99
148913058033302,object--traffic-sign--back,3
148913058033302,object--vehicle--car,1
148913058033302,object--manhole,2
148913058033302,human--person--individual,1
148913058033302,object--traffic-sign--direction-front,2
148913058033302,object--support--pole,4
148913058033302,marking--discrete--crosswalk-zebra,1
148913058033302,marking--discrete--stop-line,1
148913058033302,object--support--utility-pole,1
1118403989559199,construction--barrier--curb,9
1118403989559199,construction--flat--road,10
1118403989559199,construction--barrier--fence,8
1118403989559199,construction--flat--sidewalk,7
1118403989559199,construction--flat--curb-cut,3
1118403989559199,construction--structure--building,17
1118403989559199,nature--sky,11
1118403989559199,nature--terrain,6
1118403989559199,nature--vegetation,16
1118403989559199,object--wire-group,8
1118403989559199,void--ego-vehicle,1
1118403989559199,void--ground,2
1118403989559199,void--unlabeled,85
1118403989559199,object--traffic-sign--back,2
1118403989559199,object--vehicle--car,1
1118403989559199,object--manhole,3
1118403989559199,object--traffic-sign--direction-front,2
1118403989559199,human--person--individual,1
1118403989559199,object--support--pole,4
1118403989559199,marking--discrete--stop-line,1
1118403989559199,marking--discrete--crosswalk-zebra,1
1118403989559199,object--support--utility-pole,1
1118403989559199,object--traffic-light--general-upright-back,1
1095547768585191,construction--barrier--curb,6
1095547768585191,construction--flat--road,28
1095547768585191,construction--flat--sidewalk,3
1095547768585191,construction--structure--building,25
1095547768585191,construction--barrier--wall,5
1095547768585191,nature--terrain,3
1095547768585191,nature--vegetation,17
1095547768585191,nature--sky,6
1095547768585191,marking--continuous--solid,5
1095547768585191,object--wire-group,6
1095547768585191,void--unlabeled,89
1095547768585191,void--ego-vehicle,1
1095547768585191,object--vehicle--car,13
1095547768585191,object--support--pole,3
1095547768585191,object--street-light,3
1095547768585191,object--support--utility-pole,2
1081069662636801,object--support--utility-pole,3
1081069662636801,object--traffic-light--pedestrians,1
151953061013273,construction--barrier--curb,14
151953061013273,construction--flat--road,10
151953061013273,construction--barrier--fence,7
151953061013273,construction--flat--sidewalk,10
151953061013273,construction--barrier--wall,12
151953061013273,construction--structure--building,21
151953061013273,marking--continuous--solid,8
151953061013273,nature--sky,15
151953061013273,nature--terrain,9
151953061013273,nature--vegetation,15
151953061013273,object--wire-group,11
151953061013273,void--ego-vehicle,1
151953061013273,void--static,8
151953061013273,void--unlabeled,116
151953061013273,object--vehicle--car,6
151953061013273,object--traffic-sign--back,4
151953061013273,object--support--pole,7
151953061013273,object--manhole,2
151953061013273,object--traffic-light--pedestrians-front,1
151953061013273,marking--discrete--crosswalk-zebra,1
151953061013273,object--traffic-sign--direction-front,1
151953061013273,marking--discrete--stop-line,1
151953061013273,marking--discrete--arrow--left,1
155299270686530,construction--barrier--curb,3
155299270686530,construction--barrier--wall,3
155299270686530,construction--flat--curb-cut,2
155299270686530,construction--flat--road,4
155299270686530,construction--flat--sidewalk,4
155299270686530,construction--structure--building,14
155299270686530,marking--continuous--solid,6
155299270686530,nature--sky,7
155299270686530,nature--vegetation,9
155299270686530,nature--terrain,2
155299270686530,object--wire-group,3
155299270686530,void--ego-vehicle,1
155299270686530,void--ground,3
155299270686530,void--unlabeled,18
155299270686530,object--manhole,1
155299270686530,object--support--pole,1
1093186452408035,construction--barrier--wall,5
1093186452408035,construction--flat--road,22
1093186452408035,construction--structure--building,16
1093186452408035,marking--continuous--solid,3
1093186452408035,construction--flat--sidewalk,4
1093186452408035,nature--sky,11
1093186452408035,nature--vegetation,16
1093186452408035,object--wire-group,16
1093186452408035,void--ego-vehicle,1
1093186452408035,void--unlabeled,106
1093186452408035,object--vehicle--car,12
1093186452408035,object--street-light,5
1093186452408035,object--support--utility-pole,4
1093186452408035,human--person--individual,1
1093186452408035,object--support--pole,4
1093186452408035,marking--discrete--crosswalk-zebra,1
1093186452408035,object--sign--store,1
1093186452408035,object--vehicle--truck,1
1093186452408035,object--sign--advertisement,1
1093008175828562,construction--barrier--fence,17
1093008175828562,construction--barrier--curb,19
1093008175828562,construction--flat--road,31
1093008175828562,construction--barrier--wall,11
1093008175828562,construction--flat--sidewalk,22
1093008175828562,construction--structure--building,45
1093008175828562,marking--continuous--solid,13
1093008175828562,nature--sky,23
1093008175828562,nature--terrain,23
1093008175828562,nature--vegetation,29
1093008175828562,object--wire-group,18
1093008175828562,void--ego-vehicle,2
1093008175828562,void--unlabeled,199
1093008175828562,object--support--pole,15
1093008175828562,object--support--utility-pole,4
1093008175828562,object--traffic-sign--back,2
1093008175828562,object--vehicle--motorcycle,1
1093008175828562,object--street-light,4
1093008175828562,object--vehicle--car,8
1093008175828562,object--traffic-light--general-horizontal-front,2
1093008175828562,marking--discrete--crosswalk-zebra,5
1093008175828562,marking--discrete--other-marking,1
1093008175828562,human--rider--motorcyclist,1
1093008175828562,object--traffic-light--general-horizontal-side,2
1093008175828562,object--traffic-sign--front,4
1093008175828562,object--traffic-light--pedestrians-side,1
1093008175828562,object--traffic-sign--direction-front,2
1093008175828562,marking--discrete--arrow--straight,1
1093008175828562,marking--discrete--stop-line,1
1093008175828562,object--traffic-light--pedestrians-front,1
1093008175828562,object--traffic-light--general-upright-front,1
1107213564442522,construction--barrier--curb,6
1107213564442522,nature--vegetation,7
1107213564442522,construction--structure--building,5
1107213564442522,nature--sky,6
1107213564442522,nature--terrain,4
1107213564442522,object--wire-group,7
1107213564442522,void--ego-vehicle,6
1107213564442522,construction--flat--sidewalk,5
1107213564442522,construction--barrier--fence,1
1107213564442522,construction--barrier--wall,3
1107213564442522,construction--flat--curb-cut,2
1107213564442522,construction--flat--road,2
1107213564442522,void--unlabeled,33
1107213564442522,object--support--pole,2
1107213564442522,object--traffic-sign--front,1
1528645984307985,construction--barrier--curb,10
1528645984307985,construction--barrier--fence,8
1528645984307985,construction--barrier--wall,8
1528645984307985,construction--flat--road,13
1528645984307985,construction--flat--sidewalk,11
1528645984307985,construction--structure--building,29
1528645984307985,marking--continuous--dashed,3
1528645984307985,marking--continuous--solid,12
1528645984307985,nature--sky,14
1528645984307985,nature--terrain,11
1528645984307985,nature--vegetation,31
1528645984307985,object--wire-group,13
1528645984307985,void--ego-vehicle,3
1528645984307985,void--unlabeled,88
1528645984307985,object--support--pole,3
1528645984307985,marking--discrete--crosswalk-zebra,2
1528645984307985,object--traffic-light--pedestrians-front,1
1528645984307985,object--traffic-sign--front,1
1528645984307985,marking--discrete--stop-line,2
1528645984307985,human--person--individual,2
1528645984307985,object--support--utility-pole,3
1528645984307985,marking--discrete--arrow--straight,2
1528645984307985,object--sign--other,1
1528645984307985,object--street-light,1
1093228595793650,construction--barrier--curb,5
1093228595793650,nature--sky,12
1093228595793650,marking--continuous--dashed,3
1093228595793650,marking--continuous--solid,4
1093228595793650,construction--structure--building,9
1093228595793650,nature--terrain,3
1093228595793650,nature--vegetation,14
1093228595793650,construction--flat--sidewalk,4
1093228595793650,construction--flat--road,8
1093228595793650,object--wire-group,8
1093228595793650,void--ego-vehicle,2
1093228595793650,void--unlabeled,41
1093228595793650,object--vehicle--car,2
1093228595793650,object--support--utility-pole,1
1093228595793650,object--traffic-sign--back,1
1544379589536242,construction--barrier--curb,10
1544379589536242,construction--flat--sidewalk,18
1544379589536242,construction--flat--road,13
1544379589536242,construction--barrier--fence,9
1544379589536242,construction--barrier--wall,5
1544379589536242,construction--structure--building,38
1544379589536242,nature--sky,26
1544379589536242,nature--terrain,10
1544379589536242,nature--vegetation,24
1544379589536242,object--wire-group,24
1544379589536242,void--unlabeled,174
1544379589536242,void--ego-vehicle,1
1544379589536242,object--vehicle--car,3
1544379589536242,object--support--utility-pole,4
1544379589536242,marking--discrete--crosswalk-zebra,2
1544379589536242,object--traffic-sign--direction-front,1
1544379589536242,object--manhole,3
1544379589536242,object--trash-can,1
1544379589536242,object--support--pole,5
1544379589536242,object--street-light,1
1544379589536242,object--traffic-light--general-horizontal-side,3
1544379589536242,object--traffic-light--pedestrians-front,3
1544379589536242,object--traffic-sign--back,2
1544379589536242,marking--discrete--stop-line,2
1544379589536242,human--person--individual,1
1544379589536242,marking--discrete--other-marking,1
1544379589536242,object--vehicle--wheeled-slow,1
1034146702057437,construction--barrier--curb,9
1034146702057437,construction--flat--road,27
1034146702057437,construction--barrier--wall,8
1034146702057437,construction--barrier--fence,7
1034146702057437,construction--flat--sidewalk,13
1034146702057437,construction--structure--building,37
1034146702057437,nature--sky,22
1034146702057437,nature--terrain,6
1034146702057437,nature--vegetation,26
1034146702057437,object--wire-group,20
1034146702057437,void--ego-vehicle,6
1034146702057437,void--unlabeled,254
1034146702057437,object--vehicle--car,12
1034146702057437,marking--discrete--other-marking,1
1034146702057437,marking--discrete--crosswalk-zebra,2
1034146702057437,human--person--individual,4
1034146702057437,object--support--utility-pole,4
1034146702057437,object--support--pole,11
1034146702057437,object--traffic-sign--direction-front,1
1034146702057437,object--trash-can,2
1034146702057437,object--street-light,4
1034146702057437,object--manhole,1
1034146702057437,object--traffic-light--general-horizontal-front,2
1034146702057437,object--traffic-light--pedestrians-front,2
1034146702057437,marking--discrete--arrow--straight,1
1034146702057437,object--traffic-light--general-horizontal-side,2
1034146702057437,marking--discrete--stop-line,2
1034146702057437,object--traffic-sign--front,1
123085967170812,construction--barrier--curb,9
123085967170812,construction--barrier--fence,7
123085967170812,construction--flat--road,13
123085967170812,construction--flat--curb-cut,3
123085967170812,construction--flat--sidewalk,10
123085967170812,construction--structure--building,17
123085967170812,nature--sky,19
123085967170812,nature--terrain,6
123085967170812,nature--vegetation,22
123085967170812,object--wire-group,7
123085967170812,void--ego-vehicle,1
123085967170812,void--ground,2
123085967170812,void--unlabeled,107
123085967170812,object--vehicle--car,2
123085967170812,object--traffic-sign--back,2
123085967170812,object--manhole,2
123085967170812,object--traffic-sign--direction-front,2
123085967170812,object--support--pole,4
123085967170812,human--person--individual,1
123085967170812,marking--discrete--crosswalk-zebra,1
123085967170812,marking--discrete--stop-line,1
123085967170812,object--traffic-light--general-upright-back,1
123085967170812,object--traffic-light--pedestrians-side,1
1160596864651045,construction--barrier--curb,2
1160596864651045,construction--barrier--wall,10
1160596864651045,construction--structure--building,12
1160596864651045,construction--flat--road,6
1160596864651045,marking--continuous--solid,6
1160596864651045,nature--sky,12
1160596864651045,construction--flat--sidewalk,2
1160596864651045,nature--terrain,2
1160596864651045,nature--vegetation,6
1160596864651045,object--wire-group,21
1160596864651045,void--ego-vehicle,1
1160596864651045,void--unlabeled,30
1160596864651045,object--support--utility-pole,1
1213239612464079,object--support--utility-pole,3
1198459637887066,warning--pedestrians-crossing--g4,1
1198459637887066,construction--barrier--curb,11
1198459637887066,construction--flat--sidewalk,12
1198459637887066,construction--flat--road,8
1198459637887066,construction--barrier--wall,11
1198459637887066,construction--structure--building,35
1198459637887066,construction--barrier--fence,1
1198459637887066,nature--sky,17
1198459637887066,marking--continuous--solid,3
1198459637887066,nature--terrain,15
1198459637887066,nature--vegetation,25
1198459637887066,object--wire-group,13
1198459637887066,void--ego-vehicle,1
1198459637887066,void--unlabeled,134
1198459637887066,object--vehicle--car,6
1198459637887066,human--person--individual,4
1198459637887066,object--traffic-sign--front,5
1198459637887066,marking--discrete--crosswalk-zebra,2
1198459637887066,object--traffic-light--general-horizontal-front,2
1198459637887066,object--support--pole,8
1198459637887066,object--support--utility-pole,4
1198459637887066,object--traffic-light--pedestrians-front,1
1198459637887066,object--traffic-sign--direction-front,1
1198459637887066,object--traffic-light--pedestrians-side,1
1198459637887066,object--street-light,2
1198459637887066,marking--discrete--arrow--split-left-or-straight,1
1198459637887066,human--rider--motorcyclist,1
1198459637887066,object--traffic-light--general-upright-front,1
1203045670949953,construction--flat--road,33
1203045670949953,construction--barrier--fence,8
1203045670949953,construction--flat--sidewalk,15
1203045670949953,construction--structure--building,60
1203045670949953,nature--sky,21
1203045670949953,marking--continuous--solid,4
1203045670949953,nature--terrain,6
1203045670949953,nature--vegetation,22
1203045670949953,object--wire-group,24
1203045670949953,void--ego-vehicle,12
1203045670949953,void--unlabeled,197
1203045670949953,object--vehicle--car,23
1203045670949953,object--street-light,4
1203045670949953,object--support--utility-pole,10
1203045670949953,object--traffic-sign--front,2
1203045670949953,marking--discrete--other-marking,2
1203045670949953,object--support--pole,5
1203045670949953,construction--flat--driveway,1
1203045670949953,marking--discrete--crosswalk-zebra,2
1203045670949953,object--traffic-light--general-horizontal-front,2
1203045670949953,object--traffic-sign--back,1
1203045670949953,warning--pedestrians-crossing--g4,1
1204226443532147,construction--barrier--curb,3
1204226443532147,construction--barrier--fence,6
1204226443532147,construction--barrier--wall,6
1204226443532147,construction--flat--road,9
1204226443532147,construction--flat--sidewalk,6
1204226443532147,construction--structure--building,25
1204226443532147,marking--continuous--solid,15
1204226443532147,nature--sky,16
1204226443532147,nature--terrain,2
1204226443532147,nature--vegetation,19
1204226443532147,object--wire-group,6
1204226443532147,void--ego-vehicle,1
1204226443532147,void--unlabeled,111
1204226443532147,object--vehicle--car,2
1204226443532147,object--traffic-sign--front,2
1204226443532147,human--person--individual,1
1204226443532147,construction--flat--driveway,2
1204226443532147,object--support--utility-pole,4
1204226443532147,object--support--pole,5
1204226443532147,object--traffic-sign--direction-front,2
1204226443532147,marking--discrete--stop-line,1
1204226443532147,marking--discrete--crosswalk-zebra,2
1204226443532147,object--traffic-light--pedestrians-front,1
1204226443532147,object--traffic-light--general-horizontal-side,1
1204226443532147,object--trash-can,1
1204226443532147,object--traffic-sign--back,2
1204226443532147,marking--discrete--arrow--straight,2
1204226443532147,complementary--keep-left--g1,1
1204226443532147,warning--pedestrians-crossing--g4,1
1072954440987190,construction--barrier--curb,12
1072954440987190,construction--flat--sidewalk,9
1072954440987190,construction--flat--road,23
1072954440987190,construction--structure--building,26
1072954440987190,construction--barrier--wall,5
1072954440987190,marking--continuous--solid,10
1072954440987190,nature--sky,14
1072954440987190,nature--terrain,6
1072954440987190,nature--vegetation,16
1072954440987190,void--ego-vehicle,4
1072954440987190,void--ground,10
1072954440987190,void--static,8
1072954440987190,void--unlabeled,136
1072954440987190,object--vehicle--car,10
1072954440987190,object--sign--advertisement,1
1072954440987190,object--support--pole,9
1072954440987190,object--traffic-light--pedestrians-front,1
1072954440987190,object--support--utility-pole,1
1072954440987190,human--person--individual,1
1072954440987190,object--junction-box,1
1072954440987190,object--street-light,2
1072954440987190,object--traffic-sign--back,2
1072954440987190,marking--discrete--crosswalk-zebra,1
1072954440987190,marking--discrete--other-marking,1
1072954440987190,construction--flat--driveway,1
1072954440987190,object--traffic-light--general-upright-front,1
1129078080909317,object--support--utility-pole,4
1129078080909317,marking--discrete--arrow--straight,1
1129078080909317,object--support--pole,1
1055612408729272,construction--barrier--curb,9
1055612408729272,construction--barrier--fence,7
1055612408729272,construction--flat--curb-cut,7
1055612408729272,construction--flat--road,10
1055612408729272,construction--structure--building,18
1055612408729272,construction--flat--sidewalk,7
1055612408729272,nature--sky,19
1055612408729272,nature--terrain,7
1055612408729272,nature--vegetation,17
1055612408729272,object--wire-group,9
1055612408729272,void--ego-vehicle,1
1055612408729272,void--ground,2
1055612408729272,void--unlabeled,95
1055612408729272,object--traffic-sign--back,1
1055612408729272,object--vehicle--car,2
1055612408729272,object--manhole,2
1055612408729272,human--person--individual,1
1055612408729272,object--support--pole,5
1055612408729272,object--traffic-sign--direction-front,2
1055612408729272,marking--discrete--crosswalk-zebra,1
1055612408729272,marking--discrete--stop-line,1
1055612408729272,object--traffic-light--general-upright-back,1
1055612408729272,object--support--utility-pole,1
1269080927555113,construction--barrier--curb,3
1269080927555113,construction--barrier--wall,14
1269080927555113,construction--structure--building,27
1269080927555113,construction--flat--road,13
1269080927555113,construction--flat--sidewalk,6
1269080927555113,marking--continuous--dashed,4
1269080927555113,nature--sky,14
1269080927555113,marking--continuous--solid,8
1269080927555113,nature--terrain,2
1269080927555113,nature--vegetation,17
1269080927555113,object--wire-group,17
1269080927555113,void--ego-vehicle,7
1269080927555113,void--unlabeled,50
1269080927555113,object--street-light,2
1269080927555113,object--vehicle--car,2
1269080927555113,object--support--utility-pole,1
1269080927555113,object--support--pole,2
1269080927555113,object--manhole,1
1257148008964689,construction--barrier--curb,22
1257148008964689,construction--barrier--wall,17
1257148008964689,construction--barrier--fence,9
1257148008964689,construction--flat--road,22
1257148008964689,construction--flat--sidewalk,18
1257148008964689,construction--structure--building,37
1257148008964689,nature--sky,24
1257148008964689,nature--terrain,11
1257148008964689,nature--vegetation,29
1257148008964689,object--wire-group,21
1257148008964689,void--ego-vehicle,2
1257148008964689,void--unlabeled,287
1257148008964689,object--vehicle--car,11
1257148008964689,object--traffic-sign--direction-front,4
1257148008964689,human--person--individual,4
1257148008964689,marking--discrete--stop-line,2
1257148008964689,object--traffic-light--general-horizontal-side,4
1257148008964689,object--traffic-sign--front,3
1257148008964689,marking--discrete--crosswalk-zebra,4
1257148008964689,object--support--pole,18
1257148008964689,object--traffic-light--general-horizontal-front,2
1257148008964689,object--traffic-sign--back,2
1257148008964689,object--traffic-light--pedestrians-front,3
1257148008964689,object--street-light,2
1257148008964689,object--support--utility-pole,2
1257148008964689,object--traffic-light--general-upright-side,1
1257148008964689,marking--discrete--arrow--straight,1
1257148008964689,object--traffic-light--pedestrians-side,2
1257148008964689,object--traffic-light--pedestrians-back,1
1257148008964689,animal--bird,1
1257148008964689,object--traffic-light--general-horizontal-back,1
1257148008964689,marking--discrete--arrow--split-right-or-straight,1
1244928966110997,construction--barrier--curb,12
1244928966110997,construction--barrier--wall,6
1244928966110997,construction--flat--road,21
1244928966110997,construction--flat--sidewalk,13
1244928966110997,construction--structure--building,36
1244928966110997,marking--continuous--dashed,6
1244928966110997,marking--continuous--solid,4
1244928966110997,nature--sky,16
1244928966110997,nature--terrain,11
1244928966110997,nature--vegetation,19
1244928966110997,object--wire-group,20
1244928966110997,void--ego-vehicle,1
1244928966110997,void--unlabeled,89
1244928966110997,object--street-light,3
1244928966110997,object--vehicle--car,3
1244928966110997,object--support--utility-pole,7
1244928966110997,object--support--pole,4
1244928966110997,object--traffic-sign--front,3
1244928966110997,object--traffic-sign--back,1
1244928966110997,object--traffic-light--general-horizontal-front,1
1244928966110997,marking--discrete--crosswalk-zebra,1
1244928966110997,animal--bird,1
1244928966110997,construction--flat--driveway,4
1244928966110997,human--rider--motorcyclist,1
1244928966110997,warning--curve-left--g2,1
1069326638536836,construction--barrier--curb,23
1069326638536836,construction--barrier--fence,23
1069326638536836,construction--barrier--wall,20
1069326638536836,construction--flat--road,36
1069326638536836,construction--flat--sidewalk,23
1069326638536836,construction--structure--building,51
1069326638536836,nature--sky,23
1069326638536836,nature--snow,4
1069326638536836,nature--terrain,24
1069326638536836,nature--vegetation,35
1069326638536836,object--wire-group,18
1069326638536836,void--ego-vehicle,3
1069326638536836,void--unlabeled,252
1069326638536836,object--vehicle--motorcycle,1
1069326638536836,object--vehicle--car,14
1069326638536836,object--traffic-sign--back,2
1069326638536836,object--traffic-sign--front,5
1069326638536836,human--rider--motorcyclist,1
1069326638536836,object--support--pole,12
1069326638536836,object--street-light,4
1069326638536836,marking--discrete--crosswalk-zebra,4
1069326638536836,object--support--utility-pole,7
1069326638536836,object--traffic-light--general-horizontal-front,2
1069326638536836,marking--discrete--other-marking,1
1069326638536836,object--traffic-sign--direction-front,2
1069326638536836,object--traffic-light--pedestrians-front,1
1069326638536836,object--traffic-light--general-upright-front,1
1069326638536836,marking--discrete--stop-line,2
1069326638536836,object--traffic-light--general-horizontal-side,3
1069326638536836,marking--discrete--arrow--split-right-or-straight,1
1069326638536836,object--sign--advertisement,1
1069326638536836,object--traffic-light--general-upright-side,1
1069326638536836,human--rider--bicyclist,1
1069326638536836,marking--discrete--text--school,1
1069326638536836,marking--discrete--arrow--straight,1
1069326638536836,regulatory--maximum-speed-limit-30--g1,1
1014947923735005,construction--barrier--curb,8
1014947923735005,construction--flat--sidewalk,9
1014947923735005,construction--barrier--wall,7
1014947923735005,construction--flat--road,12
1014947923735005,construction--structure--building,22
1014947923735005,construction--barrier--fence,5
1014947923735005,marking--continuous--dashed,16
1014947923735005,nature--sky,22
1014947923735005,nature--terrain,13
1014947923735005,nature--vegetation,19
1014947923735005,void--ego-vehicle,3
1014947923735005,object--wire-group,8
1014947923735005,void--unlabeled,150
1014947923735005,object--vehicle--car,4
1014947923735005,object--traffic-sign--front,1
1014947923735005,object--support--utility-pole,4
1014947923735005,human--person--individual,1
1014947923735005,marking--discrete--crosswalk-zebra,2
1014947923735005,object--support--pole,4
1014947923735005,marking--discrete--stop-line,2
1014947923735005,object--traffic-light--pedestrians-side,1
1014947923735005,animal--ground-animal,1
1014947923735005,object--traffic-sign--direction-front,1
1014947923735005,object--manhole,1
1014947923735005,marking--discrete--arrow--left,1
1192689375141214,construction--barrier--curb,7
1192689375141214,construction--flat--sidewalk,11
1192689375141214,construction--structure--building,22
1192689375141214,construction--barrier--wall,4
1192689375141214,construction--barrier--fence,5
1192689375141214,construction--flat--road,9
1192689375141214,marking--continuous--dashed,6
1192689375141214,nature--sky,13
1192689375141214,nature--terrain,9
1192689375141214,nature--vegetation,6
1192689375141214,object--wire-group,10
1192689375141214,void--dynamic,5
1192689375141214,void--ego-vehicle,2
1192689375141214,void--unlabeled,86
1192689375141214,object--vehicle--car,1
1192689375141214,object--support--pole,3
1192689375141214,object--vehicle--motorcycle,1
1192689375141214,object--support--utility-pole,2
1192689375141214,marking--discrete--stop-line,1
1192689375141214,human--rider--motorcyclist,1
1192689375141214,object--traffic-sign--front,1
1192689375141214,object--manhole,1
1192689375141214,marking--discrete--crosswalk-zebra,1
1224797592105988,complementary--keep-left--g1,1
1224797592105988,warning--pedestrians-crossing--g4,1
1224797592105988,construction--barrier--curb,16
1224797592105988,construction--flat--road,29
1224797592105988,construction--barrier--wall,7
1224797592105988,construction--barrier--fence,8
1224797592105988,construction--flat--sidewalk,18
1224797592105988,construction--structure--building,42
1224797592105988,marking--continuous--solid,8
1224797592105988,nature--sky,16
1224797592105988,nature--terrain,18
1224797592105988,nature--vegetation,28
1224797592105988,object--wire-group,13
1224797592105988,void--ego-vehicle,1
1224797592105988,void--unlabeled,243
1224797592105988,object--traffic-sign--front,4
1224797592105988,human--person--individual,4
1224797592105988,object--vehicle--car,7
1224797592105988,marking--discrete--arrow--straight,2
1224797592105988,object--street-light,4
1224797592105988,object--support--pole,11
1224797592105988,object--support--utility-pole,3
1224797592105988,marking--discrete--arrow--split-right-or-straight,1
1224797592105988,object--traffic-light--pedestrians-side,1
1224797592105988,object--traffic-light--general-horizontal-side,1
1224797592105988,object--traffic-sign--back,1
1224797592105988,marking--discrete--crosswalk-zebra,4
1224797592105988,object--traffic-light--pedestrians-front,1
1224797592105988,object--traffic-sign--direction-front,4
1224797592105988,object--support--traffic-sign-frame,1
1224797592105988,object--traffic-light--general-horizontal-front,2
1224797592105988,marking--discrete--stop-line,1
1224797592105988,human--rider--motorcyclist,1
1224797592105988,object--vehicle--motorcycle,1
1151120845555337,construction--barrier--curb,7
1151120845555337,construction--barrier--fence,21
1151120845555337,construction--structure--building,11
1151120845555337,construction--flat--road,10
1151120845555337,construction--flat--sidewalk,7
1151120845555337,nature--sky,16
1151120845555337,nature--terrain,5
1151120845555337,nature--vegetation,18
1151120845555337,object--wire-group,11
1151120845555337,void--ego-vehicle,1
1151120845555337,void--ground,5
1151120845555337,void--unlabeled,92
1151120845555337,object--vehicle--car,1
1151120845555337,object--support--pole,4
1151120845555337,object--traffic-sign--direction-front,2
1151120845555337,human--person--individual,1
1151120845555337,marking--discrete--crosswalk-zebra,1
1151120845555337,marking--discrete--stop-line,1
1151120845555337,object--traffic-sign--back,2
1151120845555337,object--support--utility-pole,1
1151120845555337,object--manhole,1
1301013097576273,construction--barrier--curb,18
1301013097576273,construction--barrier--fence,18
1301013097576273,construction--barrier--wall,14
1301013097576273,construction--flat--road,29
1301013097576273,construction--flat--sidewalk,27
1301013097576273,construction--structure--building,48
1301013097576273,nature--sky,30
1301013097576273,nature--terrain,19
1301013097576273,nature--vegetation,38
1301013097576273,object--wire-group,22
1301013097576273,void--ego-vehicle,3
1301013097576273,void--unlabeled,252
1301013097576273,marking--discrete--other-marking,3
1301013097576273,object--support--pole,16
1301013097576273,object--support--utility-pole,8
1301013097576273,object--street-light,5
1301013097576273,marking--discrete--crosswalk-zebra,4
1301013097576273,object--traffic-sign--front,3
1301013097576273,object--vehicle--car,12
1301013097576273,object--traffic-light--general-horizontal-front,2
1301013097576273,object--vehicle--motorcycle,1
1301013097576273,object--traffic-sign--back,2
1301013097576273,object--traffic-sign--direction-front,2
1301013097576273,human--rider--motorcyclist,1
1301013097576273,object--traffic-light--pedestrians-front,2
1301013097576273,marking--discrete--stop-line,3
1301013097576273,object--traffic-light--general-horizontal-side,1
1301013097576273,object--traffic-light--pedestrians-side,2
1270988344347769,construction--barrier--curb,22
1270988344347769,construction--flat--sidewalk,17
1270988344347769,construction--flat--road,16
1270988344347769,construction--structure--building,28
1270988344347769,marking--continuous--solid,13
1270988344347769,nature--sky,16
1270988344347769,nature--terrain,7
1270988344347769,nature--vegetation,20
1270988344347769,object--wire-group,14
1270988344347769,void--ego-vehicle,1
1270988344347769,void--ground,3
1270988344347769,void--unlabeled,187
1270988344347769,object--vehicle--car,12
1270988344347769,human--person--individual,1
1270988344347769,object--support--utility-pole,7
1270988344347769,object--traffic-sign--back,2
1270988344347769,object--support--pole,7
1270988344347769,marking--discrete--crosswalk-zebra,1
1270988344347769,object--sign--advertisement,1
1270988344347769,marking--discrete--stop-line,1
1270988344347769,object--traffic-light--general-upright-back,1
1270988344347769,marking--discrete--arrow--split-right-or-straight,1
1270988344347769,object--street-light,2
1270988344347769,human--rider--bicyclist,1
1270988344347769,marking--discrete--arrow--straight,1
1270988344347769,object--traffic-light--general-upright-front,1
1270988344347769,marking--discrete--other-marking,1
1270988344347769,object--vehicle--bicycle,1
1270988344347769,object--traffic-sign--front,2
1060594135565650,construction--structure--building,6
1060594135565650,object--wire-group,5
1060594135565650,nature--sky,11
1060594135565650,nature--vegetation,15
1060594135565650,marking--continuous--dashed,3
1060594135565650,marking--continuous--solid,4
1060594135565650,void--ego-vehicle,3
1060594135565650,construction--flat--road,3
1060594135565650,construction--flat--sidewalk,2
1060594135565650,void--ground,6
1060594135565650,void--unlabeled,40
1060594135565650,object--vehicle--car,2
1060594135565650,object--support--utility-pole,1
1060594135565650,marking--discrete--other-marking,1
1312627316766371,construction--barrier--curb,5
1312627316766371,construction--flat--sidewalk,12
1312627316766371,construction--flat--road,21
1312627316766371,construction--barrier--wall,11
1312627316766371,construction--structure--building,25
1312627316766371,nature--sky,10
1312627316766371,marking--continuous--dashed,6
1312627316766371,marking--continuous--solid,2
1312627316766371,nature--vegetation,15
1312627316766371,object--wire-group,15
1312627316766371,void--ego-vehicle,1
1312627316766371,void--unlabeled,122
1312627316766371,object--vehicle--car,15
1312627316766371,object--street-light,3
1312627316766371,object--support--utility-pole,4
1312627316766371,object--traffic-light--general-horizontal-front,1
1312627316766371,object--support--pole,5
1312627316766371,human--person--individual,1
1312627316766371,object--traffic-light--general-upright-front,1
1312627316766371,marking--discrete--crosswalk-zebra,1
1312627316766371,human--rider--motorcyclist,1
1180787665974292,construction--barrier--fence,6
1180787665974292,construction--barrier--curb,5
1180787665974292,construction--barrier--wall,3
1180787665974292,construction--flat--road,10
1180787665974292,construction--flat--sidewalk,11
1180787665974292,construction--structure--building,29
1180787665974292,marking--continuous--dashed,9
1180787665974292,marking--continuous--solid,2
1180787665974292,nature--sky,7
1180787665974292,nature--terrain,14
1180787665974292,nature--vegetation,28
1180787665974292,object--wire-group,4
1180787665974292,void--ego-vehicle,1
1180787665974292,void--unlabeled,150
1180787665974292,human--person--individual,2
1180787665974292,object--vehicle--car,6
1180787665974292,object--street-light,4
1180787665974292,object--traffic-sign--front,8
1180787665974292,object--support--utility-pole,1
1180787665974292,object--traffic-light--general-horizontal-front,2
1180787665974292,object--support--pole,14
1180787665974292,marking--discrete--crosswalk-zebra,2
1180787665974292,animal--ground-animal,1
1180787665974292,object--support--traffic-sign-frame,1
1180787665974292,object--traffic-light--general-upright-front,1
1180787665974292,object--sign--store,1
1142941292891306,object--support--pole,2
1142941292891306,object--support--utility-pole,1
1150456239006478,construction--barrier--curb,18
1150456239006478,construction--barrier--wall,23
1150456239006478,construction--flat--road,19
1150456239006478,construction--flat--sidewalk,21
1150456239006478,construction--structure--building,49
1150456239006478,nature--sky,32
1150456239006478,nature--vegetation,39
1150456239006478,object--wire-group,29
1150456239006478,void--ego-vehicle,3
1150456239006478,void--unlabeled,322
1150456239006478,object--vehicle--car,4
1150456239006478,object--traffic-sign--direction-front,5
1150456239006478,marking--discrete--other-marking,1
1150456239006478,human--person--individual,4
1150456239006478,object--traffic-sign--front,3
1150456239006478,object--traffic-light--general-horizontal-side,4
1150456239006478,object--traffic-sign--back,4
1150456239006478,marking--discrete--crosswalk-zebra,4
1150456239006478,object--support--utility-pole,12
1150456239006478,object--traffic-light--pedestrians-front,4
1150456239006478,object--traffic-light--general-horizontal-front,1
1150456239006478,object--street-light,4
1150456239006478,object--traffic-light--pedestrians-side,1
1150456239006478,object--support--pole,11
1150456239006478,object--support--traffic-sign-frame,1
1150456239006478,object--junction-box,1
1150456239006478,object--manhole,1
1150456239006478,marking--discrete--stop-line,2
1150456239006478,marking--discrete--arrow--straight,1
148554347711268,construction--barrier--curb,3
148554347711268,construction--barrier--fence,3
148554347711268,construction--barrier--wall,9
148554347711268,nature--sky,12
148554347711268,construction--flat--sidewalk,4
148554347711268,construction--structure--building,11
148554347711268,construction--flat--road,2
148554347711268,marking--continuous--solid,10
148554347711268,nature--terrain,3
148554347711268,nature--vegetation,7
148554347711268,object--wire-group,5
148554347711268,void--ground,2
148554347711268,void--ego-vehicle,1
148554347711268,void--unlabeled,14
148554347711268,object--support--utility-pole,1
1097594875111539,construction--barrier--wall,7
1097594875111539,nature--vegetation,9
1097594875111539,nature--sky,6
1097594875111539,construction--structure--building,17
1097594875111539,marking--continuous--dashed,3
1097594875111539,nature--terrain,1
1097594875111539,construction--flat--road,8
1097594875111539,construction--flat--sidewalk,2
1097594875111539,void--ego-vehicle,5
1097594875111539,void--unlabeled,37
1097594875111539,object--vehicle--car,3
1097594875111539,object--support--pole,2
1287520619071013,construction--flat--road,6
1287520619071013,construction--structure--building,37
1287520619071013,marking--continuous--solid,1
1287520619071013,construction--flat--sidewalk,6
1287520619071013,nature--sky,13
1287520619071013,nature--vegetation,20
1287520619071013,object--wire-group,24
1287520619071013,void--ego-vehicle,4
1287520619071013,void--ground,3
1287520619071013,void--unlabeled,128
1287520619071013,object--vehicle--car,6
1287520619071013,object--vehicle--motorcycle,2
1287520619071013,human--person--individual,3
1287520619071013,object--street-light,1
1287520619071013,object--traffic-light--general-horizontal-front,2
1287520619071013,object--traffic-sign--front,3
1287520619071013,object--support--pole,3
1287520619071013,object--support--utility-pole,5
1287520619071013,marking--discrete--crosswalk-zebra,1
1287520619071013,object--traffic-sign--back,1
1287520619071013,construction--flat--driveway,1
1287520619071013,object--traffic-sign--direction-front,1
1495628951142042,construction--barrier--curb,3
1495628951142042,construction--structure--building,20
1495628951142042,marking--continuous--dashed,4
1495628951142042,nature--sky,5
1495628951142042,nature--terrain,4
1495628951142042,nature--vegetation,8
1495628951142042,construction--flat--sidewalk,4
1495628951142042,construction--barrier--wall,4
1495628951142042,construction--flat--curb-cut,2
1495628951142042,construction--flat--road,1
1495628951142042,void--ego-vehicle,5
1495628951142042,void--ground,4
1495628951142042,void--static,7
1495628951142042,void--unlabeled,32
1495628951142042,object--vehicle--car,2
1495628951142042,object--sign--store,1
1495628951142042,object--support--pole,1
1536469964415702,construction--barrier--curb,16
1536469964415702,construction--flat--road,31
1536469964415702,construction--flat--sidewalk,21
1536469964415702,construction--structure--building,45
1536469964415702,marking--continuous--solid,19
1536469964415702,nature--sky,22
1536469964415702,nature--terrain,8
1536469964415702,nature--vegetation,32
1536469964415702,object--wire-group,25
1536469964415702,void--ego-vehicle,3
1536469964415702,void--unlabeled,237
1536469964415702,object--vehicle--car,12
1536469964415702,object--support--utility-pole,6
1536469964415702,marking--discrete--stop-line,2
1536469964415702,object--traffic-sign--direction-front,6
1536469964415702,object--traffic-light--general-horizontal-front,3
1536469964415702,marking--discrete--other-marking,1
1536469964415702,marking--discrete--crosswalk-zebra,3
1536469964415702,object--traffic-light--pedestrians-front,1
1536469964415702,object--traffic-sign--back,2
1536469964415702,object--support--pole,11
1536469964415702,object--street-light,3
1536469964415702,object--traffic-sign--front,1
1536469964415702,object--vehicle--motorcycle,1
1536469964415702,marking--discrete--arrow--split-left-or-straight,1
1536469964415702,marking--discrete--arrow--right,1
1536469964415702,object--traffic-light--general-horizontal-side,1
1536469964415702,human--rider--motorcyclist,1
1536469964415702,marking--discrete--arrow--straight,1
1259688205349328,construction--barrier--curb,6
1259688205349328,construction--structure--building,37
1259688205349328,construction--flat--sidewalk,7
1259688205349328,construction--flat--road,8
1259688205349328,construction--barrier--wall,6
1259688205349328,marking--continuous--dashed,5
1259688205349328,marking--continuous--solid,2
1259688205349328,nature--sky,23
1259688205349328,nature--terrain,4
1259688205349328,nature--vegetation,17
1259688205349328,object--wire-group,24
1259688205349328,void--ego-vehicle,1
1259688205349328,void--unlabeled,155
1259688205349328,object--vehicle--car,6
1259688205349328,object--traffic-sign--front,1
1259688205349328,object--support--pole,6
1259688205349328,marking--discrete--crosswalk-zebra,2
1259688205349328,object--support--utility-pole,2
1259688205349328,object--street-light,3
1259688205349328,object--traffic-light--pedestrians-front,1
1259688205349328,marking--discrete--stop-line,1
1259688205349328,object--traffic-light--general-horizontal-back,1
1259688205349328,marking--discrete--text--slow,1
1259688205349328,regulatory--maximum-speed-limit-30--g1,1
1543617749451481,construction--barrier--curb,10
1543617749451481,construction--flat--road,28
1543617749451481,construction--barrier--fence,3
1543617749451481,construction--flat--sidewalk,9
1543617749451481,construction--structure--building,23
1543617749451481,marking--continuous--dashed,11
1543617749451481,marking--continuous--solid,6
1543617749451481,nature--sky,6
1543617749451481,nature--terrain,5
1543617749451481,nature--vegetation,13
1543617749451481,object--wire-group,10
1543617749451481,void--unlabeled,33
1543617749451481,void--ego-vehicle,1
1543617749451481,construction--flat--driveway,2
1543617749451481,object--support--utility-pole,1
1543617749451481,object--support--pole,1
1543617749451481,object--manhole,1
1217551629173641,construction--barrier--curb,6
1217551629173641,construction--barrier--wall,11
1217551629173641,nature--sky,9
1217551629173641,construction--structure--building,8
1217551629173641,construction--flat--sidewalk,5
1217551629173641,nature--vegetation,8
1217551629173641,construction--flat--road,3
1217551629173641,nature--terrain,1
1217551629173641,object--wire-group,3
1217551629173641,void--ego-vehicle,2
1217551629173641,void--ground,1
1217551629173641,void--unlabeled,34
1217551629173641,object--support--utility-pole,1
1380662188959636,marking--discrete--crosswalk-zebra,2
1380662188959636,object--support--utility-pole,2
1380662188959636,object--support--pole,1
1380662188959636,object--traffic-light--general-horizontal,1
1380662188959636,marking--discrete--arrow--straight,1
1110444197359644,construction--barrier--fence,14
1110444197359644,construction--barrier--curb,19
1110444197359644,construction--barrier--wall,16
1110444197359644,construction--flat--road,27
1110444197359644,construction--flat--sidewalk,23
1110444197359644,construction--structure--building,44
1110444197359644,nature--sky,28
1110444197359644,nature--snow,1
1110444197359644,nature--terrain,17
1110444197359644,nature--vegetation,30
1110444197359644,object--wire-group,29
1110444197359644,void--unlabeled,238
1110444197359644,void--ego-vehicle,1
1110444197359644,marking--discrete--other-marking,2
1110444197359644,object--support--utility-pole,7
1110444197359644,object--support--pole,14
1110444197359644,object--vehicle--motorcycle,1
1110444197359644,marking--discrete--crosswalk-zebra,4
1110444197359644,object--traffic-sign--front,3
1110444197359644,object--street-light,4
1110444197359644,object--vehicle--car,13
1110444197359644,human--rider--motorcyclist,1
1110444197359644,object--traffic-sign--back,2
1110444197359644,object--traffic-sign--direction-front,3
1110444197359644,object--traffic-light--general-horizontal-front,2
1110444197359644,object--traffic-light--pedestrians-front,2
1110444197359644,marking--discrete--stop-line,3
1110444197359644,marking--discrete--text--school,1
1110444197359644,marking--discrete--give-way-row,1
1110444197359644,object--traffic-light--general-horizontal-back,1
150636500360642,warning--pedestrians-crossing--g4,1
150636500360642,object--traffic-light--pedestrians,3
150636500360642,marking--discrete--crosswalk-zebra,2
150636500360642,object--support--utility-pole,5
150636500360642,object--street-light,3
150636500360642,object--support--pole,3
150636500360642,object--traffic-light--general-horizontal,2
1318526012452771,construction--barrier--curb,22
1318526012452771,construction--barrier--fence,17
1318526012452771,construction--barrier--wall,14
1318526012452771,construction--flat--road,24
1318526012452771,construction--flat--sidewalk,26
1318526012452771,construction--structure--building,50
1318526012452771,nature--sky,32
1318526012452771,nature--snow,3
1318526012452771,nature--terrain,21
1318526012452771,nature--vegetation,43
1318526012452771,object--wire-group,22
1318526012452771,void--ego-vehicle,4
1318526012452771,void--unlabeled,247
1318526012452771,marking--discrete--other-marking,1
1318526012452771,object--support--pole,19
1318526012452771,object--support--utility-pole,5
1318526012452771,marking--discrete--crosswalk-zebra,4
1318526012452771,object--traffic-sign--front,4
1318526012452771,object--vehicle--motorcycle,1
1318526012452771,object--vehicle--car,10
1318526012452771,object--street-light,5
1318526012452771,object--traffic-sign--back,2
1318526012452771,object--traffic-light--general-horizontal-front,2
1318526012452771,object--traffic-sign--direction-front,2
1318526012452771,human--rider--motorcyclist,1
1318526012452771,marking--discrete--text--school,1
1318526012452771,marking--discrete--stop-line,5
1318526012452771,object--traffic-light--pedestrians-front,3
1318526012452771,object--traffic-light--general-horizontal-side,1
1318526012452771,marking--discrete--arrow--straight,1
1318526012452771,object--traffic-light--pedestrians-side,1
1253412552546666,construction--barrier--curb,6
1253412552546666,construction--flat--sidewalk,4
1253412552546666,construction--barrier--wall,11
1253412552546666,construction--flat--curb-cut,6
1253412552546666,construction--flat--road,3
1253412552546666,construction--structure--building,24
1253412552546666,construction--barrier--fence,12
1253412552546666,nature--sky,4
1253412552546666,nature--terrain,1
1253412552546666,nature--vegetation,13
1253412552546666,object--wire-group,3
1253412552546666,void--ego-vehicle,4
1253412552546666,void--unlabeled,7
1251395896100639,construction--barrier--wall,10
1251395896100639,construction--structure--building,28
1251395896100639,construction--flat--road,12
1251395896100639,construction--flat--sidewalk,6
1251395896100639,marking--continuous--dashed,2
1251395896100639,nature--sky,7
1251395896100639,nature--vegetation,23
1251395896100639,marking--continuous--solid,1
1251395896100639,object--wire-group,10
1251395896100639,void--ego-vehicle,2
1251395896100639,void--unlabeled,129
1251395896100639,object--vehicle--car,14
1251395896100639,object--street-light,4
1251395896100639,object--support--utility-pole,7
1251395896100639,object--support--pole,5
1251395896100639,human--person--individual,2
1251395896100639,object--traffic-light--general-upright-front,1
1251395896100639,object--traffic-light--general-horizontal-front,1
1070217908133809,construction--barrier--curb,2
1070217908133809,object--wire-group,3
1070217908133809,construction--structure--building,16
1070217908133809,nature--terrain,1
1070217908133809,nature--vegetation,4
1070217908133809,void--ego-vehicle,3
1070217908133809,void--ground,5
1070217908133809,void--unlabeled,24
1070217908133809,construction--flat--sidewalk,7
1070217908133809,construction--barrier--fence,3
1070217908133809,construction--flat--curb-cut,2
1070217908133809,construction--flat--road,3
1070217908133809,object--vehicle--car,1
1070217908133809,construction--flat--driveway,1
1215707189706186,construction--barrier--curb,1
1215707189706186,construction--barrier--fence,3
1215707189706186,nature--sky,5
1215707189706186,marking--continuous--dashed,8
1215707189706186,construction--structure--building,18
1215707189706186,nature--terrain,2
1215707189706186,construction--barrier--wall,8
1215707189706186,construction--flat--road,3
1215707189706186,construction--flat--sidewalk,3
1215707189706186,nature--vegetation,4
1215707189706186,void--ego-vehicle,1
1215707189706186,void--unlabeled,41
1215707189706186,object--vehicle--car,3
1215707189706186,object--support--utility-pole,1
1273917290302618,construction--barrier--curb,3
1273917290302618,construction--barrier--fence,9
1273917290302618,construction--flat--road,11
1273917290302618,construction--structure--building,20
1273917290302618,construction--flat--sidewalk,4
1273917290302618,marking--continuous--solid,5
1273917290302618,nature--sky,20
1273917290302618,nature--vegetation,15
1273917290302618,object--wire-group,8
1273917290302618,void--ego-vehicle,3
1273917290302618,void--unlabeled,95
1273917290302618,object--vehicle--car,2
1273917290302618,object--traffic-sign--front,2
1273917290302618,object--traffic-sign--direction-front,2
1273917290302618,object--support--utility-pole,2
1273917290302618,object--traffic-sign--back,2
1273917290302618,object--support--pole,4
1273917290302618,object--traffic-sign--direction-back,1
1273917290302618,marking--discrete--arrow--split-right-or-straight,1
1273917290302618,object--traffic-light--pedestrians-side,1
1273917290302618,object--sign--store,1
1273917290302618,object--sign--back,1
1273917290302618,warning--pedestrians-crossing--g4,1
1273917290302618,complementary--keep-left--g1,1
1628071477614130,construction--barrier--curb,27
1628071477614130,construction--barrier--wall,20
1628071477614130,construction--flat--road,19
1628071477614130,construction--flat--sidewalk,19
1628071477614130,construction--structure--building,41
1628071477614130,nature--sky,35
1628071477614130,nature--terrain,15
1628071477614130,nature--vegetation,38
1628071477614130,object--wire-group,20
1628071477614130,void--car-mount,4
1628071477614130,void--ego-vehicle,3
1628071477614130,void--unlabeled,277
1628071477614130,object--vehicle--car,5
1628071477614130,object--traffic-sign--direction-front,6
1628071477614130,marking--discrete--crosswalk-zebra,4
1628071477614130,object--traffic-light--general-horizontal-front,2
1628071477614130,object--traffic-light--general-horizontal-side,4
1628071477614130,object--traffic-sign--back,2
1628071477614130,marking--discrete--other-marking,1
1628071477614130,object--traffic-sign--front,5
1628071477614130,object--traffic-light--pedestrians-front,3
1628071477614130,object--street-light,4
1628071477614130,object--support--utility-pole,6
1628071477614130,human--person--individual,2
1628071477614130,object--junction-box,1
1628071477614130,object--support--pole,13
1628071477614130,object--traffic-light--pedestrians-side,2
1628071477614130,marking--discrete--stop-line,3
1628071477614130,object--support--traffic-sign-frame,1
1628071477614130,marking--discrete--arrow--split-left-or-straight,1
1628071477614130,object--manhole,1
1628071477614130,object--traffic-sign--direction-back,1
1628071477614130,marking--discrete--arrow--straight,2
1289181732532204,construction--barrier--fence,6
1289181732532204,construction--barrier--wall,15
1289181732532204,construction--barrier--curb,8
1289181732532204,construction--flat--road,25
1289181732532204,construction--flat--sidewalk,12
1289181732532204,construction--structure--building,23
1289181732532204,marking--continuous--dashed,19
1289181732532204,marking--continuous--solid,17
1289181732532204,nature--sky,24
1289181732532204,nature--terrain,4
1289181732532204,nature--vegetation,23
1289181732532204,object--wire-group,27
1289181732532204,void--unlabeled,94
1289181732532204,human--person--individual,2
1289181732532204,object--vehicle--car,3
1289181732532204,object--support--pole,3
1289181732532204,marking--discrete--crosswalk-zebra,2
1289181732532204,object--traffic-sign--front,1
1289181732532204,object--support--utility-pole,6
1289181732532204,object--junction-box,1
1289181732532204,object--traffic-sign--direction-front,1
1289181732532204,object--traffic-light--pedestrians-side,1
1646987289199553,complementary--keep-left--g1,1
1646987289199553,warning--pedestrians-crossing--g4,1
1646987289199553,construction--barrier--curb,21
1646987289199553,construction--barrier--wall,14
1646987289199553,construction--flat--road,21
1646987289199553,construction--flat--sidewalk,22
1646987289199553,construction--structure--building,43
1646987289199553,marking--continuous--dashed,22
1646987289199553,marking--continuous--solid,15
1646987289199553,nature--sky,21
1646987289199553,nature--terrain,16
1646987289199553,nature--vegetation,48
1646987289199553,object--wire-group,29
1646987289199553,void--ego-vehicle,2
1646987289199553,void--unlabeled,207
1646987289199553,void--ground,1
1646987289199553,object--sign--store,1
1646987289199553,object--traffic-sign--front,4
1646987289199553,marking--discrete--crosswalk-zebra,4
1646987289199553,object--vehicle--car,14
1646987289199553,marking--discrete--stop-line,1
1646987289199553,human--person--individual,4
1646987289199553,object--support--utility-pole,10
1646987289199553,object--support--pole,9
1646987289199553,object--traffic-light--general-horizontal-front,3
1646987289199553,object--traffic-sign--direction-front,3
1646987289199553,object--street-light,3
1646987289199553,marking--discrete--other-marking,1
1646987289199553,object--traffic-light--general-horizontal-side,1
1646987289199553,object--sign--advertisement,1
1646987289199553,object--traffic-light--pedestrians-front,1
1646987289199553,object--traffic-light--pedestrians-side,1
1613715075881814,warning--pedestrians-crossing--g4,1
1613715075881814,construction--barrier--curb,8
1613715075881814,construction--structure--building,31
1613715075881814,construction--flat--sidewalk,13
1613715075881814,construction--flat--road,12
1613715075881814,marking--continuous--solid,1
1613715075881814,nature--sky,14
1613715075881814,nature--terrain,10
1613715075881814,nature--vegetation,39
1613715075881814,object--wire-group,5
1613715075881814,void--unlabeled,121
1613715075881814,void--ego-vehicle,1
1613715075881814,object--vehicle--car,6
1613715075881814,object--vehicle--motorcycle,3
1613715075881814,object--traffic-sign--front,3
1613715075881814,construction--flat--driveway,1
1613715075881814,human--person--individual,3
1613715075881814,object--traffic-light--general-horizontal-front,1
1613715075881814,object--support--utility-pole,2
1613715075881814,object--street-light,2
1613715075881814,object--support--pole,9
1613715075881814,marking--discrete--arrow--split-left-or-straight,1
1613715075881814,marking--discrete--crosswalk-zebra,2
1613715075881814,object--traffic-light--pedestrians-front,1
1613715075881814,human--rider--motorcyclist,1
1613715075881814,object--traffic-sign--direction-front,1
163148076530100,construction--barrier--curb,20
163148076530100,construction--flat--curb-cut,4
163148076530100,construction--barrier--fence,3
163148076530100,construction--barrier--wall,14
163148076530100,construction--flat--road,16
163148076530100,construction--flat--sidewalk,19
163148076530100,construction--structure--building,48
163148076530100,nature--sky,23
163148076530100,nature--terrain,16
163148076530100,nature--vegetation,28
163148076530100,object--wire-group,26
163148076530100,void--ego-vehicle,2
163148076530100,void--unlabeled,217
163148076530100,object--vehicle--car,3
163148076530100,object--traffic-sign--direction-front,2
163148076530100,human--person--individual,5
163148076530100,object--support--utility-pole,8
163148076530100,marking--discrete--crosswalk-zebra,3
163148076530100,object--street-light,3
163148076530100,marking--discrete--stop-line,2
163148076530100,object--traffic-sign--back,4
163148076530100,object--traffic-sign--front,2
163148076530100,object--support--pole,7
163148076530100,object--traffic-light--general-horizontal-front,3
163148076530100,marking--discrete--other-marking,2
163148076530100,object--traffic-light--pedestrians-side,2
163148076530100,object--traffic-light--pedestrians-front,1
163148076530100,object--traffic-cone,1
163148076530100,object--traffic-light--general-horizontal-side,1
163148076530100,marking--discrete--arrow--right,1
1626240281183060,construction--barrier--curb,8
1626240281183060,construction--barrier--fence,4
1626240281183060,construction--flat--road,29
1626240281183060,construction--flat--sidewalk,12
1626240281183060,construction--structure--building,14
1626240281183060,marking--continuous--dashed,7
1626240281183060,marking--continuous--solid,4
1626240281183060,nature--sky,7
1626240281183060,nature--terrain,5
1626240281183060,nature--vegetation,23
1626240281183060,object--wire-group,9
1626240281183060,void--ego-vehicle,1
1626240281183060,void--unlabeled,13
1626240281183060,construction--flat--driveway,2
1626240281183060,object--manhole,1
1626240281183060,object--traffic-sign--direction-front,1
1659526094477899,construction--barrier--curb,7
1659526094477899,construction--barrier--fence,11
1659526094477899,construction--barrier--wall,9
1659526094477899,construction--flat--road,10
1659526094477899,construction--flat--sidewalk,7
1659526094477899,construction--structure--building,23
1659526094477899,marking--continuous--dashed,6
1659526094477899,marking--continuous--solid,13
1659526094477899,nature--sky,16
1659526094477899,nature--terrain,10
1659526094477899,nature--vegetation,24
1659526094477899,object--wire-group,13
1659526094477899,void--ego-vehicle,2
1659526094477899,void--unlabeled,75
1659526094477899,object--vehicle--car,1
1659526094477899,marking--discrete--crosswalk-zebra,2
1659526094477899,object--support--pole,2
1659526094477899,object--support--utility-pole,4
1659526094477899,marking--discrete--arrow--straight,1
1659526094477899,object--traffic-light--pedestrians-front,1
1659526094477899,marking--discrete--stop-line,1
1659526094477899,object--street-light,1
1659526094477899,object--sign--advertisement,1
1683005359214139,construction--flat--road,35
1683005359214139,construction--barrier--fence,11
1683005359214139,construction--flat--sidewalk,31
1683005359214139,construction--structure--building,48
1683005359214139,marking--continuous--solid,10
1683005359214139,nature--sky,15
1683005359214139,nature--terrain,14
1683005359214139,nature--vegetation,34
1683005359214139,object--wire-group,19
1683005359214139,void--ego-vehicle,11
1683005359214139,void--unlabeled,233
1683005359214139,object--vehicle--car,22
1683005359214139,object--street-light,3
1683005359214139,object--support--utility-pole,14
1683005359214139,object--traffic-sign--front,3
1683005359214139,marking--discrete--crosswalk-zebra,2
1683005359214139,marking--discrete--other-marking,1
1683005359214139,object--traffic-sign--direction-front,2
1683005359214139,object--support--pole,5
1683005359214139,marking--discrete--arrow--split-right-or-straight,1
1683005359214139,object--traffic-light--general-horizontal-front,2
1683005359214139,human--person--individual,1
1683005359214139,object--traffic-sign--back,2
1683005359214139,object--traffic-light--pedestrians-side,1
1683005359214139,object--traffic-light--pedestrians-front,1
1683005359214139,object--trash-can,1
1683005359214139,warning--pedestrians-crossing--g4,1
126277236823623,construction--barrier--curb,14
126277236823623,construction--barrier--wall,6
126277236823623,construction--flat--road,17
126277236823623,construction--flat--sidewalk,11
126277236823623,construction--structure--building,36
126277236823623,marking--continuous--dashed,7
126277236823623,marking--continuous--solid,12
126277236823623,nature--sky,22
126277236823623,nature--vegetation,17
126277236823623,object--wire-group,22
126277236823623,void--car-mount,4
126277236823623,void--ego-vehicle,3
126277236823623,void--ground,5
126277236823623,void--unlabeled,113
126277236823623,object--support--utility-pole,5
126277236823623,object--traffic-sign--front,3
126277236823623,object--street-light,4
126277236823623,object--vehicle--car,5
126277236823623,object--support--pole,12
126277236823623,marking--discrete--crosswalk-zebra,1
126277236823623,object--traffic-light--general-horizontal-front,1
126277236823623,construction--flat--driveway,1
1650427442484408,construction--barrier--curb,1
1650427442484408,nature--sky,19
1650427442484408,construction--structure--building,11
1650427442484408,marking--continuous--dashed,2
1650427442484408,construction--flat--road,3
1650427442484408,nature--terrain,1
1650427442484408,nature--vegetation,6
1650427442484408,object--wire-group,8
1650427442484408,construction--barrier--wall,2
1650427442484408,construction--flat--sidewalk,1
1650427442484408,void--ego-vehicle,3
1650427442484408,void--unlabeled,56
1650427442484408,object--vehicle--car,3
1650427442484408,object--support--pole,1
1650427442484408,object--support--utility-pole,1
1650427442484408,marking--discrete--other-marking,1
1384494908971192,construction--barrier--curb,8
1384494908971192,construction--flat--road,7
1384494908971192,construction--structure--building,28
1384494908971192,construction--flat--sidewalk,8
1384494908971192,marking--continuous--dashed,12
1384494908971192,marking--continuous--solid,5
1384494908971192,nature--sky,15
1384494908971192,nature--terrain,6
1384494908971192,nature--vegetation,20
1384494908971192,object--wire-group,9
1384494908971192,void--ego-vehicle,1
1384494908971192,void--static,22
1384494908971192,void--unlabeled,29
1384494908971192,construction--flat--driveway,2
1384494908971192,object--traffic-sign--direction-front,1
1384494908971192,object--support--utility-pole,1
1384494908971192,human--person--individual,1
1528780400978701,construction--barrier--curb,10
1528780400978701,construction--barrier--fence,9
1528780400978701,construction--flat--road,6
1528780400978701,construction--flat--curb-cut,3
1528780400978701,construction--flat--sidewalk,5
1528780400978701,construction--structure--building,13
1528780400978701,nature--sky,17
1528780400978701,nature--terrain,6
1528780400978701,nature--vegetation,14
1528780400978701,object--wire-group,10
1528780400978701,void--ego-vehicle,1
1528780400978701,void--ground,4
1528780400978701,void--unlabeled,86
1528780400978701,object--traffic-sign--back,2
1528780400978701,object--vehicle--car,2
1528780400978701,object--manhole,2
1528780400978701,human--person--individual,1
1528780400978701,object--traffic-sign--direction-front,2
1528780400978701,object--support--pole,5
1528780400978701,marking--discrete--crosswalk-zebra,1
1528780400978701,marking--discrete--stop-line,1
1528780400978701,object--traffic-light--general-upright-back,1
1528780400978701,marking--discrete--other-marking,1
1519665525110361,construction--barrier--curb,11
1519665525110361,construction--barrier--fence,8
1519665525110361,construction--barrier--wall,9
1519665525110361,construction--flat--sidewalk,8
1519665525110361,construction--flat--road,12
1519665525110361,construction--structure--building,26
1519665525110361,marking--continuous--dashed,5
1519665525110361,marking--continuous--solid,12
1519665525110361,nature--sky,13
1519665525110361,nature--terrain,10
1519665525110361,nature--vegetation,29
1519665525110361,object--wire-group,21
1519665525110361,void--unlabeled,89
1519665525110361,void--ego-vehicle,2
1519665525110361,object--support--pole,4
1519665525110361,marking--discrete--crosswalk-zebra,2
1519665525110361,object--traffic-sign--front,1
1519665525110361,marking--discrete--arrow--straight,2
1519665525110361,marking--discrete--stop-line,2
1519665525110361,object--traffic-light--pedestrians-front,1
1519665525110361,object--support--utility-pole,2
1519665525110361,human--person--individual,1
1519665525110361,object--sign--other,1
1519665525110361,human--rider--motorcyclist,1
1519665525110361,object--vehicle--bicycle,1
1519665525110361,object--street-light,1
1360014114787773,construction--barrier--curb,7
1360014114787773,construction--barrier--wall,6
1360014114787773,construction--flat--road,6
1360014114787773,construction--flat--sidewalk,17
1360014114787773,construction--structure--building,42
1360014114787773,marking--continuous--dashed,8
1360014114787773,marking--continuous--solid,3
1360014114787773,nature--sky,15
1360014114787773,nature--terrain,5
1360014114787773,nature--vegetation,27
1360014114787773,object--wire-group,39
1360014114787773,void--ego-vehicle,1
1360014114787773,void--unlabeled,139
1360014114787773,object--support--utility-pole,12
1360014114787773,object--vehicle--car,5
1360014114787773,object--traffic-sign--front,3
1360014114787773,object--traffic-light--pedestrians-side,2
1360014114787773,marking--discrete--arrow--straight,1
1360014114787773,human--person--individual,2
1360014114787773,construction--flat--driveway,1
1360014114787773,object--traffic-light--general-horizontal-front,1
1360014114787773,object--junction-box,1
1360014114787773,marking--discrete--crosswalk-zebra,1
1360014114787773,object--support--pole,4
1360014114787773,object--traffic-light--pedestrians-front,1
1360014114787773,object--street-light,2
1360014114787773,object--traffic-sign--direction-back,1
1360014114787773,object--traffic-sign--direction-front,3
1360014114787773,object--traffic-light--general-horizontal-side,1
1360014114787773,warning--pedestrians-crossing--g4,1
136931429275573,construction--barrier--curb,9
136931429275573,construction--flat--curb-cut,3
136931429275573,construction--barrier--fence,3
136931429275573,construction--flat--road,32
136931429275573,construction--flat--sidewalk,14
136931429275573,construction--structure--building,19
136931429275573,marking--continuous--dashed,9
136931429275573,marking--continuous--solid,9
136931429275573,nature--sky,2
136931429275573,nature--terrain,10
136931429275573,nature--vegetation,11
136931429275573,object--wire-group,6
136931429275573,void--ego-vehicle,1
136931429275573,void--unlabeled,19
136931429275573,construction--flat--driveway,2
136931429275573,object--manhole,1
1241477003439485,construction--barrier--curb,10
1241477003439485,construction--barrier--wall,11
1241477003439485,construction--flat--road,10
1241477003439485,construction--flat--sidewalk,11
1241477003439485,construction--structure--building,26
1241477003439485,marking--continuous--solid,11
1241477003439485,nature--sky,13
1241477003439485,nature--vegetation,21
1241477003439485,nature--terrain,2
1241477003439485,object--wire-group,12
1241477003439485,void--ego-vehicle,3
1241477003439485,void--car-mount,3
1241477003439485,void--unlabeled,107
1241477003439485,object--vehicle--car,5
1241477003439485,object--support--utility-pole,9
1241477003439485,object--support--pole,4
1241477003439485,object--traffic-light--general-horizontal-front,1
1241477003439485,object--street-light,3
1241477003439485,construction--flat--driveway,1
1241477003439485,human--person--individual,3
1241477003439485,object--traffic-light--general-upright-front,1
1241477003439485,object--traffic-sign--front,1
1241477003439485,marking--discrete--arrow--straight,1
127369973361466,warning--pedestrians-crossing--g4,1
127369973361466,construction--barrier--curb,8
127369973361466,construction--barrier--fence,5
127369973361466,construction--flat--road,14
127369973361466,construction--flat--sidewalk,21
127369973361466,construction--structure--building,41
127369973361466,marking--continuous--dashed,4
127369973361466,marking--continuous--solid,2
127369973361466,nature--sky,9
127369973361466,nature--terrain,11
127369973361466,nature--vegetation,37
127369973361466,object--wire-group,15
127369973361466,void--ego-vehicle,1
127369973361466,void--unlabeled,168
127369973361466,object--vehicle--car,4
127369973361466,object--support--pole,15
127369973361466,object--street-light,6
127369973361466,object--traffic-sign--front,5
127369973361466,animal--ground-animal,1
127369973361466,object--traffic-light--general-horizontal-front,2
127369973361466,object--support--utility-pole,3
127369973361466,object--sign--store,1
127369973361466,marking--discrete--arrow--split-left-or-straight,1
127369973361466,object--traffic-sign--direction-front,2
127369973361466,marking--discrete--crosswalk-zebra,2
127369973361466,construction--flat--driveway,1
127369973361466,object--traffic-light--pedestrians-side,2
127369973361466,object--traffic-light--general-upright-front,1
127369973361466,object--catch-basin,1
132401825513272,construction--flat--driveway,1
1478457056153626,warning--pedestrians-crossing--g4,1
1478457056153626,construction--barrier--curb,7
1478457056153626,construction--structure--building,29
1478457056153626,construction--flat--sidewalk,9
1478457056153626,construction--barrier--wall,7
1478457056153626,construction--flat--road,3
1478457056153626,marking--continuous--dashed,4
1478457056153626,nature--sky,19
1478457056153626,nature--vegetation,36
1478457056153626,nature--terrain,6
1478457056153626,marking--continuous--solid,1
1478457056153626,object--wire-group,33
1478457056153626,void--ego-vehicle,1
1478457056153626,void--ground,6
1478457056153626,void--unlabeled,86
1478457056153626,object--vehicle--car,3
1478457056153626,human--person--individual,4
1478457056153626,object--traffic-sign--front,3
1478457056153626,object--vehicle--motorcycle,2
1478457056153626,object--traffic-light--general-horizontal-front,2
1478457056153626,marking--discrete--arrow--split-left-or-straight,1
1478457056153626,object--support--pole,7
1478457056153626,human--rider--motorcyclist,1
1478457056153626,object--support--utility-pole,5
1478457056153626,object--street-light,2
1478457056153626,object--traffic-light--pedestrians-side,1
147380667292323,object--street-light,1
1576866639602628,construction--barrier--curb,13
1576866639602628,construction--flat--road,23
1576866639602628,construction--flat--sidewalk,19
1576866639602628,construction--barrier--fence,6
1576866639602628,construction--structure--building,42
1576866639602628,nature--sky,20
1576866639602628,nature--vegetation,37
1576866639602628,object--wire-group,27
1576866639602628,void--ego-vehicle,3
1576866639602628,void--unlabeled,259
1576866639602628,object--vehicle--car,10
1576866639602628,object--support--utility-pole,5
1576866639602628,marking--discrete--crosswalk-zebra,4
1576866639602628,object--support--pole,13
1576866639602628,object--vehicle--motorcycle,1
1576866639602628,object--traffic-light--general-horizontal-front,3
1576866639602628,object--traffic-sign--direction-front,6
1576866639602628,object--street-light,4
1576866639602628,marking--discrete--arrow--straight,2
1576866639602628,object--traffic-sign--back,1
1576866639602628,marking--discrete--other-marking,1
1576866639602628,object--traffic-light--pedestrians-front,2
1576866639602628,marking--discrete--stop-line,2
1576866639602628,object--catch-basin,1
1576866639602628,object--traffic-light--pedestrians-side,3
1576866639602628,human--rider--motorcyclist,1
1576866639602628,object--traffic-light--general-horizontal-side,1
1548567025771411,complementary--keep-left--g1,1
1548567025771411,warning--pedestrians-crossing--g4,1
1548567025771411,construction--barrier--curb,16
1548567025771411,construction--flat--road,31
1548567025771411,construction--barrier--wall,11
1548567025771411,construction--barrier--fence,1
1548567025771411,construction--flat--sidewalk,21
1548567025771411,construction--structure--building,44
1548567025771411,marking--continuous--solid,7
1548567025771411,nature--sky,14
1548567025771411,nature--terrain,20
1548567025771411,nature--vegetation,37
1548567025771411,object--wire-group,18
1548567025771411,void--unlabeled,218
1548567025771411,void--ego-vehicle,1
1548567025771411,human--person--individual,4
1548567025771411,object--traffic-sign--front,6
1548567025771411,object--vehicle--car,8
1548567025771411,object--street-light,4
1548567025771411,marking--discrete--arrow--straight,1
1548567025771411,object--support--utility-pole,6
1548567025771411,object--traffic-light--general-horizontal-side,2
1548567025771411,object--traffic-light--pedestrians-side,1
1548567025771411,marking--discrete--crosswalk-zebra,3
1548567025771411,object--support--pole,7
1548567025771411,object--traffic-light--general-horizontal-front,2
1548567025771411,object--traffic-sign--back,1
1548567025771411,object--traffic-sign--direction-front,1
1548567025771411,human--rider--motorcyclist,1
1548567025771411,marking--discrete--arrow--split-left-or-straight,1
1548567025771411,object--support--traffic-sign-frame,1
1548567025771411,object--traffic-light--general-upright-back,1
1548567025771411,object--traffic-light--pedestrians-front,1
1548567025771411,object--sign--store,1
1414769942190547,object--support--utility-pole,1
1414769942190547,object--street-light,1
1672606050136596,construction--barrier--fence,4
1672606050136596,void--unlabeled,25
1672606050136596,nature--sky,2
1672606050136596,void--ego-vehicle,3
1672606050136596,construction--structure--building,8
1672606050136596,construction--flat--road,4
1672606050136596,construction--flat--sidewalk,1
1672606050136596,nature--terrain,1
1672606050136596,nature--vegetation,2
1672606050136596,marking--continuous--dashed,2
1672606050136596,object--vehicle--car,2
1409977562701677,construction--flat--driveway,1
1594521641172885,construction--barrier--curb,12
1594521641172885,construction--flat--sidewalk,15
1594521641172885,construction--flat--road,16
1594521641172885,construction--barrier--fence,16
1594521641172885,construction--structure--building,45
1594521641172885,nature--sky,17
1594521641172885,nature--terrain,12
1594521641172885,nature--vegetation,39
1594521641172885,object--wire-group,17
1594521641172885,void--ego-vehicle,3
1594521641172885,void--unlabeled,268
1594521641172885,marking--discrete--other-marking,1
1594521641172885,object--vehicle--car,15
1594521641172885,marking--discrete--crosswalk-zebra,4
1594521641172885,object--traffic-sign--back,2
1594521641172885,human--person--individual,4
1594521641172885,object--traffic-sign--front,4
1594521641172885,object--support--pole,10
1594521641172885,object--junction-box,1
1594521641172885,object--street-light,10
1594521641172885,object--support--utility-pole,5
1594521641172885,object--traffic-sign--direction-front,2
1594521641172885,marking--discrete--stop-line,1
1594521641172885,object--traffic-light--general-horizontal-front,2
1594521641172885,object--traffic-light--pedestrians-front,2
1594521641172885,object--traffic-light--pedestrians-side,2
1594521641172885,object--traffic-light--general-horizontal-side,2
1594521641172885,object--traffic-light--general-upright-side,1
1594521641172885,object--vehicle--bicycle,1
1594521641172885,marking--discrete--arrow--split-left-or-straight,1
1594521641172885,object--traffic-light--general-upright-front,1
1594521641172885,marking--discrete--arrow--straight,1
1155344962976931,construction--barrier--fence,1
1155344962976931,construction--barrier--wall,12
1155344962976931,nature--sky,9
1155344962976931,construction--structure--building,13
1155344962976931,nature--terrain,5
1155344962976931,nature--vegetation,22
1155344962976931,construction--flat--sidewalk,6
1155344962976931,construction--flat--road,1
1155344962976931,object--wire-group,12
1155344962976931,void--ego-vehicle,2
1155344962976931,void--ground,6
1155344962976931,void--unlabeled,59
1155344962976931,object--vehicle--car,1
1155344962976931,object--support--pole,2
1155344962976931,object--support--utility-pole,2
1155344962976931,marking--discrete--text--slow,1
1155344962976931,object--street-light,1
1094322219062023,construction--barrier--curb,11
1094322219062023,construction--flat--sidewalk,10
1094322219062023,construction--structure--building,12
1094322219062023,marking--continuous--dashed,13
1094322219062023,construction--flat--road,9
1094322219062023,marking--continuous--solid,9
1094322219062023,nature--sky,3
1094322219062023,nature--terrain,4
1094322219062023,nature--vegetation,12
1094322219062023,object--wire-group,1
1094322219062023,void--ego-vehicle,3
1094322219062023,void--ground,4
1094322219062023,void--static,14
1094322219062023,void--unlabeled,42
1094322219062023,object--vehicle--car,1
1094322219062023,object--traffic-sign--front,1
1094322219062023,object--mailbox,1
1094322219062023,object--sign--advertisement,1
1094322219062023,marking--discrete--stop-line,1
1094322219062023,object--support--pole,1
1094322219062023,construction--flat--crosswalk-plain,1
1155859031543616,object--street-light,1
1155859031543616,object--support--utility-pole,2
1155859031543616,marking--discrete--other-marking,1
2526657664196739,construction--flat--curb-cut,3
2526657664196739,nature--sky,3
2526657664196739,construction--structure--building,12
2526657664196739,marking--continuous--dashed,11
2526657664196739,nature--vegetation,17
2526657664196739,construction--flat--sidewalk,9
2526657664196739,construction--flat--road,3
2526657664196739,void--ego-vehicle,6
2526657664196739,void--unlabeled,51
2526657664196739,void--static,2
2526657664196739,object--support--utility-pole,1
2526657664196739,object--vehicle--car,1
2526657664196739,object--vehicle--motorcycle,1
2526657664196739,construction--flat--driveway,1
2526657664196739,marking--discrete--stop-line,1
1072834260999320,construction--barrier--curb,10
1072834260999320,construction--flat--sidewalk,16
1072834260999320,construction--flat--road,8
1072834260999320,construction--structure--building,28
1072834260999320,construction--barrier--wall,4
1072834260999320,construction--flat--curb-cut,3
1072834260999320,construction--flat--parking,6
1072834260999320,marking--continuous--dashed,7
1072834260999320,marking--continuous--solid,4
1072834260999320,nature--sky,6
1072834260999320,nature--terrain,10
1072834260999320,nature--vegetation,28
1072834260999320,object--wire-group,11
1072834260999320,void--ego-vehicle,1
1072834260999320,void--unlabeled,104
1072834260999320,object--vehicle--car,4
1072834260999320,object--street-light,1
1072834260999320,object--support--utility-pole,5
1072834260999320,marking--discrete--other-marking,3
1072834260999320,object--traffic-sign--front,1
1072834260999320,object--support--pole,2
1072834260999320,marking--discrete--text--other,1
1072834260999320,object--vehicle--motorcycle,1
1465290647462960,construction--barrier--fence,10
1465290647462960,construction--structure--building,20
1465290647462960,construction--flat--sidewalk,5
1465290647462960,marking--continuous--dashed,1
1465290647462960,marking--continuous--solid,3
1465290647462960,construction--flat--curb-cut,8
1465290647462960,construction--flat--road,3
1465290647462960,marking--discrete--hatched--diagonal,2
1465290647462960,nature--sky,5
1465290647462960,nature--terrain,16
1465290647462960,nature--vegetation,25
1465290647462960,object--wire-group,5
1465290647462960,void--dynamic,2
1465290647462960,void--ego-vehicle,4
1465290647462960,void--ground,3
1465290647462960,void--static,9
1465290647462960,void--unlabeled,28
1465290647462960,object--vehicle--car,1
1465290647462960,object--support--pole,1
1465290647462960,construction--flat--driveway,1
1465290647462960,object--manhole,1
1465290647462960,object--water-valve,1
1226195525313728,construction--barrier--curb,11
1226195525313728,construction--structure--building,15
1226195525313728,construction--flat--sidewalk,8
1226195525313728,nature--sky,8
1226195525313728,construction--flat--road,7
1226195525313728,construction--flat--curb-cut,2
1226195525313728,nature--terrain,10
1226195525313728,nature--vegetation,10
1226195525313728,void--ground,4
1226195525313728,void--unlabeled,57
1226195525313728,void--static,2
1226195525313728,object--wire-group,6
1226195525313728,void--ego-vehicle,2
1226195525313728,object--traffic-sign--front,2
1226195525313728,object--vehicle--car,1
1226195525313728,object--support--utility-pole,2
1226195525313728,object--traffic-sign--back,1
1226195525313728,object--catch-basin,1
1226195525313728,object--water-valve,1
1226195525313728,marking--discrete--arrow--split-right-or-straight,1
1070279147837464,construction--barrier--curb,10
1070279147837464,construction--flat--sidewalk,14
1070279147837464,construction--structure--building,33
1070279147837464,construction--barrier--wall,8
1070279147837464,construction--flat--parking,3
1070279147837464,construction--flat--road,4
1070279147837464,marking--continuous--solid,5
1070279147837464,nature--sky,10
1070279147837464,nature--terrain,15
1070279147837464,nature--vegetation,19
1070279147837464,object--wire-group,11
1070279147837464,void--unlabeled,79
1070279147837464,void--ego-vehicle,1
1070279147837464,object--vehicle--car,3
1070279147837464,object--street-light,1
1070279147837464,object--support--utility-pole,5
1070279147837464,marking--discrete--other-marking,2
1070279147837464,object--support--pole,4
1070279147837464,marking--discrete--text--other,1
1070279147837464,construction--flat--driveway,1
1070279147837464,object--traffic-sign--back,1
1070279147837464,object--traffic-sign--front,1
1070279147837464,marking--discrete--text--30,1
1070279147837464,marking--discrete--stop-line,1
1203000120158070,object--support--pole,1
1203000120158070,object--support--utility-pole,1
1195582751507309,construction--barrier--wall,1
1195582751507309,construction--flat--curb-cut,6
1195582751507309,construction--flat--sidewalk,13
1195582751507309,construction--structure--building,16
1195582751507309,marking--continuous--dashed,21
1195582751507309,construction--flat--road,7
1195582751507309,nature--terrain,3
1195582751507309,nature--sky,6
1195582751507309,nature--vegetation,18
1195582751507309,void--ground,8
1195582751507309,void--ego-vehicle,5
1195582751507309,void--static,12
1195582751507309,void--unlabeled,69
1195582751507309,human--person--individual,1
1195582751507309,object--vehicle--car,1
1195582751507309,object--support--utility-pole,1
1195582751507309,object--vehicle--motorcycle,1
1195582751507309,object--manhole,1
1195582751507309,construction--flat--driveway,1
1195582751507309,marking--discrete--other-marking,1
1195582751507309,object--catch-basin,1
188272773153837,object--street-light,1
188272773153837,object--support--utility-pole,3
188272773153837,marking--discrete--arrow--split-right-or-straight,1
1564071970901556,construction--barrier--curb,6
1564071970901556,construction--structure--building,31
1564071970901556,construction--flat--sidewalk,15
1564071970901556,construction--flat--road,2
1564071970901556,nature--sky,13
1564071970901556,nature--terrain,8
1564071970901556,nature--vegetation,19
1564071970901556,object--wire-group,15
1564071970901556,void--ego-vehicle,1
1564071970901556,void--unlabeled,97
1564071970901556,object--vehicle--car,6
1564071970901556,object--vehicle--motorcycle,1
1564071970901556,object--street-light,2
1564071970901556,construction--flat--driveway,1
1564071970901556,object--support--utility-pole,5
1564071970901556,object--support--pole,1
1564071970901556,human--person--individual,1
1564071970901556,human--rider--motorcyclist,1
1564071970901556,marking--discrete--other-marking,1
159523219442906,marking--discrete--other-marking,1
1490538598300703,nature--sky,12
1490538598300703,construction--structure--building,15
1490538598300703,marking--continuous--dashed,1
1490538598300703,nature--vegetation,20
1490538598300703,construction--flat--road,3
1490538598300703,construction--flat--curb-cut,7
1490538598300703,construction--barrier--wall,3
1490538598300703,construction--flat--sidewalk,4
1490538598300703,void--ego-vehicle,3
1490538598300703,object--wire-group,9
1490538598300703,void--ground,15
1490538598300703,void--unlabeled,36
1490538598300703,object--support--utility-pole,1
1490538598300703,construction--flat--driveway,3
1490538598300703,object--support--pole,4
2313342082142687,object--street-light,1
2313342082142687,object--support--utility-pole,1
2258262797886872,regulatory--stop--g1,1
2258262797886872,construction--barrier--curb,22
2258262797886872,construction--flat--road,18
2258262797886872,construction--barrier--wall,12
2258262797886872,construction--barrier--fence,4
2258262797886872,construction--flat--sidewalk,24
2258262797886872,construction--structure--building,27
2258262797886872,marking--continuous--solid,9
2258262797886872,nature--sky,20
2258262797886872,nature--terrain,23
2258262797886872,nature--vegetation,18
2258262797886872,object--wire-group,7
2258262797886872,void--ego-vehicle,2
2258262797886872,void--ground,4
2258262797886872,void--unlabeled,152
2258262797886872,object--traffic-sign--front,1
2258262797886872,object--vehicle--car,5
2258262797886872,object--support--utility-pole,2
2258262797886872,object--support--pole,8
2258262797886872,marking--discrete--crosswalk-zebra,3
2258262797886872,object--traffic-sign--back,4
2258262797886872,marking--discrete--stop-line,1
2258262797886872,object--traffic-sign--direction-front,1
2258262797886872,animal--bird,1
2258262797886872,marking--discrete--other-marking,2
1211150703303544,construction--barrier--curb,7
1211150703303544,nature--sky,16
1211150703303544,construction--structure--building,17
1211150703303544,nature--terrain,5
1211150703303544,construction--flat--sidewalk,4
1211150703303544,construction--barrier--wall,3
1211150703303544,construction--flat--road,2
1211150703303544,nature--vegetation,14
1211150703303544,object--wire-group,11
1211150703303544,void--ego-vehicle,1
1211150703303544,void--ground,12
1211150703303544,void--unlabeled,26
1211150703303544,object--support--utility-pole,1
1211150703303544,construction--flat--driveway,1
1211150703303544,object--support--pole,1
1211150703303544,object--water-valve,1
1028691365608563,regulatory--stop--g1,1
1028691365608563,construction--barrier--curb,17
1028691365608563,construction--flat--road,23
1028691365608563,construction--barrier--wall,10
1028691365608563,construction--barrier--fence,4
1028691365608563,construction--flat--sidewalk,16
1028691365608563,construction--structure--building,42
1028691365608563,marking--continuous--solid,7
1028691365608563,nature--sky,13
1028691365608563,nature--terrain,17
1028691365608563,nature--vegetation,15
1028691365608563,object--wire-group,9
1028691365608563,void--ego-vehicle,1
1028691365608563,void--unlabeled,102
1028691365608563,object--vehicle--car,3
1028691365608563,object--traffic-sign--front,1
1028691365608563,object--support--utility-pole,2
1028691365608563,object--support--pole,8
1028691365608563,marking--discrete--text--other,1
1028691365608563,marking--discrete--crosswalk-zebra,3
1028691365608563,object--traffic-sign--direction-front,4
1028691365608563,human--person--individual,1
1028691365608563,marking--discrete--stop-line,1
1548494429371921,construction--structure--building,36
1548494429371921,construction--flat--sidewalk,10
1548494429371921,nature--sky,20
1548494429371921,construction--flat--road,3
1548494429371921,nature--terrain,22
1548494429371921,nature--vegetation,44
1548494429371921,object--wire-group,19
1548494429371921,void--ego-vehicle,5
1548494429371921,void--ground,18
1548494429371921,void--static,23
1548494429371921,void--unlabeled,142
1548494429371921,object--vehicle--car,12
1548494429371921,object--street-light,3
1548494429371921,object--vehicle--motorcycle,2
1548494429371921,object--support--utility-pole,8
1548494429371921,object--manhole,2
1548494429371921,object--support--pole,4
1548494429371921,object--traffic-sign--front,4
1548494429371921,human--person--individual,3
1548494429371921,marking--discrete--text--40,1
1548494429371921,marking--discrete--other-marking,3
1548494429371921,object--sign--store,1
1548494429371921,object--fire-hydrant,2
1548494429371921,marking--discrete--arrow--split-left-or-straight,1
1548494429371921,object--water-valve,1
1548494429371921,object--catch-basin,1
1548494429371921,object--sign--advertisement,2
1430185423981962,object--support--utility-pole,2
1430185423981962,object--support--pole,1
1524591518201868,construction--barrier--curb,6
1524591518201868,construction--structure--building,16
1524591518201868,construction--flat--sidewalk,3
1524591518201868,construction--flat--road,11
1524591518201868,marking--continuous--solid,3
1524591518201868,construction--barrier--fence,4
1524591518201868,construction--barrier--wall,3
1524591518201868,construction--flat--curb-cut,4
1524591518201868,nature--sky,16
1524591518201868,nature--terrain,8
1524591518201868,nature--vegetation,19
1524591518201868,object--wire-group,6
1524591518201868,void--ego-vehicle,4
1524591518201868,void--static,5
1524591518201868,void--unlabeled,68
1524591518201868,object--vehicle--car,1
1524591518201868,object--support--utility-pole,2
1524591518201868,object--traffic-sign--front,1
1524591518201868,object--support--pole,1
1524591518201868,marking--discrete--text--stop,1
1524591518201868,marking--discrete--other-marking,1
1061748292055351,construction--barrier--curb,6
1061748292055351,construction--flat--road,9
1061748292055351,marking--continuous--dashed,8
1061748292055351,construction--flat--sidewalk,10
1061748292055351,construction--structure--building,6
1061748292055351,marking--continuous--solid,13
1061748292055351,construction--flat--curb-cut,6
1061748292055351,nature--sky,3
1061748292055351,nature--terrain,6
1061748292055351,nature--vegetation,26
1061748292055351,object--wire-group,12
1061748292055351,void--dynamic,1
1061748292055351,void--ego-vehicle,6
1061748292055351,void--ground,11
1061748292055351,void--static,10
1061748292055351,void--unlabeled,50
1061748292055351,construction--flat--driveway,2
1061748292055351,object--manhole,2
1061748292055351,object--vehicle--motorcycle,1
1061748292055351,object--support--pole,2
1061748292055351,marking--discrete--other-marking,2
1061748292055351,human--person--individual,2
1462975745105196,construction--barrier--curb,3
1462975745105196,nature--terrain,16
1462975745105196,marking--continuous--dashed,4
1462975745105196,marking--continuous--solid,2
1462975745105196,construction--structure--building,10
1462975745105196,construction--barrier--fence,3
1462975745105196,construction--flat--road,2
1462975745105196,construction--flat--sidewalk,8
1462975745105196,construction--flat--curb-cut,5
1462975745105196,construction--barrier--wall,2
1462975745105196,nature--vegetation,5
1462975745105196,void--unlabeled,32
1462975745105196,void--ground,9
1462975745105196,void--ego-vehicle,1
1462975745105196,marking--discrete--stop-line,2
1462975745105196,object--support--utility-pole,1
1462975745105196,object--traffic-sign--back,1
1462975745105196,construction--flat--driveway,1
1462975745105196,object--junction-box,1
1189972182107914,construction--barrier--fence,2
1189972182107914,construction--structure--building,28
1189972182107914,construction--flat--sidewalk,10
1189972182107914,construction--barrier--wall,12
1189972182107914,construction--flat--road,10
1189972182107914,marking--continuous--solid,7
1189972182107914,nature--sky,11
1189972182107914,nature--vegetation,24
1189972182107914,nature--terrain,7
1189972182107914,object--wire-group,25
1189972182107914,void--ego-vehicle,3
1189972182107914,void--unlabeled,114
1189972182107914,object--vehicle--car,5
1189972182107914,object--support--utility-pole,4
1189972182107914,object--street-light,3
1189972182107914,object--traffic-sign--front,1
1189972182107914,object--support--pole,4
1189972182107914,marking--discrete--crosswalk-zebra,1
1189972182107914,object--traffic-sign--direction-front,1
1189972182107914,marking--discrete--text--other,1
1189972182107914,marking--discrete--arrow--split-right-or-straight,1
1508185696508492,construction--barrier--curb,10
1508185696508492,construction--structure--building,42
1508185696508492,construction--flat--sidewalk,12
1508185696508492,construction--flat--curb-cut,3
1508185696508492,construction--barrier--wall,4
1508185696508492,construction--flat--road,3
1508185696508492,nature--sky,12
1508185696508492,marking--continuous--dashed,4
1508185696508492,nature--terrain,12
1508185696508492,nature--vegetation,16
1508185696508492,object--wire-group,8
1508185696508492,void--ground,9
1508185696508492,void--ego-vehicle,1
1508185696508492,void--static,9
1508185696508492,void--unlabeled,90
1508185696508492,object--vehicle--car,3
1508185696508492,object--vehicle--motorcycle,1
1508185696508492,object--street-light,2
1508185696508492,object--support--utility-pole,6
1508185696508492,object--support--pole,2
1508185696508492,marking--discrete--stop-line,1
1508185696508492,marking--discrete--other-marking,1
1508185696508492,human--person--individual,1
1508185696508492,marking--discrete--crosswalk-zebra,1
1508185696508492,construction--flat--driveway,1
1508185696508492,marking--discrete--text--bus,1
1265788164612570,construction--barrier--curb,3
1265788164612570,construction--structure--building,16
1265788164612570,construction--flat--sidewalk,8
1265788164612570,nature--sky,7
1265788164612570,construction--flat--road,4
1265788164612570,construction--barrier--fence,6
1265788164612570,construction--barrier--wall,3
1265788164612570,construction--flat--curb-cut,3
1265788164612570,nature--terrain,8
1265788164612570,nature--vegetation,14
1265788164612570,object--wire-group,8
1265788164612570,void--ego-vehicle,6
1265788164612570,void--ground,2
1265788164612570,void--unlabeled,54
1265788164612570,object--vehicle--car,2
1265788164612570,object--support--utility-pole,2
1265788164612570,object--traffic-sign--front,1
1265788164612570,marking--discrete--other-marking,2
1265788164612570,object--traffic-sign--direction-front,1
1989259488240981,regulatory--stop--g1,1
1989259488240981,construction--barrier--curb,16
1989259488240981,construction--flat--road,27
1989259488240981,construction--barrier--wall,11
1989259488240981,construction--barrier--fence,5
1989259488240981,construction--flat--sidewalk,12
1989259488240981,construction--structure--building,42
1989259488240981,marking--continuous--solid,3
1989259488240981,nature--sky,7
1989259488240981,nature--terrain,21
1989259488240981,nature--vegetation,23
1989259488240981,object--wire-group,6
1989259488240981,void--ego-vehicle,2
1989259488240981,void--unlabeled,114
1989259488240981,object--vehicle--car,4
1989259488240981,object--traffic-sign--front,1
1989259488240981,object--support--pole,6
1989259488240981,marking--discrete--crosswalk-zebra,3
1989259488240981,object--support--utility-pole,4
1989259488240981,marking--discrete--arrow--straight,1
1989259488240981,marking--discrete--text--other,2
1989259488240981,object--traffic-sign--back,1
1989259488240981,object--traffic-sign--direction-front,2
1989259488240981,object--street-light,2
1989259488240981,marking--discrete--other-marking,1
1663666011161712,construction--barrier--wall,5
1663666011161712,construction--structure--building,38
1663666011161712,construction--flat--sidewalk,8
1663666011161712,construction--flat--parking,2
1663666011161712,construction--flat--road,7
1663666011161712,nature--sky,10
1663666011161712,nature--vegetation,20
1663666011161712,nature--terrain,10
1663666011161712,object--wire-group,18
1663666011161712,void--ego-vehicle,1
1663666011161712,void--unlabeled,113
1663666011161712,object--vehicle--car,3
1663666011161712,object--street-light,1
1663666011161712,object--support--utility-pole,5
1663666011161712,object--traffic-sign--back,1
1663666011161712,object--support--pole,2
1663666011161712,marking--discrete--other-marking,2
1663666011161712,marking--discrete--crosswalk-zebra,1
1663666011161712,human--person--individual,1
1663666011161712,marking--discrete--text--stop,1
1663666011161712,marking--discrete--text--30,1
2400089110343694,construction--barrier--curb,4
2400089110343694,construction--structure--building,9
2400089110343694,marking--continuous--solid,19
2400089110343694,construction--flat--sidewalk,6
2400089110343694,construction--flat--curb-cut,6
2400089110343694,construction--flat--road,15
2400089110343694,construction--barrier--fence,1
2400089110343694,construction--flat--rail-track,1
2400089110343694,nature--terrain,15
2400089110343694,nature--sky,1
2400089110343694,nature--vegetation,16
2400089110343694,void--ego-vehicle,3
2400089110343694,void--ground,9
2400089110343694,void--static,9
2400089110343694,void--unlabeled,29
2400089110343694,object--vehicle--car,1
2400089110343694,object--street-light,1
2400089110343694,marking--discrete--stop-line,2
2400089110343694,construction--flat--crosswalk-plain,1
2400089110343694,object--manhole,1
2400089110343694,construction--flat--driveway,1
1785431841639361,object--support--pole,1
1785431841639361,marking--discrete--other-marking,2
1065458838606967,construction--barrier--curb,20
1065458838606967,construction--flat--sidewalk,6
1065458838606967,construction--flat--road,14
1065458838606967,construction--structure--building,23
1065458838606967,construction--flat--curb-cut,3
1065458838606967,construction--barrier--fence,2
1065458838606967,marking--continuous--solid,6
1065458838606967,nature--terrain,8
1065458838606967,nature--sky,9
1065458838606967,marking--continuous--dashed,6
1065458838606967,nature--vegetation,27
1065458838606967,void--unlabeled,151
1065458838606967,object--wire-group,4
1065458838606967,void--ego-vehicle,3
1065458838606967,object--vehicle--car,14
1065458838606967,human--person--individual,3
1065458838606967,object--traffic-sign--front,3
1065458838606967,object--street-light,2
1065458838606967,object--sign--store,1
1065458838606967,marking--discrete--arrow--straight,2
1065458838606967,object--support--utility-pole,3
1065458838606967,object--support--pole,4
1065458838606967,object--sign--advertisement,1
1065458838606967,marking--discrete--arrow--split-right-or-straight,1
1065458838606967,object--cctv-camera,1
1054756779665817,construction--barrier--curb,1
1054756779665817,construction--barrier--wall,7
1054756779665817,construction--barrier--fence,3
1054756779665817,nature--sky,8
1054756779665817,construction--flat--sidewalk,3
1054756779665817,construction--structure--building,16
1054756779665817,marking--continuous--solid,1
1054756779665817,nature--vegetation,8
1054756779665817,construction--flat--road,3
1054756779665817,object--wire-group,2
1054756779665817,void--ego-vehicle,3
1054756779665817,void--ground,3
1054756779665817,void--unlabeled,48
1054756779665817,object--vehicle--car,2
1054756779665817,object--support--pole,1
1054756779665817,object--manhole,1
1046281493637661,construction--barrier--fence,9
1046281493637661,construction--flat--pedestrian-area,10
1046281493637661,construction--flat--sidewalk,17
1046281493637661,construction--flat--road,17
1046281493637661,construction--structure--building,8
1046281493637661,nature--terrain,7
1046281493637661,nature--vegetation,8
1046281493637661,void--ground,11
1046281493637661,void--unlabeled,14
1046281493637661,void--ego-vehicle,3
1046281493637661,object--support--pole,1
1078461533921024,construction--barrier--curb,1
1078461533921024,construction--barrier--fence,9
1078461533921024,nature--vegetation,11
1078461533921024,construction--structure--building,13
1078461533921024,void--ego-vehicle,5
1078461533921024,void--unlabeled,8
1078461533921024,construction--barrier--wall,8
1078461533921024,construction--flat--sidewalk,1
1078461533921024,construction--flat--road,1
1078461533921024,object--support--utility-pole,1
1068439094501315,construction--barrier--curb,9
1068439094501315,construction--flat--sidewalk,10
1068439094501315,construction--barrier--wall,13
1068439094501315,construction--flat--curb-cut,1
1068439094501315,construction--flat--road,7
1068439094501315,construction--flat--traffic-island,4
1068439094501315,construction--structure--building,37
1068439094501315,marking--continuous--dashed,15
1068439094501315,marking--continuous--solid,4
1068439094501315,nature--sky,4
1068439094501315,nature--terrain,8
1068439094501315,nature--vegetation,25
1068439094501315,object--wire-group,1
1068439094501315,void--ground,5
1068439094501315,void--ego-vehicle,1
1068439094501315,void--unlabeled,94
1068439094501315,object--vehicle--car,9
1068439094501315,object--support--pole,19
1068439094501315,object--street-light,5
1068439094501315,object--vehicle--truck,1
1068439094501315,object--cctv-camera,1
1068439094501315,object--traffic-sign--direction-front,1
1068439094501315,human--person--individual,3
1068439094501315,object--sign--store,1
1068439094501315,object--traffic-light--general-horizontal-front,1
1068439094501315,object--traffic-sign--front,1
1065296248475843,construction--barrier--curb,27
1065296248475843,construction--flat--road,19
1065296248475843,construction--barrier--wall,2
1065296248475843,construction--flat--sidewalk,10
1065296248475843,construction--flat--traffic-island,4
1065296248475843,construction--structure--building,28
1065296248475843,marking--continuous--dashed,10
1065296248475843,marking--continuous--solid,2
1065296248475843,nature--sky,7
1065296248475843,nature--vegetation,28
1065296248475843,object--wire-group,7
1065296248475843,void--ego-vehicle,7
1065296248475843,void--unlabeled,159
1065296248475843,object--vehicle--car,11
1065296248475843,human--person--individual,2
1065296248475843,object--support--pole,8
1065296248475843,object--vehicle--motorcycle,1
1065296248475843,object--street-light,5
1065296248475843,human--rider--motorcyclist,1
1065296248475843,object--support--utility-pole,4
1065296248475843,object--traffic-sign--direction-front,1
1065296248475843,object--traffic-sign--front,1
1097290601837603,construction--barrier--curb,7
1097290601837603,construction--barrier--fence,7
1097290601837603,construction--barrier--wall,5
1097290601837603,construction--flat--pedestrian-area,8
1097290601837603,construction--flat--road,16
1097290601837603,construction--flat--sidewalk,6
1097290601837603,construction--structure--building,16
1097290601837603,nature--sky,6
1097290601837603,nature--vegetation,16
1097290601837603,void--ego-vehicle,5
1097290601837603,void--ground,4
1097290601837603,void--static,13
1097290601837603,void--unlabeled,53
1097290601837603,object--sign--advertisement,1
1097290601837603,object--sign--store,1
1097290601837603,human--person--individual,1
1097290601837603,object--support--utility-pole,1
1085860926669338,construction--barrier--curb,5
1085860926669338,construction--flat--sidewalk,6
1085860926669338,construction--flat--traffic-island,3
1085860926669338,construction--structure--building,41
1085860926669338,construction--barrier--wall,12
1085860926669338,construction--barrier--fence,4
1085860926669338,construction--flat--road,3
1085860926669338,marking--continuous--dashed,8
1085860926669338,nature--sky,5
1085860926669338,nature--vegetation,27
1085860926669338,object--wire-group,9
1085860926669338,void--ego-vehicle,1
1085860926669338,void--ground,2
1085860926669338,void--unlabeled,157
1085860926669338,object--vehicle--car,14
1085860926669338,object--sign--advertisement,3
1085860926669338,object--support--pole,22
1085860926669338,object--street-light,4
1085860926669338,human--person--individual,2
1085860926669338,marking--discrete--arrow--split-left-or-straight,2
1085860926669338,object--traffic-light--general-horizontal-front,1
1085860926669338,object--traffic-sign--front,2
1085860926669338,marking--discrete--arrow--straight,1
1085860926669338,marking--discrete--crosswalk-zebra,1
1085860926669338,object--traffic-light--general-upright-side,1
1085860926669338,object--traffic-sign--direction-front,2
1085860926669338,object--traffic-light--general-upright-front,1
1085860926669338,object--vehicle--truck,1
1085881376310055,construction--barrier--curb,7
1085881376310055,construction--structure--building,50
1085881376310055,construction--flat--road,19
1085881376310055,construction--flat--sidewalk,6
1085881376310055,marking--continuous--dashed,7
1085881376310055,nature--sky,4
1085881376310055,nature--vegetation,27
1085881376310055,object--wire-group,3
1085881376310055,void--dynamic,5
1085881376310055,void--ego-vehicle,1
1085881376310055,void--ground,4
1085881376310055,void--static,11
1085881376310055,void--unlabeled,217
1085881376310055,object--vehicle--car,10
1085881376310055,object--sign--advertisement,2
1085881376310055,marking--discrete--arrow--straight,1
1085881376310055,object--support--pole,21
1085881376310055,object--street-light,2
1085881376310055,object--traffic-sign--front,2
1085881376310055,human--person--individual,1
1085881376310055,object--traffic-sign--direction-front,2
1085881376310055,object--traffic-light--general-upright-front,1
1085881376310055,marking--discrete--arrow--split-left-or-straight,1
1085881376310055,object--vehicle--bus,1
1085881376310055,marking--discrete--stop-line,1
1085881376310055,object--traffic-light--general-horizontal-front,1
1085881376310055,object--fire-hydrant,1
1085881376310055,object--sign--store,1
1085881376310055,marking--discrete--crosswalk-zebra,1
1085881376310055,human--rider--motorcyclist,1
1085881376310055,object--vehicle--truck,1
1085881376310055,object--traffic-light--general-upright-side,1
1085881376310055,regulatory--no-u-turn--g1,1
1108904604190444,construction--barrier--curb,11
1108904604190444,construction--flat--sidewalk,14
1108904604190444,construction--barrier--wall,17
1108904604190444,construction--flat--road,9
1108904604190444,construction--barrier--fence,8
1108904604190444,construction--flat--traffic-island,2
1108904604190444,construction--structure--building,52
1108904604190444,marking--continuous--dashed,14
1108904604190444,nature--sky,5
1108904604190444,nature--vegetation,32
1108904604190444,object--wire-group,14
1108904604190444,void--unlabeled,186
1108904604190444,void--ego-vehicle,1
1108904604190444,object--vehicle--car,13
1108904604190444,object--vehicle--motorcycle,1
1108904604190444,object--street-light,5
1108904604190444,object--vehicle--bus,1
1108904604190444,object--support--pole,17
1108904604190444,object--sign--advertisement,1
1108904604190444,object--traffic-light--general-horizontal-front,2
1108904604190444,object--traffic-light--general-upright-front,1
1108904604190444,marking--discrete--arrow--split-right-or-straight,1
1108904604190444,object--traffic-light--pedestrians-front,1
1108904604190444,human--person--individual,1
1108904604190444,object--support--utility-pole,1
1108904604190444,object--traffic-light--general-horizontal-back,1
1108904604190444,object--sign--store,1
1035856411888740,construction--barrier--curb,13
1035856411888740,construction--flat--road,8
1035856411888740,construction--barrier--fence,14
1035856411888740,construction--barrier--wall,8
1035856411888740,construction--flat--sidewalk,7
1035856411888740,construction--flat--traffic-island,1
1035856411888740,construction--structure--building,14
1035856411888740,marking--continuous--dashed,27
1035856411888740,nature--sky,4
1035856411888740,nature--terrain,2
1035856411888740,nature--vegetation,9
1035856411888740,void--ego-vehicle,2
1035856411888740,void--unlabeled,90
1035856411888740,object--vehicle--car,6
1035856411888740,object--support--utility-pole,1
1035856411888740,object--support--pole,3
1035856411888740,object--street-light,1
1035856411888740,marking--discrete--arrow--right,1
1035856411888740,object--traffic-sign--front,1
120459614129194,construction--barrier--curb,8
120459614129194,construction--barrier--fence,14
120459614129194,construction--barrier--wall,15
120459614129194,construction--flat--pedestrian-area,26
120459614129194,construction--flat--rail-track,11
120459614129194,construction--flat--road,28
120459614129194,construction--flat--sidewalk,14
120459614129194,construction--structure--building,22
120459614129194,nature--sky,11
120459614129194,nature--vegetation,16
120459614129194,nature--water,2
120459614129194,object--wire-group,19
120459614129194,void--ego-vehicle,1
120459614129194,void--ground,9
120459614129194,void--static,15
120459614129194,void--unlabeled,51
120459614129194,object--manhole,1
120459614129194,object--support--pole,2
120459614129194,object--support--utility-pole,1
120459614129194,object--catch-basin,1
1138329183507060,construction--barrier--curb,6
1138329183507060,construction--structure--building,16
1138329183507060,construction--flat--sidewalk,4
1138329183507060,construction--barrier--fence,5
1138329183507060,construction--flat--traffic-island,2
1138329183507060,construction--flat--road,3
1138329183507060,marking--continuous--dashed,13
1138329183507060,nature--sky,4
1138329183507060,nature--vegetation,9
1138329183507060,void--ego-vehicle,1
1138329183507060,void--static,4
1138329183507060,void--unlabeled,78
1138329183507060,object--vehicle--car,7
1138329183507060,object--street-light,2
1138329183507060,object--support--pole,4
1138329183507060,construction--flat--driveway,1
1138329183507060,marking--discrete--other-marking,1
1138329183507060,object--support--utility-pole,1
1138329183507060,object--sign--advertisement,1
1138329183507060,human--person--individual,1
117919581069920,construction--barrier--curb,15
117919581069920,construction--barrier--fence,9
117919581069920,construction--flat--sidewalk,6
117919581069920,construction--flat--road,8
117919581069920,construction--structure--building,26
117919581069920,construction--flat--traffic-island,4
117919581069920,marking--continuous--dashed,11
117919581069920,nature--sky,7
117919581069920,nature--vegetation,22
117919581069920,object--wire-group,7
117919581069920,void--ego-vehicle,2
117919581069920,void--unlabeled,186
117919581069920,object--vehicle--car,12
117919581069920,object--street-light,2
117919581069920,object--support--pole,8
117919581069920,object--sign--advertisement,6
117919581069920,object--support--utility-pole,1
117919581069920,object--traffic-sign--front,2
117919581069920,human--person--individual,1
117919581069920,object--cctv-camera,1
117919581069920,object--sign--store,1
117919581069920,object--trash-can,1
1003830543928663,regulatory--no-u-turn--g1,1
1003830543928663,construction--barrier--fence,4
1003830543928663,construction--barrier--wall,5
1003830543928663,construction--structure--building,24
1003830543928663,nature--sky,10
1003830543928663,construction--barrier--curb,1
1003830543928663,construction--flat--sidewalk,2
1003830543928663,marking--continuous--dashed,2
1003830543928663,construction--flat--road,1
1003830543928663,nature--terrain,8
1003830543928663,nature--vegetation,15
1003830543928663,object--wire-group,11
1003830543928663,void--ego-vehicle,2
1003830543928663,void--ground,7
1003830543928663,void--unlabeled,100
1003830543928663,object--vehicle--car,8
1003830543928663,object--vehicle--bus,1
1003830543928663,object--support--utility-pole,2
1003830543928663,object--street-light,3
1003830543928663,object--support--pole,9
1003830543928663,object--traffic-sign--front,2
1003830543928663,human--person--individual,1
1003830543928663,object--traffic-sign--direction-front,1
1003830543928663,object--traffic-light--general-horizontal-back,1
1003830543928663,object--traffic-light--general-upright-side,1
1003830543928663,object--traffic-light--pedestrians-side,2
1003830543928663,object--traffic-light--general-upright-back,1
1058243326084060,construction--barrier--curb,8
1058243326084060,construction--barrier--fence,11
1058243326084060,construction--flat--sidewalk,11
1058243326084060,construction--flat--traffic-island,1
1058243326084060,construction--structure--building,47
1058243326084060,construction--barrier--wall,13
1058243326084060,construction--flat--road,3
1058243326084060,marking--continuous--dashed,17
1058243326084060,nature--sky,7
1058243326084060,nature--vegetation,26
1058243326084060,object--wire-group,8
1058243326084060,void--ground,4
1058243326084060,void--ego-vehicle,1
1058243326084060,void--unlabeled,192
1058243326084060,object--vehicle--car,13
1058243326084060,object--vehicle--motorcycle,1
1058243326084060,object--support--pole,17
1058243326084060,object--vehicle--bus,1
1058243326084060,object--street-light,7
1058243326084060,object--traffic-light--general-horizontal-front,2
1058243326084060,human--person--individual,3
1058243326084060,object--sign--advertisement,1
1058243326084060,marking--discrete--arrow--left,1
1058243326084060,object--sign--store,1
1058243326084060,object--support--utility-pole,1
1058243326084060,object--traffic-light--general-upright-side,1
1058243326084060,object--traffic-light--pedestrians-front,1
1058243326084060,object--traffic-light--general-upright-front,1
1058243326084060,object--traffic-sign--front,1
1043884034149553,construction--barrier--curb,11
1043884034149553,construction--flat--road,15
1043884034149553,construction--flat--sidewalk,6
1043884034149553,construction--structure--building,35
1043884034149553,construction--flat--traffic-island,1
1043884034149553,construction--barrier--wall,7
1043884034149553,construction--barrier--fence,5
1043884034149553,marking--continuous--dashed,7
1043884034149553,nature--sky,3
1043884034149553,nature--vegetation,11
1043884034149553,object--wire-group,1
1043884034149553,void--ego-vehicle,1
1043884034149553,void--static,7
1043884034149553,void--unlabeled,141
1043884034149553,object--vehicle--car,12
1043884034149553,object--vehicle--truck,3
1043884034149553,object--support--pole,7
1043884034149553,object--street-light,7
1043884034149553,human--person--individual,5
1043884034149553,marking--discrete--other-marking,1
1065722235038924,construction--barrier--curb,4
1065722235038924,construction--barrier--fence,3
1065722235038924,construction--barrier--wall,2
1065722235038924,construction--flat--road,9
1065722235038924,nature--sky,8
1065722235038924,construction--structure--building,12
1065722235038924,nature--vegetation,6
1065722235038924,construction--flat--sidewalk,6
1065722235038924,object--wire-group,11
1065722235038924,void--ego-vehicle,3
1065722235038924,void--ground,8
1065722235038924,void--unlabeled,53
1065722235038924,object--vehicle--car,3
1065722235038924,construction--flat--driveway,3
1065722235038924,object--support--pole,1
103992979262379,construction--barrier--curb,2
103992979262379,construction--barrier--fence,2
103992979262379,construction--flat--sidewalk,1
103992979262379,construction--structure--building,24
103992979262379,construction--barrier--wall,2
103992979262379,construction--flat--road,1
103992979262379,nature--sky,10
103992979262379,marking--continuous--dashed,2
103992979262379,nature--vegetation,13
103992979262379,nature--terrain,3
103992979262379,object--wire-group,12
103992979262379,void--ego-vehicle,1
103992979262379,void--ground,9
103992979262379,void--unlabeled,106
103992979262379,object--vehicle--car,6
103992979262379,object--vehicle--bus,1
103992979262379,human--person--individual,1
103992979262379,object--street-light,3
103992979262379,object--support--pole,9
103992979262379,object--support--utility-pole,2
103992979262379,object--traffic-sign--front,2
103992979262379,object--traffic-sign--direction-front,2
103992979262379,object--traffic-light--pedestrians-side,1
103992979262379,object--traffic-light--general-horizontal-back,1
103992979262379,object--traffic-light--general-upright-side,1
1177429056475052,construction--barrier--fence,14
1177429056475052,construction--flat--road,21
1177429056475052,construction--flat--sidewalk,8
1177429056475052,construction--structure--building,27
1177429056475052,nature--sky,6
1177429056475052,nature--vegetation,23
1177429056475052,object--wire-group,4
1177429056475052,void--ego-vehicle,1
1177429056475052,void--ground,12
1177429056475052,void--unlabeled,172
1177429056475052,object--vehicle--car,18
1177429056475052,object--vehicle--bus,3
1177429056475052,object--support--pole,12
1177429056475052,object--street-light,8
1177429056475052,human--rider--motorcyclist,2
1177429056475052,object--traffic-sign--front,1
1177429056475052,object--support--utility-pole,4
1177429056475052,human--person--individual,2
1177429056475052,object--vehicle--motorcycle,1
1177429056475052,object--sign--advertisement,1
1177429056475052,object--traffic-sign--back,1
1177429056475052,object--sign--store,1
1177429056475052,warning--texts--g3,1
1000734317573196,construction--barrier--wall,9
1000734317573196,construction--barrier--curb,2
1000734317573196,construction--barrier--fence,6
1000734317573196,construction--structure--building,20
1000734317573196,construction--flat--road,3
1000734317573196,construction--flat--sidewalk,5
1000734317573196,nature--sky,10
1000734317573196,construction--structure--tunnel,1
1000734317573196,nature--vegetation,12
1000734317573196,object--wire-group,10
1000734317573196,void--ego-vehicle,1
1000734317573196,void--unlabeled,20
1000734317573196,object--support--utility-pole,1
1000734317573196,object--support--pole,1
1000734317573196,object--sign--information,1
1000734317573196,object--water-valve,1
1026807554945200,construction--barrier--fence,22
1026807554945200,construction--flat--road,16
1026807554945200,construction--flat--sidewalk,9
1026807554945200,construction--structure--building,29
1026807554945200,nature--sky,7
1026807554945200,nature--vegetation,24
1026807554945200,object--wire-group,2
1026807554945200,void--ego-vehicle,1
1026807554945200,void--ground,10
1026807554945200,void--unlabeled,168
1026807554945200,object--vehicle--car,20
1026807554945200,object--vehicle--bus,3
1026807554945200,object--support--pole,12
1026807554945200,object--street-light,6
1026807554945200,object--traffic-sign--front,2
1026807554945200,object--support--utility-pole,5
1026807554945200,human--person--individual,5
1026807554945200,object--traffic-sign--back,2
1026807554945200,object--sign--advertisement,1
1026807554945200,object--sign--store,2
1026807554945200,object--vehicle--other-vehicle,2
1026807554945200,marking--discrete--other-marking,1
1026807554945200,warning--texts--g3,1
1074297977256925,construction--barrier--curb,8
1074297977256925,construction--structure--building,22
1074297977256925,construction--flat--sidewalk,5
1074297977256925,construction--barrier--wall,3
1074297977256925,construction--barrier--fence,5
1074297977256925,construction--flat--road,8
1074297977256925,construction--flat--curb-cut,1
1074297977256925,marking--continuous--dashed,6
1074297977256925,nature--sky,8
1074297977256925,nature--terrain,11
1074297977256925,nature--vegetation,15
1074297977256925,object--wire-group,6
1074297977256925,void--ego-vehicle,1
1074297977256925,void--unlabeled,171
1074297977256925,object--vehicle--car,14
1074297977256925,human--person--individual,1
1074297977256925,object--support--pole,7
1074297977256925,object--street-light,4
1074297977256925,object--support--utility-pole,2
1074297977256925,object--vehicle--motorcycle,1
1074297977256925,object--sign--advertisement,3
1074297977256925,object--junction-box,1
1076228437289170,construction--barrier--fence,4
1076228437289170,construction--structure--building,10
1076228437289170,construction--flat--sidewalk,13
1076228437289170,nature--sky,5
1076228437289170,construction--flat--road,11
1076228437289170,construction--barrier--wall,10
1076228437289170,nature--vegetation,8
1076228437289170,void--ego-vehicle,2
1076228437289170,void--unlabeled,2
1083140333340416,construction--barrier--curb,7
1083140333340416,construction--flat--sidewalk,10
1083140333340416,construction--flat--road,30
1083140333340416,construction--structure--building,48
1083140333340416,marking--continuous--solid,11
1083140333340416,nature--sky,14
1083140333340416,nature--terrain,6
1083140333340416,nature--vegetation,37
1083140333340416,object--wire-group,13
1083140333340416,void--ego-vehicle,1
1083140333340416,void--unlabeled,288
1083140333340416,object--support--pole,18
1083140333340416,object--vehicle--car,12
1083140333340416,object--traffic-sign--direction-front,2
1083140333340416,human--person--individual,3
1083140333340416,object--vehicle--bus,1
1083140333340416,object--street-light,5
1083140333340416,object--vehicle--motorcycle,3
1083140333340416,human--rider--motorcyclist,3
1083140333340416,object--traffic-light--pedestrians-side,3
1083140333340416,object--traffic-light--general-upright-back,2
1083140333340416,object--support--utility-pole,3
1083140333340416,object--support--traffic-sign-frame,1
1083140333340416,object--sign--advertisement,2
1083140333340416,object--traffic-light--general-upright-front,1
1083140333340416,marking--discrete--crosswalk-zebra,2
1083140333340416,object--traffic-light--general-horizontal-front,2
1083140333340416,marking--discrete--stop-line,1
1083140333340416,object--traffic-sign--front,2
1083140333340416,object--cctv-camera,1
1083140333340416,object--traffic-light--pedestrians-front,1
1083140333340416,object--sign--store,1
1081512637042947,construction--barrier--curb,24
1081512637042947,construction--flat--road,16
1081512637042947,construction--flat--sidewalk,13
1081512637042947,construction--barrier--fence,1
1081512637042947,construction--structure--building,34
1081512637042947,marking--continuous--solid,4
1081512637042947,nature--sky,8
1081512637042947,nature--terrain,9
1081512637042947,nature--vegetation,20
1081512637042947,object--wire-group,15
1081512637042947,void--ego-vehicle,1
1081512637042947,void--unlabeled,196
1081512637042947,object--vehicle--car,13
1081512637042947,object--street-light,4
1081512637042947,object--traffic-sign--front,2
1081512637042947,marking--discrete--arrow--straight,1
1081512637042947,object--support--pole,10
1081512637042947,object--cctv-camera,1
1081512637042947,object--support--utility-pole,3
1081512637042947,marking--discrete--arrow--split-right-or-straight,1
1081512637042947,object--sign--advertisement,1
1081512637042947,marking--discrete--crosswalk-zebra,1
1081512637042947,human--person--individual,1
1081512637042947,object--traffic-sign--direction-front,1
1081512637042947,object--traffic-light--general-upright-front,1
1230915071358702,construction--barrier--curb,2
1230915071358702,nature--vegetation,8
1230915071358702,construction--structure--building,16
1230915071358702,nature--sky,3
1230915071358702,construction--barrier--wall,15
1230915071358702,construction--flat--sidewalk,1
1230915071358702,construction--barrier--fence,6
1230915071358702,construction--flat--road,2
1230915071358702,void--ego-vehicle,4
1230915071358702,void--unlabeled,2
108438332117656,construction--barrier--curb,12
108438332117656,construction--barrier--wall,11
108438332117656,construction--barrier--fence,12
108438332117656,construction--flat--pedestrian-area,22
108438332117656,construction--flat--rail-track,13
108438332117656,construction--flat--road,26
108438332117656,construction--flat--sidewalk,19
108438332117656,construction--structure--bridge,7
108438332117656,construction--structure--building,20
108438332117656,nature--sky,10
108438332117656,nature--vegetation,15
108438332117656,nature--water,4
108438332117656,object--wire-group,24
108438332117656,void--ego-vehicle,1
108438332117656,void--ground,8
108438332117656,void--static,18
108438332117656,void--unlabeled,46
108438332117656,object--manhole,1
108438332117656,object--support--pole,2
108438332117656,object--catch-basin,1
108438332117656,object--support--utility-pole,1
1086229056234586,construction--barrier--curb,23
1086229056234586,construction--flat--road,16
1086229056234586,construction--barrier--wall,4
1086229056234586,construction--flat--traffic-island,10
1086229056234586,construction--structure--building,29
1086229056234586,marking--continuous--dashed,7
1086229056234586,nature--sky,10
1086229056234586,nature--terrain,5
1086229056234586,nature--vegetation,28
1086229056234586,object--wire-group,6
1086229056234586,void--ego-vehicle,3
1086229056234586,void--unlabeled,162
1086229056234586,object--vehicle--car,14
1086229056234586,object--support--pole,8
1086229056234586,object--street-light,4
1086229056234586,object--support--utility-pole,2
1057096185911282,construction--barrier--curb,6
1057096185911282,construction--flat--traffic-island,2
1057096185911282,construction--flat--road,3
1057096185911282,construction--flat--sidewalk,9
1057096185911282,construction--barrier--wall,14
1057096185911282,construction--structure--building,40
1057096185911282,construction--barrier--fence,7
1057096185911282,marking--continuous--dashed,8
1057096185911282,nature--sky,3
1057096185911282,nature--vegetation,27
1057096185911282,object--wire-group,13
1057096185911282,void--ego-vehicle,1
1057096185911282,void--unlabeled,175
1057096185911282,object--vehicle--motorcycle,1
1057096185911282,object--vehicle--car,13
1057096185911282,object--vehicle--bus,1
1057096185911282,object--street-light,6
1057096185911282,object--support--pole,15
1057096185911282,human--person--individual,2
1057096185911282,object--support--utility-pole,1
1057096185911282,object--traffic-light--general-horizontal-front,1
1057096185911282,object--traffic-light--pedestrians-front,1
1057096185911282,object--sign--advertisement,1
1057096185911282,object--cctv-camera,1
1057096185911282,object--traffic-light--general-upright-front,1
1057096185911282,marking--discrete--arrow--left,1
1057096185911282,object--traffic-light--general-horizontal-back,1
1057096185911282,object--sign--store,1
1057096185911282,object--traffic-sign--direction-front,1
1064415085429977,construction--barrier--fence,2
1064415085429977,construction--flat--road,13
1064415085429977,void--unlabeled,15
1064415085429977,nature--vegetation,5
1064415085429977,void--ego-vehicle,3
1064415085429977,object--vehicle--motorcycle,1
1064415085429977,object--support--utility-pole,1
1064415085429977,human--rider--motorcyclist,1
1064415085429977,object--support--pole,1
1064415085429977,construction--flat--sidewalk,3
1064415085429977,construction--structure--building,5
1015179543248423,construction--barrier--fence,14
1015179543248423,construction--flat--road,24
1015179543248423,construction--flat--sidewalk,10
1015179543248423,construction--structure--building,27
1015179543248423,nature--sky,7
1015179543248423,nature--vegetation,22
1015179543248423,object--wire-group,4
1015179543248423,void--ego-vehicle,2
1015179543248423,void--ground,6
1015179543248423,void--unlabeled,193
1015179543248423,object--vehicle--car,20
1015179543248423,object--support--pole,12
1015179543248423,object--vehicle--bus,3
1015179543248423,human--person--individual,3
1015179543248423,object--traffic-sign--front,1
1015179543248423,object--street-light,5
1015179543248423,object--traffic-sign--back,1
1015179543248423,object--sign--advertisement,1
1015179543248423,object--support--utility-pole,3
1015179543248423,object--sign--store,2
1015179543248423,marking--discrete--stop-line,1
1015179543248423,warning--texts--g3,1
1214002046221803,construction--barrier--fence,14
1214002046221803,construction--flat--road,21
1214002046221803,construction--flat--sidewalk,7
1214002046221803,construction--structure--building,26
1214002046221803,nature--sky,8
1214002046221803,nature--vegetation,21
1214002046221803,object--wire-group,2
1214002046221803,void--ego-vehicle,2
1214002046221803,void--ground,15
1214002046221803,void--unlabeled,184
1214002046221803,object--vehicle--car,20
1214002046221803,object--support--pole,10
1214002046221803,object--vehicle--bus,3
1214002046221803,object--street-light,6
1214002046221803,object--traffic-sign--front,1
1214002046221803,object--support--utility-pole,4
1214002046221803,object--traffic-sign--back,2
1214002046221803,object--sign--advertisement,1
1214002046221803,object--sign--store,1
1214002046221803,human--person--individual,1
1214002046221803,human--rider--bicyclist,1
1214002046221803,warning--texts--g3,1
109753358624694,warning--texts--g3,1
109753358624694,construction--barrier--curb,15
109753358624694,construction--flat--road,18
109753358624694,construction--flat--sidewalk,13
109753358624694,construction--structure--building,37
109753358624694,nature--sky,13
109753358624694,nature--vegetation,28
109753358624694,object--wire-group,9
109753358624694,void--ego-vehicle,1
109753358624694,void--ground,9
109753358624694,void--unlabeled,244
109753358624694,object--vehicle--car,18
109753358624694,object--traffic-sign--front,1
109753358624694,object--vehicle--bus,3
109753358624694,human--rider--motorcyclist,2
109753358624694,object--vehicle--motorcycle,2
109753358624694,object--support--pole,25
109753358624694,object--street-light,6
109753358624694,human--person--individual,3
109753358624694,object--support--utility-pole,5
109753358624694,object--vehicle--caravan,1
109753358624694,object--sign--advertisement,2
109753358624694,object--sign--store,1
109753358624694,object--sign--back,1
1070700818173947,construction--barrier--curb,13
1070700818173947,construction--flat--road,22
1070700818173947,construction--barrier--wall,14
1070700818173947,construction--barrier--fence,8
1070700818173947,construction--flat--sidewalk,11
1070700818173947,construction--structure--building,40
1070700818173947,nature--sky,13
1070700818173947,nature--vegetation,25
1070700818173947,object--wire-group,7
1070700818173947,void--ego-vehicle,7
1070700818173947,void--unlabeled,212
1070700818173947,object--vehicle--bus,1
1070700818173947,object--vehicle--car,9
1070700818173947,object--support--utility-pole,4
1070700818173947,object--support--pole,15
1070700818173947,object--street-light,1
1070700818173947,marking--discrete--crosswalk-zebra,4
1070700818173947,object--traffic-light--general-upright-side,1
1070700818173947,object--traffic-sign--back,3
1070700818173947,object--traffic-sign--front,3
1070700818173947,object--traffic-sign--direction-front,4
1070700818173947,object--traffic-light--general-horizontal-front,2
1070700818173947,object--traffic-light--pedestrians-front,3
1070700818173947,object--traffic-light--pedestrians-side,4
1070700818173947,object--trash-can,1
1070700818173947,marking--discrete--stop-line,1
1070700818173947,human--person--individual,1
1070700818173947,object--traffic-light--general-upright-back,1
1070700818173947,object--sign--advertisement,1
1070700818173947,object--junction-box,1
110277241906017,construction--barrier--curb,12
110277241906017,construction--barrier--fence,28
110277241906017,construction--barrier--wall,19
110277241906017,construction--flat--road,9
110277241906017,construction--flat--sidewalk,7
110277241906017,construction--flat--traffic-island,2
110277241906017,construction--structure--building,28
110277241906017,marking--continuous--dashed,17
110277241906017,nature--sky,9
110277241906017,nature--vegetation,15
110277241906017,object--wire-group,11
110277241906017,void--ego-vehicle,2
110277241906017,void--unlabeled,135
110277241906017,object--vehicle--car,7
110277241906017,object--support--utility-pole,1
110277241906017,object--street-light,2
110277241906017,object--support--pole,5
110277241906017,object--sign--advertisement,1
110277241906017,object--traffic-sign--front,1
110277241906017,object--banner,1
110277241906017,object--manhole,1
110277241906017,object--traffic-sign--back,1
110277241906017,object--cctv-camera,1
1093292858814917,construction--flat--road,28
1093292858814917,construction--barrier--fence,6
1093292858814917,construction--flat--traffic-island,5
1093292858814917,construction--flat--sidewalk,6
1093292858814917,construction--structure--building,33
1093292858814917,nature--sky,3
1093292858814917,nature--vegetation,19
1093292858814917,nature--terrain,9
1093292858814917,object--wire-group,10
1093292858814917,void--ground,14
1093292858814917,void--ego-vehicle,4
1093292858814917,void--unlabeled,255
1093292858814917,object--vehicle--car,29
1093292858814917,human--person--individual,3
1093292858814917,object--vehicle--truck,3
1093292858814917,object--support--pole,10
1093292858814917,object--street-light,5
1093292858814917,object--support--utility-pole,3
1093292858814917,marking--discrete--other-marking,1
1093292858814917,object--manhole,1
1093292858814917,object--sign--store,1
1093292858814917,object--traffic-sign--front,1
1082976766711485,construction--barrier--curb,3
1082976766711485,construction--barrier--fence,1
1082976766711485,construction--flat--rail-track,4
1082976766711485,nature--sky,3
1082976766711485,construction--structure--building,12
1082976766711485,nature--vegetation,7
1082976766711485,object--wire-group,14
1082976766711485,construction--flat--road,12
1082976766711485,construction--flat--sidewalk,7
1082976766711485,void--ground,14
1082976766711485,void--unlabeled,15
1082976766711485,object--support--utility-pole,1
1082976766711485,object--vehicle--car,1
1082976766711485,void--static,5
1082976766711485,object--street-light,1
104800842511008,construction--barrier--curb,11
104800842511008,construction--barrier--fence,13
104800842511008,construction--barrier--wall,14
104800842511008,construction--flat--pedestrian-area,26
104800842511008,construction--flat--rail-track,7
104800842511008,construction--flat--road,34
104800842511008,construction--flat--sidewalk,16
104800842511008,construction--structure--bridge,5
104800842511008,construction--structure--building,21
104800842511008,nature--sky,10
104800842511008,nature--vegetation,16
104800842511008,nature--water,4
104800842511008,object--wire-group,17
104800842511008,void--ego-vehicle,1
104800842511008,void--ground,14
104800842511008,void--static,22
104800842511008,void--unlabeled,45
104800842511008,object--manhole,1
104800842511008,object--support--pole,2
104800842511008,object--support--utility-pole,1
1071946171275997,construction--barrier--fence,7
1071946171275997,construction--structure--building,23
1071946171275997,nature--sky,7
1071946171275997,construction--flat--road,8
1071946171275997,construction--barrier--wall,5
1071946171275997,construction--flat--sidewalk,3
1071946171275997,nature--vegetation,10
1071946171275997,object--wire-group,3
1071946171275997,void--ground,5
1071946171275997,void--unlabeled,33
1071946171275997,object--vehicle--car,2
1071946171275997,object--vehicle--motorcycle,1
1071946171275997,object--support--pole,2
1071946171275997,construction--flat--driveway,1
1242956206573974,construction--barrier--curb,4
1242956206573974,construction--barrier--fence,8
1242956206573974,construction--flat--road,3
1242956206573974,construction--structure--building,12
1242956206573974,construction--flat--sidewalk,4
1242956206573974,nature--sky,4
1242956206573974,marking--continuous--dashed,11
1242956206573974,construction--flat--traffic-island,1
1242956206573974,nature--vegetation,11
1242956206573974,void--ego-vehicle,1
1242956206573974,void--unlabeled,92
1242956206573974,object--vehicle--car,6
1242956206573974,object--street-light,2
1242956206573974,object--support--pole,3
1242956206573974,human--person--individual,1
1242956206573974,construction--flat--driveway,1
1242956206573974,marking--discrete--other-marking,1
1242956206573974,object--sign--advertisement,1
1067984257877943,construction--barrier--curb,22
1067984257877943,construction--barrier--wall,22
1067984257877943,construction--barrier--fence,11
1067984257877943,construction--flat--road,16
1067984257877943,construction--flat--sidewalk,17
1067984257877943,construction--flat--traffic-island,2
1067984257877943,construction--structure--building,45
1067984257877943,nature--sky,10
1067984257877943,nature--vegetation,24
1067984257877943,object--wire-group,11
1067984257877943,void--ego-vehicle,1
1067984257877943,void--unlabeled,254
1067984257877943,object--vehicle--car,10
1067984257877943,object--support--pole,17
1067984257877943,object--traffic-light--pedestrians-front,2
1067984257877943,object--traffic-light--general-upright-side,1
1067984257877943,marking--discrete--crosswalk-zebra,4
1067984257877943,object--traffic-light--pedestrians-side,3
1067984257877943,object--traffic-sign--back,2
1067984257877943,object--street-light,4
1067984257877943,object--traffic-light--general-horizontal-front,1
1067984257877943,object--vehicle--bus,1
1067984257877943,human--person--individual,2
1067984257877943,object--sign--advertisement,2
1067984257877943,object--support--traffic-sign-frame,1
1067984257877943,object--cctv-camera,1
1067984257877943,object--traffic-sign--direction-front,4
1067984257877943,object--support--utility-pole,4
1067984257877943,marking--discrete--arrow--straight,1
1067984257877943,object--traffic-sign--front,1
1067984257877943,marking--discrete--text--other,1
1067984257877943,object--traffic-light--general-upright-front,1
1067984257877943,object--traffic-light--pedestrians-back,2
1102597314587637,construction--barrier--curb,13
1102597314587637,construction--barrier--wall,15
1102597314587637,construction--flat--road,7
1102597314587637,construction--flat--sidewalk,8
1102597314587637,construction--flat--bike-lane,1
1102597314587637,construction--barrier--fence,12
1102597314587637,construction--structure--building,16
1102597314587637,nature--vegetation,15
1102597314587637,nature--sky,3
1102597314587637,void--ego-vehicle,5
1102597314587637,void--ground,2
1102597314587637,void--static,16
1102597314587637,void--unlabeled,15
1102597314587637,object--support--utility-pole,1
1235130620433884,construction--barrier--curb,22
1235130620433884,construction--flat--road,32
1235130620433884,construction--flat--sidewalk,36
1235130620433884,construction--structure--building,48
1235130620433884,nature--sky,16
1235130620433884,nature--terrain,29
1235130620433884,nature--vegetation,45
1235130620433884,object--wire-group,16
1235130620433884,void--ego-vehicle,2
1235130620433884,void--ground,6
1235130620433884,void--unlabeled,244
1235130620433884,object--vehicle--car,22
1235130620433884,object--support--pole,18
1235130620433884,object--vehicle--bus,1
1235130620433884,marking--discrete--crosswalk-zebra,1
1235130620433884,object--support--utility-pole,6
1235130620433884,object--street-light,9
1235130620433884,object--manhole,1
1235130620433884,object--traffic-sign--direction-front,2
1235130620433884,object--sign--store,2
1235130620433884,object--sign--advertisement,1
1235130620433884,human--rider--bicyclist,1
1235130620433884,human--person--individual,4
1235130620433884,object--traffic-light--pedestrians-side,1
1235130620433884,object--cctv-camera,1
1235130620433884,object--traffic-sign--front,1
1107024447488276,construction--barrier--curb,22
1107024447488276,construction--flat--road,22
1107024447488276,construction--barrier--wall,10
1107024447488276,construction--flat--sidewalk,18
1107024447488276,construction--flat--traffic-island,14
1107024447488276,construction--structure--building,42
1107024447488276,nature--sky,6
1107024447488276,nature--vegetation,23
1107024447488276,nature--terrain,3
1107024447488276,marking--continuous--solid,4
1107024447488276,object--wire-group,5
1107024447488276,void--unlabeled,178
1107024447488276,void--ego-vehicle,1
1107024447488276,object--vehicle--car,16
1107024447488276,object--street-light,3
1107024447488276,marking--discrete--arrow--straight,1
1107024447488276,object--support--pole,8
1107024447488276,object--support--utility-pole,2
1107024447488276,human--person--individual,3
1107024447488276,object--manhole,1
1107024447488276,object--junction-box,2
1107024447488276,marking--discrete--crosswalk-zebra,1
1110711993883664,construction--barrier--curb,5
1110711993883664,construction--flat--traffic-island,2
1110711993883664,construction--flat--sidewalk,10
1110711993883664,construction--flat--road,12
1110711993883664,construction--barrier--fence,12
1110711993883664,construction--structure--building,48
1110711993883664,construction--barrier--wall,3
1110711993883664,marking--continuous--dashed,5
1110711993883664,nature--sky,6
1110711993883664,nature--vegetation,25
1110711993883664,object--wire-group,7
1110711993883664,void--ego-vehicle,1
1110711993883664,void--unlabeled,203
1110711993883664,object--vehicle--car,13
1110711993883664,object--street-light,6
1110711993883664,object--support--pole,19
1110711993883664,human--person--individual,4
1110711993883664,object--traffic-light--general-horizontal-front,2
1110711993883664,object--traffic-sign--front,3
1110711993883664,marking--discrete--arrow--straight,1
1110711993883664,object--sign--advertisement,1
1110711993883664,marking--discrete--arrow--split-left-or-straight,1
1110711993883664,object--traffic-light--general-upright-front,1
1110711993883664,object--support--utility-pole,1
1110711993883664,object--traffic-light--general-upright-side,2
1110711993883664,object--traffic-light--pedestrians-front,1
1110711993883664,object--traffic-sign--direction-front,2
1110711993883664,object--sign--store,1
1110711993883664,object--support--traffic-sign-frame,1
1110711993883664,object--traffic-light--pedestrians-side,1
1110711993883664,marking--discrete--crosswalk-zebra,2
1110711993883664,regulatory--no-u-turn--g1,1
1122885052530476,regulatory--no-u-turn--g1,1
1122885052530476,construction--barrier--curb,6
1122885052530476,construction--structure--building,33
1122885052530476,construction--flat--traffic-island,2
1122885052530476,construction--flat--road,13
1122885052530476,construction--barrier--fence,5
1122885052530476,marking--continuous--dashed,5
1122885052530476,nature--sky,6
1122885052530476,nature--vegetation,18
1122885052530476,object--wire-group,5
1122885052530476,void--ego-vehicle,2
1122885052530476,void--unlabeled,163
1122885052530476,object--vehicle--car,8
1122885052530476,object--traffic-sign--front,2
1122885052530476,object--support--pole,14
1122885052530476,object--street-light,3
1122885052530476,object--traffic-sign--back,1
1122885052530476,object--traffic-light--pedestrians-front,1
1122885052530476,object--traffic-sign--direction-front,4
1122885052530476,object--traffic-light--general-upright-back,2
1122885052530476,human--person--individual,1
1122885052530476,object--traffic-light--general-upright-side,1
1122885052530476,object--traffic-light--pedestrians-side,1
1122885052530476,object--traffic-sign--direction-back,1
1066692908429989,construction--barrier--fence,3
1066692908429989,void--ego-vehicle,4
1066692908429989,nature--vegetation,10
1066692908429989,nature--sky,2
1066692908429989,void--unlabeled,11
1066692908429989,construction--flat--sidewalk,4
1066692908429989,construction--flat--road,13
1066692908429989,construction--flat--curb-cut,1
1066692908429989,construction--structure--building,4
1066692908429989,object--support--pole,3
1066692908429989,object--street-light,1
1097109362007328,construction--barrier--curb,20
1097109362007328,construction--structure--building,45
1097109362007328,construction--flat--traffic-island,5
1097109362007328,construction--flat--sidewalk,7
1097109362007328,construction--flat--road,15
1097109362007328,marking--continuous--dashed,21
1097109362007328,nature--sky,11
1097109362007328,nature--vegetation,18
1097109362007328,object--wire-group,23
1097109362007328,void--ego-vehicle,5
1097109362007328,void--unlabeled,214
1097109362007328,object--vehicle--car,12
1097109362007328,object--support--pole,10
1097109362007328,object--street-light,3
1097109362007328,object--support--utility-pole,4
1097109362007328,object--manhole,1
1097109362007328,object--traffic-sign--direction-front,2
1097109362007328,object--traffic-sign--front,2
1097109362007328,human--person--individual,5
1097109362007328,object--sign--store,4
1097109362007328,object--traffic-sign--back,2
1097109362007328,object--traffic-light--general-horizontal-front,1
1097109362007328,regulatory--no-u-turn--g1,1
1114126596972009,construction--barrier--curb,15
1114126596972009,construction--flat--sidewalk,13
1114126596972009,construction--flat--road,20
1114126596972009,construction--barrier--fence,3
1114126596972009,construction--barrier--wall,2
1114126596972009,construction--structure--building,29
1114126596972009,marking--continuous--solid,7
1114126596972009,nature--sky,10
1114126596972009,nature--terrain,6
1114126596972009,nature--vegetation,27
1114126596972009,object--wire-group,6
1114126596972009,void--ego-vehicle,2
1114126596972009,void--unlabeled,213
1114126596972009,object--vehicle--car,19
1114126596972009,human--person--individual,3
1114126596972009,object--traffic-sign--front,1
1114126596972009,marking--discrete--arrow--straight,1
1114126596972009,object--street-light,3
1114126596972009,object--support--pole,11
1114126596972009,object--support--utility-pole,4
1114126596972009,object--sign--advertisement,2
1114126596972009,marking--discrete--arrow--split-right-or-straight,1
1114126596972009,object--cctv-camera,1
1114126596972009,marking--discrete--arrow--right,1
1097722268689225,construction--barrier--curb,14
1097722268689225,construction--structure--building,32
1097722268689225,construction--barrier--wall,4
1097722268689225,construction--flat--road,11
1097722268689225,construction--flat--sidewalk,5
1097722268689225,construction--barrier--fence,2
1097722268689225,construction--flat--traffic-island,3
1097722268689225,nature--terrain,3
1097722268689225,nature--vegetation,17
1097722268689225,nature--sky,3
1097722268689225,marking--continuous--dashed,6
1097722268689225,void--ego-vehicle,2
1097722268689225,void--ground,4
1097722268689225,void--unlabeled,170
1097722268689225,object--vehicle--truck,2
1097722268689225,object--vehicle--car,22
1097722268689225,object--support--pole,8
1097722268689225,human--person--individual,2
1097722268689225,object--street-light,5
1097722268689225,object--traffic-sign--front,2
1097722268689225,object--sign--advertisement,1
1097722268689225,marking--discrete--other-marking,1
1097722268689225,object--support--utility-pole,1
1149984609028667,construction--barrier--curb,14
1149984609028667,construction--barrier--wall,9
1149984609028667,construction--flat--road,7
1149984609028667,construction--flat--sidewalk,9
1149984609028667,construction--structure--building,11
1149984609028667,marking--continuous--solid,6
1149984609028667,nature--sky,11
1149984609028667,nature--terrain,5
1149984609028667,nature--vegetation,19
1149984609028667,object--wire-group,2
1149984609028667,void--ego-vehicle,1
1149984609028667,void--ground,8
1149984609028667,void--unlabeled,8
1149984609028667,object--street-light,1
1149984609028667,human--person--individual,1
1149984609028667,construction--flat--driveway,1
1103920564767689,construction--barrier--curb,8
1103920564767689,construction--flat--sidewalk,7
1103920564767689,construction--barrier--wall,11
1103920564767689,construction--flat--traffic-island,3
1103920564767689,construction--flat--road,9
1103920564767689,construction--structure--building,36
1103920564767689,construction--flat--curb-cut,2
1103920564767689,marking--continuous--dashed,9
1103920564767689,nature--sky,5
1103920564767689,nature--vegetation,24
1103920564767689,object--wire-group,12
1103920564767689,void--ego-vehicle,1
1103920564767689,void--unlabeled,160
1103920564767689,object--vehicle--car,13
1103920564767689,object--support--pole,25
1103920564767689,object--street-light,7
1103920564767689,object--sign--advertisement,1
1103920564767689,human--person--individual,1
1103920564767689,marking--discrete--arrow--straight,1
1103920564767689,object--traffic-light--general-horizontal-front,2
1103920564767689,object--traffic-light--general-upright-front,1
1103920564767689,marking--discrete--arrow--left,1
1103920564767689,object--traffic-sign--front,2
1103920564767689,object--support--traffic-sign-frame,1
1103920564767689,marking--discrete--arrow--split-left-or-straight,1
1103920564767689,marking--discrete--crosswalk-zebra,1
1103920564767689,object--vehicle--truck,1
1125285392518689,construction--barrier--curb,5
1125285392518689,construction--structure--building,11
1125285392518689,construction--flat--road,9
1125285392518689,construction--flat--sidewalk,3
1125285392518689,construction--flat--curb-cut,1
1125285392518689,nature--sky,9
1125285392518689,construction--barrier--wall,16
1125285392518689,construction--barrier--fence,4
1125285392518689,nature--vegetation,7
1125285392518689,void--ego-vehicle,3
1125285392518689,void--unlabeled,32
1125285392518689,object--traffic-sign--front,1
1125285392518689,object--support--pole,2
1125285392518689,object--vehicle--car,1
1179634922751344,construction--barrier--curb,5
1179634922751344,construction--barrier--fence,7
1179634922751344,construction--flat--road,3
1179634922751344,construction--flat--sidewalk,3
1179634922751344,construction--structure--building,12
1179634922751344,construction--flat--traffic-island,1
1179634922751344,marking--continuous--dashed,10
1179634922751344,nature--vegetation,11
1179634922751344,nature--sky,4
1179634922751344,void--ego-vehicle,1
1179634922751344,void--unlabeled,102
1179634922751344,object--vehicle--car,7
1179634922751344,object--street-light,3
1179634922751344,human--person--individual,1
1179634922751344,marking--discrete--other-marking,1
1179634922751344,object--support--pole,4
1179634922751344,object--support--utility-pole,1
1179634922751344,object--sign--advertisement,1
1105572904445252,construction--barrier--fence,1
1105572904445252,construction--flat--road,14
1105572904445252,construction--structure--building,33
1105572904445252,construction--flat--sidewalk,7
1105572904445252,construction--flat--traffic-island,1
1105572904445252,marking--continuous--dashed,9
1105572904445252,nature--sky,9
1105572904445252,nature--vegetation,16
1105572904445252,nature--terrain,6
1105572904445252,object--wire-group,3
1105572904445252,void--ego-vehicle,1
1105572904445252,void--ground,2
1105572904445252,void--static,4
1105572904445252,void--unlabeled,124
1105572904445252,object--vehicle--car,11
1105572904445252,object--street-light,3
1105572904445252,object--traffic-sign--front,2
1105572904445252,object--support--pole,9
1105572904445252,object--vehicle--motorcycle,1
1105572904445252,object--sign--advertisement,1
1105572904445252,human--rider--motorcyclist,1
1105572904445252,construction--flat--driveway,1
1105572904445252,object--sign--store,1
1105572904445252,object--support--utility-pole,2
1105572904445252,object--cctv-camera,1
1105572904445252,marking--discrete--arrow--split-right-or-straight,1
1105572904445252,marking--discrete--arrow--straight,1
1105572904445252,object--traffic-light--general-upright-front,1
1150484688974252,construction--barrier--curb,7
1150484688974252,construction--barrier--wall,8
1150484688974252,construction--flat--road,20
1150484688974252,construction--flat--curb-cut,2
1150484688974252,construction--flat--sidewalk,11
1150484688974252,construction--flat--traffic-island,8
1150484688974252,construction--structure--building,47
1150484688974252,marking--continuous--dashed,21
1150484688974252,nature--sky,12
1150484688974252,nature--terrain,17
1150484688974252,nature--vegetation,28
1150484688974252,object--wire-group,7
1150484688974252,void--ego-vehicle,1
1150484688974252,void--ground,12
1150484688974252,void--static,18
1150484688974252,void--unlabeled,219
1150484688974252,object--vehicle--car,31
1150484688974252,object--traffic-sign--back,2
1150484688974252,human--person--individual,4
1150484688974252,object--support--pole,20
1150484688974252,object--street-light,9
1150484688974252,object--traffic-sign--front,1
1150484688974252,object--support--utility-pole,3
1150484688974252,object--traffic-sign--direction-front,1
1150484688974252,object--sign--store,1
1112821896779404,construction--barrier--curb,8
1112821896779404,construction--flat--sidewalk,6
1112821896779404,construction--structure--building,30
1112821896779404,construction--barrier--fence,11
1112821896779404,construction--flat--road,6
1112821896779404,construction--flat--traffic-island,1
1112821896779404,marking--continuous--dashed,21
1112821896779404,nature--sky,4
1112821896779404,nature--vegetation,15
1112821896779404,object--wire-group,2
1112821896779404,void--ego-vehicle,2
1112821896779404,void--unlabeled,147
1112821896779404,object--vehicle--car,12
1112821896779404,object--support--pole,4
1112821896779404,object--sign--advertisement,1
1112821896779404,object--vehicle--truck,1
1112821896779404,object--cctv-camera,1
1112821896779404,object--street-light,3
1112821896779404,object--support--utility-pole,2
1112821896779404,object--sign--store,1
1112821896779404,construction--flat--driveway,1
1154942408519113,construction--barrier--curb,12
1154942408519113,construction--barrier--fence,13
1154942408519113,construction--flat--pedestrian-area,22
1154942408519113,construction--barrier--wall,7
1154942408519113,construction--flat--rail-track,10
1154942408519113,construction--flat--road,24
1154942408519113,construction--flat--sidewalk,23
1154942408519113,construction--structure--building,19
1154942408519113,nature--sky,11
1154942408519113,nature--vegetation,14
1154942408519113,nature--water,2
1154942408519113,object--wire-group,22
1154942408519113,void--ego-vehicle,1
1154942408519113,void--ground,11
1154942408519113,void--static,14
1154942408519113,void--unlabeled,53
1154942408519113,object--support--pole,2
1154942408519113,object--manhole,1
1154942408519113,object--support--utility-pole,1
1189701238583149,construction--barrier--curb,7
1189701238583149,construction--flat--road,8
1189701238583149,construction--barrier--fence,7
1189701238583149,construction--barrier--wall,4
1189701238583149,construction--flat--sidewalk,12
1189701238583149,construction--structure--building,33
1189701238583149,marking--continuous--dashed,4
1189701238583149,nature--sky,5
1189701238583149,nature--vegetation,22
1189701238583149,object--wire-group,11
1189701238583149,void--ego-vehicle,1
1189701238583149,void--unlabeled,185
1189701238583149,object--vehicle--car,12
1189701238583149,object--support--utility-pole,2
1189701238583149,object--traffic-sign--front,2
1189701238583149,object--street-light,5
1189701238583149,object--support--pole,16
1189701238583149,human--person--individual,4
1189701238583149,object--traffic-light--general-upright-front,1
1189701238583149,object--sign--advertisement,1
1189701238583149,object--traffic-light--general-horizontal-front,1
1189701238583149,object--traffic-light--pedestrians-front,1
1189701238583149,object--traffic-sign--direction-front,2
1189701238583149,object--support--traffic-sign-frame,1
1189701238583149,object--traffic-light--general-upright-side,2
1189701238583149,object--traffic-sign--back,1
1189701238583149,object--traffic-light--pedestrians-side,1
1189701238583149,marking--discrete--arrow--split-left-or-straight,1
1158319698166308,construction--flat--road,22
1158319698166308,construction--flat--sidewalk,15
1158319698166308,construction--structure--building,43
1158319698166308,nature--sky,10
1158319698166308,nature--vegetation,28
1158319698166308,object--wire-group,17
1158319698166308,void--ego-vehicle,1
1158319698166308,void--ground,18
1158319698166308,void--unlabeled,225
1158319698166308,object--vehicle--car,27
1158319698166308,object--vehicle--bus,4
1158319698166308,human--person--individual,6
1158319698166308,object--support--utility-pole,4
1158319698166308,object--street-light,8
1158319698166308,object--support--pole,20
1158319698166308,marking--discrete--arrow--straight,1
1158319698166308,marking--discrete--crosswalk-zebra,1
1158319698166308,object--vehicle--truck,1
1158319698166308,object--traffic-light--general-horizontal-back,1
1158319698166308,object--sign--advertisement,1
1158319698166308,object--traffic-sign--back,2
1158319698166308,object--traffic-light--general-upright-front,1
1158319698166308,object--traffic-light--pedestrians-side,1
1164064100975232,construction--barrier--curb,8
1164064100975232,construction--barrier--fence,7
1164064100975232,construction--flat--road,7
1164064100975232,construction--structure--building,27
1164064100975232,construction--flat--sidewalk,4
1164064100975232,construction--flat--traffic-island,3
1164064100975232,marking--continuous--dashed,29
1164064100975232,nature--sky,7
1164064100975232,nature--vegetation,11
1164064100975232,object--wire-group,5
1164064100975232,void--ego-vehicle,1
1164064100975232,void--static,11
1164064100975232,void--unlabeled,94
1164064100975232,object--vehicle--car,4
1164064100975232,object--sign--advertisement,1
1164064100975232,object--support--pole,6
1164064100975232,object--street-light,5
1164064100975232,object--sign--store,1
1164064100975232,marking--discrete--other-marking,1
1198870601204528,construction--barrier--curb,4
1198870601204528,construction--structure--building,10
1198870601204528,construction--flat--road,7
1198870601204528,construction--flat--curb-cut,3
1198870601204528,construction--flat--sidewalk,2
1198870601204528,construction--barrier--wall,9
1198870601204528,nature--sky,2
1198870601204528,construction--barrier--fence,13
1198870601204528,nature--vegetation,7
1198870601204528,void--ego-vehicle,13
1198870601204528,void--ground,10
1198870601204528,void--static,6
1198870601204528,void--unlabeled,19
1198870601204528,object--support--pole,1
1124185052400735,construction--barrier--curb,26
1124185052400735,construction--flat--road,32
1124185052400735,construction--flat--traffic-island,14
1124185052400735,construction--structure--building,48
1124185052400735,nature--sky,10
1124185052400735,marking--continuous--solid,4
1124185052400735,nature--terrain,15
1124185052400735,nature--vegetation,31
1124185052400735,object--wire-group,9
1124185052400735,void--ego-vehicle,7
1124185052400735,void--unlabeled,166
1124185052400735,object--vehicle--car,18
1124185052400735,object--support--pole,4
1124185052400735,object--street-light,4
1124185052400735,object--support--utility-pole,4
1124185052400735,marking--discrete--arrow--straight,1
1124185052400735,object--vehicle--truck,1
1124185052400735,marking--discrete--crosswalk-zebra,1
1124185052400735,human--person--individual,1
1124185052400735,object--junction-box,2
1218029992793257,construction--barrier--curb,6
1218029992793257,construction--barrier--wall,10
1218029992793257,construction--flat--sidewalk,11
1218029992793257,construction--structure--building,14
1218029992793257,construction--flat--traffic-island,2
1218029992793257,construction--barrier--fence,4
1218029992793257,construction--flat--road,10
1218029992793257,marking--continuous--dashed,12
1218029992793257,nature--sky,4
1218029992793257,nature--terrain,2
1218029992793257,nature--vegetation,18
1218029992793257,void--ego-vehicle,2
1218029992793257,object--wire-group,3
1218029992793257,void--static,11
1218029992793257,void--unlabeled,61
1218029992793257,object--vehicle--car,5
1218029992793257,object--support--pole,4
1218029992793257,object--street-light,1
1218029992793257,marking--discrete--arrow--right,1
1218029992793257,human--person--individual,1
1218029992793257,object--vehicle--motorcycle,1
1218029992793257,object--support--utility-pole,1
1227291794583716,construction--barrier--curb,7
1227291794583716,construction--barrier--fence,15
1227291794583716,construction--flat--pedestrian-area,25
1227291794583716,construction--barrier--wall,13
1227291794583716,construction--flat--rail-track,19
1227291794583716,construction--flat--road,22
1227291794583716,construction--flat--sidewalk,20
1227291794583716,construction--structure--building,20
1227291794583716,nature--sky,12
1227291794583716,nature--vegetation,14
1227291794583716,nature--water,3
1227291794583716,object--wire-group,22
1227291794583716,void--ego-vehicle,1
1227291794583716,void--ground,11
1227291794583716,void--static,14
1227291794583716,void--unlabeled,50
1227291794583716,object--manhole,1
1227291794583716,object--support--pole,2
1227291794583716,object--support--utility-pole,1
1227291794583716,object--catch-basin,1
1228932464374211,construction--barrier--curb,11
1228932464374211,construction--barrier--fence,6
1228932464374211,construction--flat--road,6
1228932464374211,construction--flat--sidewalk,12
1228932464374211,construction--structure--building,11
1228932464374211,marking--continuous--dashed,10
1228932464374211,construction--flat--traffic-island,2
1228932464374211,nature--sky,4
1228932464374211,nature--vegetation,8
1228932464374211,object--wire-group,7
1228932464374211,void--ego-vehicle,1
1228932464374211,void--unlabeled,98
1228932464374211,object--vehicle--car,6
1228932464374211,object--street-light,2
1228932464374211,object--support--pole,3
1228932464374211,human--person--individual,1
1228932464374211,construction--flat--driveway,2
1228932464374211,object--sign--advertisement,1
1221898482252459,construction--barrier--curb,24
1221898482252459,construction--barrier--fence,8
1221898482252459,construction--flat--road,24
1221898482252459,construction--flat--sidewalk,11
1221898482252459,construction--flat--traffic-island,3
1221898482252459,construction--structure--building,34
1221898482252459,marking--continuous--dashed,32
1221898482252459,nature--sky,3
1221898482252459,nature--terrain,22
1221898482252459,nature--vegetation,24
1221898482252459,void--ego-vehicle,8
1221898482252459,void--ground,11
1221898482252459,void--unlabeled,192
1221898482252459,object--vehicle--car,30
1221898482252459,object--support--pole,12
1221898482252459,object--support--utility-pole,3
1221898482252459,object--street-light,8
1221898482252459,object--vehicle--truck,2
1221898482252459,human--person--individual,4
1221898482252459,construction--flat--driveway,1
1221898482252459,object--manhole,2
1221898482252459,marking--discrete--other-marking,1
1221898482252459,object--vehicle--trailer,1
1221898482252459,object--sign--advertisement,1
1203721010313903,construction--barrier--curb,11
1203721010313903,construction--barrier--fence,13
1203721010313903,construction--barrier--wall,15
1203721010313903,construction--flat--pedestrian-area,23
1203721010313903,construction--flat--rail-track,13
1203721010313903,construction--flat--road,39
1203721010313903,construction--flat--sidewalk,23
1203721010313903,construction--structure--building,23
1203721010313903,nature--sky,11
1203721010313903,nature--vegetation,16
1203721010313903,nature--water,2
1203721010313903,object--wire-group,23
1203721010313903,void--ego-vehicle,1
1203721010313903,void--ground,13
1203721010313903,void--static,20
1203721010313903,void--unlabeled,51
1203721010313903,object--manhole,1
1203721010313903,object--support--pole,2
1203721010313903,object--support--utility-pole,1
1212455662964814,construction--barrier--fence,3
1212455662964814,construction--flat--road,7
1212455662964814,construction--structure--building,12
1212455662964814,marking--continuous--dashed,9
1212455662964814,nature--sky,5
1212455662964814,construction--flat--traffic-island,1
1212455662964814,construction--barrier--curb,4
1212455662964814,nature--vegetation,12
1212455662964814,construction--flat--sidewalk,4
1212455662964814,void--ego-vehicle,2
1212455662964814,void--unlabeled,81
1212455662964814,object--vehicle--car,6
1212455662964814,object--street-light,2
1212455662964814,object--vehicle--motorcycle,1
1212455662964814,construction--flat--driveway,1
1212455662964814,object--support--pole,3
1212455662964814,human--rider--motorcyclist,1
1212455662964814,object--sign--advertisement,1
1212455662964814,marking--discrete--other-marking,1
1081008193549995,construction--barrier--fence,2
1081008193549995,nature--vegetation,4
1081008193549995,nature--sky,4
1081008193549995,object--wire-group,6
1081008193549995,void--ego-vehicle,1
1081008193549995,construction--structure--building,3
1081008193549995,void--unlabeled,20
1081008193549995,construction--flat--sidewalk,10
1081008193549995,construction--flat--road,10
1081008193549995,object--banner,1
1081008193549995,object--cctv-camera,1
1081008193549995,object--support--pole,2
1224411158792533,construction--barrier--fence,10
1224411158792533,nature--vegetation,10
1224411158792533,construction--flat--sidewalk,6
1224411158792533,construction--structure--building,6
1224411158792533,nature--sky,2
1224411158792533,nature--terrain,3
1224411158792533,construction--barrier--wall,4
1224411158792533,construction--flat--road,9
1224411158792533,void--ego-vehicle,2
1224411158792533,void--ground,10
1224411158792533,void--unlabeled,19
1224411158792533,void--static,4
1224411158792533,object--sign--store,1
1224411158792533,object--vehicle--motorcycle,1
1224411158792533,human--rider--motorcyclist,1
1147127515985865,construction--barrier--curb,11
1147127515985865,construction--barrier--fence,15
1147127515985865,construction--barrier--wall,6
1147127515985865,construction--flat--road,5
1147127515985865,construction--flat--sidewalk,13
1147127515985865,construction--flat--traffic-island,1
1147127515985865,construction--structure--building,12
1147127515985865,marking--continuous--dashed,23
1147127515985865,nature--sky,4
1147127515985865,nature--vegetation,11
1147127515985865,void--ego-vehicle,1
1147127515985865,void--static,4
1147127515985865,void--unlabeled,90
1147127515985865,object--vehicle--car,6
1147127515985865,object--street-light,3
1147127515985865,object--support--pole,2
1147127515985865,object--traffic-light--general-upright-side,1
1147127515985865,object--support--utility-pole,1
1147127515985865,construction--flat--driveway,1
1147127515985865,object--support--traffic-sign-frame,1
1147127515985865,marking--discrete--arrow--left,1
1147127515985865,object--sign--advertisement,1
1147127515985865,object--traffic-sign--front,1
1225061878407160,construction--barrier--curb,8
1225061878407160,construction--barrier--fence,13
1225061878407160,construction--barrier--wall,13
1225061878407160,construction--flat--pedestrian-area,19
1225061878407160,construction--flat--rail-track,15
1225061878407160,construction--flat--road,32
1225061878407160,construction--flat--sidewalk,13
1225061878407160,construction--structure--bridge,8
1225061878407160,construction--structure--building,23
1225061878407160,nature--sky,10
1225061878407160,nature--vegetation,17
1225061878407160,nature--water,2
1225061878407160,object--wire-group,25
1225061878407160,void--ego-vehicle,1
1225061878407160,void--ground,8
1225061878407160,void--static,18
1225061878407160,void--unlabeled,41
1225061878407160,object--manhole,1
1225061878407160,object--support--pole,2
1225061878407160,object--support--utility-pole,1
1225061878407160,object--catch-basin,1
1206129010290182,regulatory--no-u-turn--g1,1
1206129010290182,construction--barrier--curb,2
1206129010290182,construction--barrier--fence,3
1206129010290182,construction--barrier--wall,3
1206129010290182,construction--structure--building,26
1206129010290182,construction--flat--road,1
1206129010290182,construction--flat--sidewalk,2
1206129010290182,nature--sky,11
1206129010290182,marking--continuous--dashed,2
1206129010290182,nature--terrain,4
1206129010290182,nature--vegetation,14
1206129010290182,object--wire-group,8
1206129010290182,void--ego-vehicle,1
1206129010290182,void--ground,5
1206129010290182,void--unlabeled,101
1206129010290182,object--vehicle--car,9
1206129010290182,object--vehicle--bus,1
1206129010290182,human--person--individual,1
1206129010290182,object--support--utility-pole,2
1206129010290182,object--street-light,2
1206129010290182,object--support--pole,9
1206129010290182,object--traffic-sign--front,2
1206129010290182,object--traffic-sign--direction-front,1
1206129010290182,object--traffic-light--general-horizontal-back,1
1206129010290182,object--traffic-light--pedestrians-side,1
1206129010290182,object--traffic-light--general-upright-side,1
1206129010290182,object--sign--store,1
1206129010290182,object--traffic-light--general-horizontal-front,1
1212104206358563,construction--barrier--fence,14
1212104206358563,construction--flat--road,18
1212104206358563,construction--flat--sidewalk,7
1212104206358563,construction--structure--building,29
1212104206358563,nature--sky,8
1212104206358563,nature--vegetation,20
1212104206358563,object--wire-group,3
1212104206358563,void--ego-vehicle,1
1212104206358563,void--ground,18
1212104206358563,void--unlabeled,174
1212104206358563,object--vehicle--car,16
1212104206358563,object--support--pole,11
1212104206358563,human--person--individual,5
1212104206358563,object--vehicle--bus,3
1212104206358563,object--street-light,7
1212104206358563,object--traffic-sign--front,1
1212104206358563,object--sign--advertisement,1
1212104206358563,object--traffic-sign--back,2
1212104206358563,object--support--utility-pole,4
1212104206358563,object--sign--store,1
1212104206358563,object--traffic-light--general-upright-side,1
1212104206358563,warning--texts--g3,1
1228940621050046,construction--barrier--curb,8
1228940621050046,construction--barrier--fence,11
1228940621050046,construction--flat--pedestrian-area,33
1228940621050046,construction--barrier--wall,9
1228940621050046,construction--flat--rail-track,8
1228940621050046,construction--flat--road,28
1228940621050046,construction--flat--sidewalk,13
1228940621050046,construction--structure--bridge,6
1228940621050046,construction--structure--building,24
1228940621050046,nature--sky,10
1228940621050046,nature--vegetation,16
1228940621050046,nature--water,7
1228940621050046,object--wire-group,25
1228940621050046,void--ego-vehicle,1
1228940621050046,void--ground,9
1228940621050046,void--static,23
1228940621050046,void--unlabeled,49
1228940621050046,object--support--utility-pole,1
1228940621050046,object--support--pole,2
1228940621050046,object--manhole,1
1228940621050046,object--sign--information,1
1232731407644134,construction--barrier--curb,11
1232731407644134,construction--barrier--fence,20
1232731407644134,construction--barrier--wall,12
1232731407644134,construction--flat--pedestrian-area,25
1232731407644134,construction--flat--rail-track,14
1232731407644134,construction--flat--road,38
1232731407644134,construction--flat--sidewalk,23
1232731407644134,construction--structure--bridge,7
1232731407644134,construction--structure--building,29
1232731407644134,nature--sky,11
1232731407644134,nature--vegetation,16
1232731407644134,nature--water,4
1232731407644134,object--wire-group,19
1232731407644134,void--ego-vehicle,1
1232731407644134,void--ground,19
1232731407644134,void--static,14
1232731407644134,void--unlabeled,51
1232731407644134,object--manhole,1
1232731407644134,object--support--pole,2
1232731407644134,object--support--utility-pole,1
1210397696539947,construction--barrier--curb,10
1210397696539947,construction--barrier--fence,13
1210397696539947,construction--barrier--wall,11
1210397696539947,construction--flat--pedestrian-area,28
1210397696539947,construction--flat--rail-track,17
1210397696539947,construction--flat--road,48
1210397696539947,construction--flat--sidewalk,24
1210397696539947,construction--structure--building,18
1210397696539947,nature--sky,11
1210397696539947,nature--vegetation,16
1210397696539947,nature--water,4
1210397696539947,object--wire-group,18
1210397696539947,void--ego-vehicle,1
1210397696539947,void--ground,12
1210397696539947,void--static,17
1210397696539947,void--unlabeled,47
1210397696539947,object--support--pole,2
1210397696539947,object--manhole,1
1210397696539947,object--support--utility-pole,1
1210397696539947,object--sign--information,1
1233021331284999,construction--barrier--curb,7
1233021331284999,construction--flat--road,8
1233021331284999,construction--flat--sidewalk,9
1233021331284999,construction--barrier--wall,15
1233021331284999,construction--structure--building,36
1233021331284999,construction--flat--traffic-island,1
1233021331284999,construction--barrier--fence,7
1233021331284999,marking--continuous--dashed,17
1233021331284999,nature--sky,4
1233021331284999,nature--vegetation,14
1233021331284999,object--wire-group,4
1233021331284999,void--ego-vehicle,1
1233021331284999,void--unlabeled,160
1233021331284999,object--vehicle--car,14
1233021331284999,object--support--pole,19
1233021331284999,object--vehicle--bus,1
1233021331284999,human--person--individual,1
1233021331284999,object--vehicle--motorcycle,1
1233021331284999,object--sign--advertisement,1
1233021331284999,object--street-light,5
1233021331284999,object--traffic-light--general-horizontal-front,2
1233021331284999,object--traffic-light--general-upright-side,1
1233021331284999,human--rider--motorcyclist,1
1233021331284999,object--traffic-sign--back,2
1233021331284999,marking--discrete--arrow--straight,1
124169393719024,construction--barrier--curb,7
124169393719024,construction--barrier--fence,14
124169393719024,construction--barrier--wall,14
124169393719024,construction--flat--pedestrian-area,20
124169393719024,construction--flat--rail-track,16
124169393719024,construction--flat--road,35
124169393719024,construction--flat--sidewalk,25
124169393719024,construction--structure--bridge,8
124169393719024,construction--structure--building,21
124169393719024,nature--sky,11
124169393719024,nature--vegetation,15
124169393719024,nature--water,3
124169393719024,object--wire-group,25
124169393719024,void--ego-vehicle,1
124169393719024,void--ground,9
124169393719024,void--static,14
124169393719024,void--unlabeled,48
124169393719024,object--manhole,1
124169393719024,object--support--pole,3
124169393719024,object--support--utility-pole,1
124169393719024,object--catch-basin,1
124147553725492,construction--barrier--curb,6
124147553725492,construction--barrier--fence,12
124147553725492,construction--barrier--wall,8
124147553725492,construction--structure--building,13
124147553725492,construction--flat--sidewalk,4
124147553725492,construction--flat--traffic-island,1
124147553725492,construction--flat--road,3
124147553725492,nature--sky,5
124147553725492,nature--vegetation,10
124147553725492,void--ego-vehicle,1
124147553725492,void--unlabeled,102
124147553725492,object--vehicle--motorcycle,1
124147553725492,object--vehicle--car,6
124147553725492,object--street-light,3
124147553725492,object--support--pole,4
124147553725492,marking--discrete--other-marking,1
124147553725492,human--rider--motorcyclist,1
124147553725492,object--sign--advertisement,1
1124801864868208,construction--barrier--curb,11
1124801864868208,construction--barrier--fence,1
1124801864868208,construction--barrier--wall,9
1124801864868208,construction--flat--curb-cut,4
1124801864868208,construction--flat--road,17
1124801864868208,construction--flat--sidewalk,17
1124801864868208,construction--structure--building,9
1124801864868208,nature--sky,8
1124801864868208,nature--terrain,5
1124801864868208,nature--vegetation,9
1124801864868208,object--wire-group,8
1124801864868208,void--ego-vehicle,3
1124801864868208,void--ground,13
1124801864868208,void--static,13
1124801864868208,void--unlabeled,35
1124801864868208,object--support--pole,2
1124801864868208,object--vehicle--car,1
1124801864868208,object--traffic-sign--back,1
1124801864868208,object--vehicle--truck,1
1137509627735859,construction--barrier--curb,38
1137509627735859,construction--barrier--wall,13
1137509627735859,construction--flat--road,25
1137509627735859,construction--flat--sidewalk,11
1137509627735859,construction--flat--traffic-island,9
1137509627735859,construction--structure--building,37
1137509627735859,marking--continuous--solid,3
1137509627735859,nature--sky,7
1137509627735859,nature--vegetation,19
1137509627735859,object--wire-group,8
1137509627735859,void--ego-vehicle,6
1137509627735859,void--unlabeled,176
1137509627735859,object--vehicle--car,13
1137509627735859,object--street-light,5
1137509627735859,object--vehicle--motorcycle,1
1137509627735859,object--support--pole,9
1137509627735859,human--rider--motorcyclist,1
1137509627735859,human--person--individual,1
1137509627735859,object--support--utility-pole,4
1137509627735859,marking--discrete--crosswalk-zebra,1
1137509627735859,marking--discrete--arrow--straight,1
1137509627735859,object--manhole,1
1137509627735859,object--traffic-sign--front,2
1192310115181207,construction--barrier--curb,3
1192310115181207,nature--terrain,4
1192310115181207,nature--sky,10
1192310115181207,nature--vegetation,9
1192310115181207,object--wire-group,2
1192310115181207,construction--structure--building,11
1192310115181207,construction--flat--sidewalk,7
1192310115181207,construction--flat--road,5
1192310115181207,void--ego-vehicle,3
1192310115181207,void--ground,2
1192310115181207,void--static,9
1192310115181207,void--unlabeled,48
1192310115181207,object--vehicle--car,3
1192310115181207,human--person--individual,1
1192310115181207,object--support--utility-pole,1
1192310115181207,object--support--pole,1
1239865613286354,construction--flat--road,17
1239865613286354,construction--structure--building,30
1239865613286354,construction--flat--sidewalk,6
1239865613286354,nature--sky,9
1239865613286354,nature--vegetation,21
1239865613286354,object--wire-group,3
1239865613286354,void--ego-vehicle,1
1239865613286354,void--ground,7
1239865613286354,void--unlabeled,170
1239865613286354,object--vehicle--car,19
1239865613286354,object--support--pole,9
1239865613286354,object--vehicle--bus,3
1239865613286354,object--street-light,7
1239865613286354,human--person--individual,2
1239865613286354,object--traffic-sign--front,1
1239865613286354,object--support--utility-pole,4
1239865613286354,object--traffic-sign--back,1
1239865613286354,object--sign--advertisement,1
1239865613286354,object--sign--store,2
1239865613286354,marking--discrete--other-marking,1
1239865613286354,object--manhole,1
1239865613286354,warning--texts--g3,1
1126256652426079,regulatory--no-u-turn--g1,1
1126256652426079,construction--flat--traffic-island,10
1126256652426079,construction--flat--road,25
1126256652426079,construction--barrier--curb,16
1126256652426079,construction--structure--building,40
1126256652426079,marking--continuous--dashed,13
1126256652426079,nature--sky,13
1126256652426079,nature--terrain,5
1126256652426079,nature--vegetation,23
1126256652426079,object--wire-group,16
1126256652426079,void--ego-vehicle,9
1126256652426079,void--unlabeled,281
1126256652426079,object--vehicle--car,16
1126256652426079,object--vehicle--truck,2
1126256652426079,object--traffic-sign--front,3
1126256652426079,object--street-light,5
1126256652426079,object--support--pole,14
1126256652426079,human--person--individual,2
1126256652426079,object--support--utility-pole,5
1126256652426079,marking--discrete--crosswalk-zebra,1
1126256652426079,object--traffic-sign--back,1
1126256652426079,object--traffic-light--general-horizontal-front,1
1126256652426079,object--traffic-sign--direction-front,2
1126256652426079,object--traffic-light--pedestrians-side,2
1126256652426079,object--traffic-light--general-upright-front,1
1126256652426079,object--vehicle--motorcycle,1
1126256652426079,object--sign--advertisement,1
1126256652426079,object--sign--store,2
1126256652426079,human--rider--motorcyclist,1
1198311767939304,construction--barrier--fence,2
1198311767939304,construction--flat--sidewalk,2
1198311767939304,construction--structure--building,5
1198311767939304,nature--vegetation,9
1198311767939304,void--ego-vehicle,4
1198311767939304,void--unlabeled,6
1198311767939304,object--vehicle--motorcycle,1
1198311767939304,construction--flat--road,4
1219846719297576,construction--barrier--curb,10
1219846719297576,construction--structure--building,30
1219846719297576,construction--flat--road,13
1219846719297576,construction--flat--sidewalk,6
1219846719297576,construction--flat--traffic-island,4
1219846719297576,construction--barrier--wall,5
1219846719297576,construction--barrier--fence,2
1219846719297576,marking--continuous--dashed,2
1219846719297576,nature--sky,2
1219846719297576,nature--terrain,9
1219846719297576,nature--vegetation,21
1219846719297576,object--wire-group,6
1219846719297576,void--unlabeled,144
1219846719297576,void--ego-vehicle,1
1219846719297576,human--person--individual,2
1219846719297576,object--support--pole,8
1219846719297576,object--vehicle--car,12
1219846719297576,object--street-light,4
1219846719297576,object--support--utility-pole,1
1219846719297576,object--sign--advertisement,1
1205533786770942,construction--barrier--curb,5
1205533786770942,construction--barrier--fence,6
1205533786770942,nature--sky,5
1205533786770942,nature--vegetation,8
1205533786770942,marking--continuous--dashed,5
1205533786770942,construction--flat--road,5
1205533786770942,construction--flat--traffic-island,1
1205533786770942,construction--structure--building,16
1205533786770942,void--ego-vehicle,1
1205533786770942,void--unlabeled,108
1205533786770942,object--vehicle--car,7
1205533786770942,object--street-light,2
1205533786770942,object--support--pole,3
1205533786770942,construction--flat--driveway,1
1205533786770942,marking--discrete--other-marking,1
1205533786770942,object--banner,1
1205533786770942,object--support--utility-pole,1
1142702222978157,construction--barrier--curb,5
1142702222978157,construction--barrier--fence,11
1142702222978157,construction--flat--road,3
1142702222978157,construction--flat--sidewalk,3
1142702222978157,construction--flat--traffic-island,2
1142702222978157,construction--structure--building,10
1142702222978157,marking--continuous--dashed,10
1142702222978157,nature--sky,5
1142702222978157,nature--vegetation,9
1142702222978157,void--ego-vehicle,1
1142702222978157,void--unlabeled,90
1142702222978157,object--vehicle--car,6
1142702222978157,object--street-light,2
1142702222978157,object--support--pole,4
1142702222978157,construction--flat--driveway,1
1142702222978157,marking--discrete--other-marking,1
1142702222978157,object--banner,1
1142702222978157,object--support--utility-pole,1
1204502954112358,construction--barrier--curb,14
1204502954112358,construction--barrier--wall,12
1204502954112358,construction--barrier--fence,3
1204502954112358,construction--structure--building,21
1204502954112358,construction--flat--sidewalk,9
1204502954112358,construction--flat--road,7
1204502954112358,nature--terrain,5
1204502954112358,nature--sky,1
1204502954112358,marking--continuous--dashed,7
1204502954112358,nature--vegetation,7
1204502954112358,void--ego-vehicle,3
1204502954112358,void--unlabeled,137
1204502954112358,object--vehicle--car,14
1204502954112358,object--support--pole,9
1204502954112358,object--street-light,4
1204502954112358,object--sign--advertisement,1
1204502954112358,object--traffic-sign--front,1
1204502954112358,object--sign--back,1
1093894809111280,construction--barrier--curb,14
1093894809111280,construction--structure--building,45
1093894809111280,construction--flat--traffic-island,5
1093894809111280,construction--flat--road,13
1093894809111280,marking--continuous--dashed,10
1093894809111280,nature--sky,10
1093894809111280,nature--vegetation,12
1093894809111280,object--wire-group,12
1093894809111280,void--ego-vehicle,7
1093894809111280,void--unlabeled,167
1093894809111280,object--vehicle--car,15
1093894809111280,object--support--pole,6
1093894809111280,object--street-light,6
1093894809111280,human--person--individual,4
1093894809111280,object--traffic-sign--direction-front,1
1093894809111280,object--support--utility-pole,4
1093894809111280,object--sign--advertisement,1
1093894809111280,object--traffic-sign--front,3
1093894809111280,marking--discrete--other-marking,2
1093894809111280,object--traffic-light--general-horizontal-front,2
1093894809111280,object--traffic-light--general-upright-front,1
1093894809111280,object--traffic-light--pedestrians-side,1
1093894809111280,object--vehicle--motorcycle,1
1093894809111280,object--sign--store,1
1093894809111280,regulatory--no-u-turn--g1,1
1236806243923267,regulatory--no-u-turn--g1,1
1236806243923267,construction--barrier--curb,1
1236806243923267,construction--barrier--fence,3
1236806243923267,construction--barrier--wall,10
1236806243923267,construction--flat--road,1
1236806243923267,construction--flat--sidewalk,3
1236806243923267,construction--structure--building,27
1236806243923267,nature--sky,8
1236806243923267,marking--continuous--dashed,2
1236806243923267,nature--terrain,8
1236806243923267,nature--vegetation,11
1236806243923267,object--wire-group,13
1236806243923267,void--ego-vehicle,2
1236806243923267,void--ground,8
1236806243923267,void--unlabeled,131
1236806243923267,object--vehicle--car,8
1236806243923267,human--person--individual,1
1236806243923267,object--vehicle--bus,1
1236806243923267,human--rider--motorcyclist,1
1236806243923267,object--street-light,2
1236806243923267,object--support--utility-pole,2
1236806243923267,object--support--pole,10
1236806243923267,object--traffic-sign--front,2
1236806243923267,object--vehicle--motorcycle,1
1236806243923267,object--traffic-sign--direction-front,3
1236806243923267,object--traffic-light--pedestrians-side,3
1236806243923267,object--traffic-light--general-upright-side,1
1238495490209158,construction--barrier--curb,4
1238495490209158,construction--barrier--fence,5
1238495490209158,construction--flat--traffic-island,2
1238495490209158,construction--structure--building,15
1238495490209158,construction--flat--road,3
1238495490209158,nature--vegetation,10
1238495490209158,void--unlabeled,90
1238495490209158,nature--sky,5
1238495490209158,construction--flat--sidewalk,3
1238495490209158,void--ego-vehicle,1
1238495490209158,object--vehicle--car,6
1238495490209158,object--street-light,2
1238495490209158,marking--discrete--other-marking,1
1238495490209158,construction--flat--driveway,1
1238495490209158,object--support--pole,4
1238495490209158,object--sign--advertisement,1
1238495490209158,object--support--utility-pole,1
1234015471184167,construction--barrier--curb,3
1234015471184167,construction--barrier--wall,12
1234015471184167,construction--flat--road,13
1234015471184167,construction--structure--building,23
1234015471184167,construction--flat--sidewalk,12
1234015471184167,construction--flat--curb-cut,3
1234015471184167,nature--sky,16
1234015471184167,nature--terrain,11
1234015471184167,nature--vegetation,17
1234015471184167,object--wire-group,5
1234015471184167,void--ego-vehicle,6
1234015471184167,void--ground,31
1234015471184167,void--static,17
1234015471184167,void--unlabeled,74
1234015471184167,human--person--individual,2
1234015471184167,object--vehicle--car,3
1234015471184167,object--support--utility-pole,2
1234015471184167,object--vehicle--motorcycle,1
1234015471184167,object--sign--advertisement,2
1234015471184167,object--traffic-sign--front,1
1234015471184167,object--traffic-sign--direction-front,1
1234015471184167,marking--discrete--arrow--split-right-or-straight,1
1234015471184167,object--support--pole,2
1230982531284244,construction--barrier--fence,2
1230982531284244,void--unlabeled,23
1230982531284244,nature--vegetation,14
1230982531284244,nature--sky,5
1230982531284244,construction--structure--building,7
1230982531284244,construction--flat--sidewalk,1
1230982531284244,void--ego-vehicle,1
1230982531284244,object--support--pole,2
1236549117289752,construction--barrier--curb,10
1236549117289752,construction--barrier--fence,15
1236549117289752,construction--barrier--wall,10
1236549117289752,construction--flat--pedestrian-area,22
1236549117289752,construction--flat--rail-track,17
1236549117289752,construction--flat--road,31
1236549117289752,construction--flat--sidewalk,18
1236549117289752,construction--structure--building,22
1236549117289752,nature--sky,13
1236549117289752,nature--vegetation,11
1236549117289752,nature--water,2
1236549117289752,object--wire-group,23
1236549117289752,void--ego-vehicle,1
1236549117289752,void--ground,10
1236549117289752,void--static,14
1236549117289752,void--unlabeled,50
1236549117289752,object--manhole,1
1236549117289752,object--catch-basin,1
1236549117289752,object--support--pole,2
1236549117289752,object--support--utility-pole,1
1214955079715712,construction--barrier--curb,17
1214955079715712,construction--flat--road,28
1214955079715712,construction--barrier--wall,16
1214955079715712,construction--flat--traffic-island,23
1214955079715712,construction--structure--building,37
1214955079715712,marking--continuous--dashed,4
1214955079715712,nature--sky,6
1214955079715712,nature--vegetation,17
1214955079715712,nature--terrain,8
1214955079715712,marking--continuous--solid,2
1214955079715712,object--wire-group,12
1214955079715712,void--ego-vehicle,5
1214955079715712,void--unlabeled,187
1214955079715712,object--vehicle--car,22
1214955079715712,object--street-light,5
1214955079715712,object--support--pole,9
1214955079715712,object--vehicle--truck,2
1214955079715712,object--support--utility-pole,3
1214955079715712,human--person--individual,1
1214955079715712,object--manhole,1
1214955079715712,object--traffic-sign--front,1
1214955079715712,marking--discrete--arrow--straight,1
1214955079715712,object--catch-basin,1
1123930861612849,construction--barrier--curb,15
1123930861612849,construction--barrier--wall,13
1123930861612849,construction--flat--road,25
1123930861612849,construction--flat--sidewalk,6
1123930861612849,construction--flat--traffic-island,8
1123930861612849,construction--structure--building,44
1123930861612849,nature--sky,8
1123930861612849,nature--terrain,18
1123930861612849,nature--vegetation,28
1123930861612849,object--wire-group,6
1123930861612849,void--ground,18
1123930861612849,void--ego-vehicle,1
1123930861612849,void--static,29
1123930861612849,void--unlabeled,214
1123930861612849,object--vehicle--car,31
1123930861612849,human--person--individual,3
1123930861612849,object--sign--advertisement,2
1123930861612849,object--street-light,9
1123930861612849,object--support--utility-pole,2
1123930861612849,object--traffic-sign--front,2
1123930861612849,object--support--pole,19
1123930861612849,object--sign--store,2
1123930861612849,object--manhole,1
1123930861612849,object--traffic-sign--direction-front,1
1049340190004830,construction--barrier--curb,9
1049340190004830,construction--flat--sidewalk,16
1049340190004830,construction--structure--building,29
1049340190004830,construction--barrier--wall,8
1049340190004830,construction--flat--road,8
1049340190004830,nature--sky,14
1049340190004830,nature--terrain,8
1049340190004830,nature--vegetation,30
1049340190004830,object--wire-group,10
1049340190004830,void--dynamic,2
1049340190004830,void--ego-vehicle,9
1049340190004830,void--ground,16
1049340190004830,void--unlabeled,103
1049340190004830,object--vehicle--car,10
1049340190004830,object--support--utility-pole,1
1049340190004830,object--manhole,1
1049340190004830,object--vehicle--motorcycle,1
1067876414886638,construction--barrier--curb,9
1067876414886638,construction--structure--building,16
1067876414886638,construction--flat--sidewalk,6
1067876414886638,construction--flat--road,6
1067876414886638,construction--barrier--wall,7
1067876414886638,construction--barrier--fence,6
1067876414886638,marking--continuous--dashed,4
1067876414886638,nature--sky,8
1067876414886638,nature--terrain,8
1067876414886638,nature--vegetation,21
1067876414886638,object--wire-group,9
1067876414886638,void--ego-vehicle,2
1067876414886638,void--unlabeled,67
1067876414886638,object--vehicle--car,3
1067876414886638,object--support--utility-pole,3
1067876414886638,marking--discrete--crosswalk-zebra,1
1067876414886638,object--traffic-sign--direction-front,1
1067876414886638,object--support--pole,1
1067876414886638,construction--flat--driveway,1
1067876414886638,object--trash-can,1
1075078297443435,construction--barrier--curb,5
1075078297443435,construction--barrier--wall,8
1075078297443435,construction--structure--building,23
1075078297443435,marking--continuous--solid,3
1075078297443435,construction--flat--sidewalk,4
1075078297443435,construction--flat--road,8
1075078297443435,nature--sky,5
1075078297443435,nature--terrain,2
1075078297443435,nature--vegetation,24
1075078297443435,void--unlabeled,40
1075078297443435,void--ego-vehicle,6
1075078297443435,object--vehicle--car,2
1075078297443435,marking--discrete--crosswalk-zebra,1
1075078297443435,object--traffic-sign--direction-front,2
1075078297443435,object--support--pole,3
1075078297443435,object--trash-can,1
1067211848430005,construction--barrier--wall,3
1067211848430005,construction--barrier--curb,5
1067211848430005,nature--vegetation,7
1067211848430005,nature--sky,3
1067211848430005,construction--structure--building,15
1067211848430005,void--unlabeled,13
1067211848430005,void--ego-vehicle,2
1067211848430005,construction--flat--curb-cut,1
1067211848430005,construction--barrier--fence,1
1067211848430005,construction--flat--road,4
1067211848430005,construction--flat--sidewalk,1
1067211848430005,object--support--utility-pole,2
1067211848430005,object--support--pole,1
1067211848430005,human--person--individual,1
1116976813365277,construction--barrier--curb,5
1116976813365277,construction--structure--building,23
1116976813365277,construction--barrier--wall,7
1116976813365277,construction--barrier--fence,8
1116976813365277,construction--flat--sidewalk,3
1116976813365277,construction--flat--road,4
1116976813365277,nature--sky,19
1116976813365277,nature--terrain,8
1116976813365277,nature--vegetation,20
1116976813365277,object--wire-group,19
1116976813365277,void--ground,10
1116976813365277,void--unlabeled,35
1116976813365277,object--vehicle--car,4
1116976813365277,object--support--utility-pole,2
1116976813365277,marking--discrete--other-marking,1
1103641107771880,construction--barrier--curb,4
1103641107771880,construction--structure--building,30
1103641107771880,construction--barrier--wall,4
1103641107771880,construction--barrier--fence,3
1103641107771880,construction--flat--road,5
1103641107771880,construction--flat--sidewalk,5
1103641107771880,nature--sky,5
1103641107771880,nature--vegetation,16
1103641107771880,object--wire-group,7
1103641107771880,void--ego-vehicle,4
1103641107771880,void--unlabeled,64
1103641107771880,object--support--utility-pole,3
1103641107771880,object--vehicle--car,3
1103641107771880,human--person--individual,2
1103641107771880,marking--discrete--crosswalk-zebra,1
1103641107771880,object--support--pole,4
1103641107771880,object--traffic-sign--back,1
1103641107771880,object--traffic-sign--front,2
1510020889715731,construction--barrier--curb,15
1510020889715731,construction--structure--building,29
1510020889715731,construction--flat--road,16
1510020889715731,construction--flat--traffic-island,3
1510020889715731,construction--barrier--wall,7
1510020889715731,marking--continuous--dashed,10
1510020889715731,nature--sky,7
1510020889715731,nature--terrain,8
1510020889715731,nature--vegetation,29
1510020889715731,object--wire-group,3
1510020889715731,void--ego-vehicle,9
1510020889715731,void--unlabeled,108
1510020889715731,object--vehicle--car,10
1510020889715731,object--support--utility-pole,1
1510020889715731,object--support--pole,1
1130425201843730,construction--barrier--curb,7
1130425201843730,construction--flat--sidewalk,22
1130425201843730,construction--flat--road,26
1130425201843730,construction--barrier--wall,8
1130425201843730,construction--flat--traffic-island,8
1130425201843730,construction--structure--building,30
1130425201843730,marking--continuous--dashed,6
1130425201843730,nature--sky,7
1130425201843730,nature--terrain,15
1130425201843730,nature--vegetation,16
1130425201843730,void--ego-vehicle,1
1130425201843730,void--unlabeled,109
1130425201843730,object--vehicle--car,8
1130425201843730,human--person--individual,5
1130425201843730,object--support--pole,10
1130425201843730,marking--discrete--text--other,1
1130425201843730,object--vehicle--bus,1
1130425201843730,object--street-light,3
1130425201843730,object--vehicle--motorcycle,2
1130425201843730,object--traffic-sign--front,1
1130425201843730,human--rider--motorcyclist,2
1130425201843730,object--support--utility-pole,1
1130425201843730,marking--discrete--symbol--bicycle,2
1130425201843730,marking--discrete--arrow--right,1
1227972157811926,construction--barrier--curb,21
1227972157811926,construction--flat--road,16
1227972157811926,construction--flat--sidewalk,13
1227972157811926,construction--flat--traffic-island,7
1227972157811926,construction--structure--building,35
1227972157811926,marking--continuous--dashed,8
1227972157811926,marking--continuous--solid,3
1227972157811926,nature--sky,13
1227972157811926,nature--terrain,17
1227972157811926,nature--vegetation,12
1227972157811926,object--wire-group,6
1227972157811926,void--ego-vehicle,1
1227972157811926,void--unlabeled,100
1227972157811926,object--vehicle--car,8
1227972157811926,object--support--pole,9
1227972157811926,human--person--individual,1
1227972157811926,object--street-light,1
1227972157811926,object--sign--advertisement,1
1227972157811926,object--sign--store,1
1227972157811926,object--traffic-sign--front,1
1274870663698950,construction--barrier--curb,19
1274870663698950,construction--flat--road,15
1274870663698950,construction--barrier--fence,8
1274870663698950,construction--flat--sidewalk,11
1274870663698950,construction--flat--traffic-island,7
1274870663698950,construction--structure--building,28
1274870663698950,marking--continuous--dashed,16
1274870663698950,marking--continuous--solid,8
1274870663698950,nature--sky,6
1274870663698950,nature--terrain,9
1274870663698950,nature--vegetation,15
1274870663698950,void--ego-vehicle,2
1274870663698950,void--unlabeled,89
1274870663698950,object--vehicle--car,9
1274870663698950,object--support--pole,4
1274870663698950,object--sign--advertisement,1
1274870663698950,object--manhole,1
1274870663698950,object--street-light,2
1274870663698950,object--sign--store,2
1268694890814316,construction--barrier--curb,15
1268694890814316,construction--flat--road,18
1268694890814316,construction--structure--building,50
1268694890814316,construction--flat--traffic-island,2
1268694890814316,construction--barrier--wall,12
1268694890814316,marking--continuous--solid,4
1268694890814316,nature--sky,8
1268694890814316,nature--terrain,14
1268694890814316,nature--vegetation,22
1268694890814316,void--ego-vehicle,3
1268694890814316,void--unlabeled,121
1268694890814316,object--support--pole,5
1268694890814316,object--vehicle--car,12
1268694890814316,human--person--individual,3
1268694890814316,object--traffic-sign--direction-front,1
1268694890814316,marking--discrete--crosswalk-zebra,1
1268694890814316,object--support--utility-pole,2
1268694890814316,object--junction-box,1
1268694890814316,object--traffic-sign--back,1
1268694890814316,marking--discrete--arrow--left,1
1280847023347403,construction--barrier--curb,8
1280847023347403,construction--flat--road,26
1280847023347403,construction--flat--sidewalk,5
1280847023347403,construction--flat--traffic-island,5
1280847023347403,construction--barrier--wall,7
1280847023347403,construction--structure--building,30
1280847023347403,marking--continuous--dashed,19
1280847023347403,nature--sky,2
1280847023347403,nature--terrain,13
1280847023347403,nature--vegetation,24
1280847023347403,object--wire-group,12
1280847023347403,void--ego-vehicle,7
1280847023347403,void--static,17
1280847023347403,void--unlabeled,105
1280847023347403,object--vehicle--car,11
1280847023347403,object--vehicle--bus,1
1280847023347403,object--support--pole,3
1280847023347403,object--manhole,1
1280847023347403,object--support--utility-pole,1
1300691174678958,construction--barrier--wall,13
1300691174678958,construction--structure--building,24
1300691174678958,construction--flat--road,15
1300691174678958,construction--flat--traffic-island,3
1300691174678958,construction--barrier--fence,5
1300691174678958,construction--barrier--curb,12
1300691174678958,marking--continuous--dashed,11
1300691174678958,nature--sky,9
1300691174678958,nature--terrain,24
1300691174678958,nature--vegetation,27
1300691174678958,object--wire-group,2
1300691174678958,void--ego-vehicle,9
1300691174678958,void--static,11
1300691174678958,void--unlabeled,107
1300691174678958,object--vehicle--car,10
1300691174678958,object--support--pole,3
1300691174678958,object--traffic-sign--back,1
1300691174678958,human--person--individual,1
1300691174678958,object--support--utility-pole,1
1008520801036043,construction--barrier--curb,15
1008520801036043,construction--flat--road,21
1008520801036043,construction--flat--sidewalk,20
1008520801036043,construction--barrier--wall,4
1008520801036043,construction--structure--building,27
1008520801036043,nature--sky,9
1008520801036043,nature--terrain,13
1008520801036043,nature--vegetation,23
1008520801036043,void--ego-vehicle,3
1008520801036043,void--static,21
1008520801036043,void--unlabeled,137
1008520801036043,object--vehicle--car,11
1008520801036043,object--traffic-sign--back,1
1008520801036043,object--vehicle--bus,1
1008520801036043,object--traffic-sign--direction-front,2
1008520801036043,object--support--pole,9
1008520801036043,object--trash-can,1
1008520801036043,object--manhole,1
1008520801036043,object--traffic-sign--front,1
1008520801036043,object--street-light,1
1072176530755607,construction--barrier--concrete-block,4
1072176530755607,construction--barrier--curb,9
1072176530755607,construction--structure--building,24
1072176530755607,construction--flat--sidewalk,4
1072176530755607,construction--flat--road,11
1072176530755607,construction--flat--traffic-island,3
1072176530755607,construction--barrier--wall,8
1072176530755607,nature--sky,7
1072176530755607,nature--terrain,11
1072176530755607,marking--continuous--dashed,5
1072176530755607,nature--vegetation,13
1072176530755607,void--ego-vehicle,1
1072176530755607,void--unlabeled,100
1072176530755607,object--vehicle--car,19
1072176530755607,object--support--pole,5
1072176530755607,object--street-light,3
1072176530755607,object--vehicle--bus,1
1072176530755607,object--support--utility-pole,1
1072176530755607,human--person--individual,3
1071008634727555,construction--barrier--curb,10
1071008634727555,construction--barrier--wall,7
1071008634727555,construction--structure--building,10
1071008634727555,nature--terrain,10
1071008634727555,construction--flat--sidewalk,3
1071008634727555,nature--vegetation,20
1071008634727555,construction--flat--road,6
1071008634727555,construction--barrier--fence,1
1071008634727555,construction--flat--curb-cut,1
1071008634727555,void--ego-vehicle,2
1071008634727555,void--ground,2
1071008634727555,void--unlabeled,25
1071008634727555,object--support--utility-pole,1
1071008634727555,object--support--pole,2
1057618929160365,construction--barrier--curb,15
1057618929160365,construction--flat--road,14
1057618929160365,construction--barrier--wall,10
1057618929160365,construction--flat--sidewalk,9
1057618929160365,construction--flat--traffic-island,6
1057618929160365,construction--structure--building,32
1057618929160365,marking--continuous--dashed,12
1057618929160365,nature--sky,15
1057618929160365,nature--vegetation,18
1057618929160365,object--wire-group,12
1057618929160365,void--ego-vehicle,1
1057618929160365,void--unlabeled,145
1057618929160365,object--vehicle--car,12
1057618929160365,human--person--individual,3
1057618929160365,object--support--utility-pole,3
1057618929160365,object--support--pole,6
1057618929160365,object--traffic-sign--front,1
1057618929160365,marking--discrete--other-marking,1
1057618929160365,object--traffic-sign--back,1
1053723763160476,construction--barrier--curb,5
1053723763160476,construction--barrier--wall,3
1053723763160476,construction--flat--curb-cut,1
1053723763160476,construction--barrier--fence,3
1053723763160476,construction--flat--road,4
1053723763160476,nature--vegetation,16
1053723763160476,nature--terrain,11
1053723763160476,construction--structure--building,6
1053723763160476,construction--flat--sidewalk,2
1053723763160476,void--ego-vehicle,3
1053723763160476,void--ground,1
1053723763160476,void--static,9
1053723763160476,void--unlabeled,25
1053723763160476,object--support--pole,2
1053723763160476,object--manhole,2
1071629461092811,construction--barrier--curb,4
1071629461092811,construction--barrier--wall,10
1071629461092811,construction--flat--bike-lane,12
1071629461092811,construction--flat--road,6
1071629461092811,construction--flat--sidewalk,1
1071629461092811,construction--structure--building,11
1071629461092811,marking--continuous--dashed,30
1071629461092811,construction--barrier--fence,1
1071629461092811,nature--sky,5
1071629461092811,nature--vegetation,14
1071629461092811,object--wire-group,5
1071629461092811,void--ego-vehicle,1
1071629461092811,void--unlabeled,63
1071629461092811,human--person--individual,2
1071629461092811,object--vehicle--car,1
1071629461092811,object--support--utility-pole,1
1071629461092811,object--sign--advertisement,1
1071629461092811,object--traffic-sign--direction-front,1
1071629461092811,marking--discrete--symbol--bicycle,5
1071629461092811,object--support--pole,1
1327071241483390,construction--barrier--curb,17
1327071241483390,construction--barrier--fence,7
1327071241483390,construction--flat--road,15
1327071241483390,construction--flat--sidewalk,15
1327071241483390,construction--flat--traffic-island,13
1327071241483390,construction--structure--building,44
1327071241483390,marking--continuous--dashed,6
1327071241483390,marking--continuous--solid,5
1327071241483390,nature--sky,9
1327071241483390,nature--terrain,8
1327071241483390,nature--vegetation,30
1327071241483390,object--wire-group,12
1327071241483390,void--ego-vehicle,1
1327071241483390,void--unlabeled,140
1327071241483390,object--vehicle--car,12
1327071241483390,human--person--individual,2
1327071241483390,object--street-light,2
1327071241483390,marking--discrete--crosswalk-zebra,1
1327071241483390,object--support--utility-pole,5
1327071241483390,object--support--pole,8
1327071241483390,object--sign--store,1
1327071241483390,object--traffic-sign--front,1
1327071241483390,object--junction-box,1
1456381115034865,construction--barrier--curb,8
1456381115034865,construction--barrier--fence,4
1456381115034865,construction--barrier--wall,9
1456381115034865,construction--flat--curb-cut,2
1456381115034865,nature--vegetation,11
1456381115034865,construction--structure--building,14
1456381115034865,construction--flat--sidewalk,7
1456381115034865,construction--flat--road,5
1456381115034865,void--ego-vehicle,4
1456381115034865,void--ground,5
1456381115034865,void--static,4
1456381115034865,void--unlabeled,5
1456381115034865,object--support--pole,1
1108332431020149,construction--barrier--curb,3
1108332431020149,nature--terrain,11
1108332431020149,construction--structure--building,23
1108332431020149,nature--sky,5
1108332431020149,construction--barrier--wall,2
1108332431020149,construction--flat--road,6
1108332431020149,construction--flat--sidewalk,3
1108332431020149,nature--vegetation,4
1108332431020149,void--ego-vehicle,1
1108332431020149,void--ground,5
1108332431020149,void--unlabeled,78
1108332431020149,object--vehicle--car,12
1108332431020149,human--person--individual,2
1108332431020149,object--vehicle--bus,2
1108332431020149,object--support--pole,2
1108332431020149,object--street-light,3
1108332431020149,object--support--utility-pole,1
1108332431020149,object--sign--advertisement,1
1066411664695788,construction--barrier--curb,10
1066411664695788,nature--vegetation,13
1066411664695788,construction--structure--building,11
1066411664695788,nature--terrain,5
1066411664695788,nature--sky,4
1066411664695788,construction--barrier--wall,3
1066411664695788,construction--barrier--fence,3
1066411664695788,construction--flat--sidewalk,4
1066411664695788,void--ego-vehicle,3
1066411664695788,void--unlabeled,7
1066411664695788,object--vehicle--car,2
1084431480025075,construction--barrier--curb,9
1084431480025075,construction--structure--building,35
1084431480025075,construction--flat--sidewalk,15
1084431480025075,construction--barrier--wall,5
1084431480025075,construction--barrier--fence,1
1084431480025075,construction--flat--road,3
1084431480025075,nature--sky,11
1084431480025075,nature--terrain,4
1084431480025075,nature--vegetation,26
1084431480025075,object--wire-group,11
1084431480025075,void--dynamic,1
1084431480025075,void--ground,12
1084431480025075,void--unlabeled,12
1003106174982787,construction--barrier--curb,11
1003106174982787,construction--structure--building,31
1003106174982787,construction--flat--road,18
1003106174982787,construction--flat--sidewalk,2
1003106174982787,construction--barrier--wall,5
1003106174982787,marking--continuous--dashed,4
1003106174982787,nature--terrain,5
1003106174982787,nature--sky,5
1003106174982787,nature--vegetation,12
1003106174982787,void--ego-vehicle,5
1003106174982787,void--unlabeled,89
1003106174982787,object--vehicle--car,19
1003106174982787,object--support--utility-pole,2
1003106174982787,human--rider--motorcyclist,1
1003106174982787,human--person--individual,2
1003106174982787,object--support--pole,1
1003106174982787,object--vehicle--motorcycle,1
1090635305832032,construction--barrier--curb,19
1090635305832032,construction--barrier--wall,29
1090635305832032,construction--flat--road,35
1090635305832032,construction--flat--sidewalk,10
1090635305832032,construction--structure--building,44
1090635305832032,marking--continuous--dashed,33
1090635305832032,nature--sky,15
1090635305832032,nature--snow,4
1090635305832032,nature--terrain,21
1090635305832032,nature--vegetation,21
1090635305832032,void--ego-vehicle,4
1090635305832032,void--unlabeled,159
1090635305832032,object--vehicle--car,24
1090635305832032,object--support--utility-pole,2
1090635305832032,object--support--pole,10
1090635305832032,object--manhole,2
1090635305832032,object--street-light,2
1090635305832032,construction--flat--driveway,1
1090635305832032,object--vehicle--trailer,1
1090635305832032,object--trash-can,2
1090635305832032,object--traffic-sign--front,2
1090635305832032,human--rider--motorcyclist,1
1090635305832032,object--banner,1
1085832582952847,construction--barrier--curb,4
1085832582952847,construction--structure--building,38
1085832582952847,construction--flat--road,8
1085832582952847,construction--barrier--wall,6
1085832582952847,construction--flat--sidewalk,1
1085832582952847,nature--sky,8
1085832582952847,nature--terrain,5
1085832582952847,marking--continuous--dashed,7
1085832582952847,nature--vegetation,17
1085832582952847,void--ego-vehicle,2
1085832582952847,void--unlabeled,111
1085832582952847,object--vehicle--car,15
1085832582952847,object--vehicle--bus,1
1085832582952847,object--support--pole,7
1085832582952847,object--street-light,2
1085832582952847,object--support--utility-pole,1
1097949901889192,construction--barrier--curb,14
1097949901889192,construction--flat--road,25
1097949901889192,construction--barrier--wall,11
1097949901889192,construction--flat--sidewalk,8
1097949901889192,construction--structure--building,25
1097949901889192,nature--sky,13
1097949901889192,nature--terrain,10
1097949901889192,nature--vegetation,17
1097949901889192,object--wire-group,8
1097949901889192,void--ego-vehicle,4
1097949901889192,void--ground,15
1097949901889192,void--unlabeled,140
1097949901889192,object--vehicle--car,11
1097949901889192,object--vehicle--motorcycle,2
1097949901889192,human--rider--motorcyclist,2
1097949901889192,human--person--individual,2
1097949901889192,object--support--utility-pole,2
1097949901889192,object--vehicle--bus,1
1097949901889192,object--support--pole,3
1101564141530477,construction--barrier--curb,6
1101564141530477,construction--structure--building,33
1101564141530477,construction--flat--sidewalk,8
1101564141530477,construction--flat--road,7
1101564141530477,construction--barrier--wall,7
1101564141530477,marking--continuous--dashed,7
1101564141530477,nature--terrain,9
1101564141530477,nature--vegetation,20
1101564141530477,nature--sky,3
1101564141530477,void--ego-vehicle,1
1101564141530477,void--unlabeled,87
1101564141530477,object--vehicle--car,9
1101564141530477,human--person--individual,3
1101564141530477,object--support--pole,5
1101564141530477,object--street-light,2
1101564141530477,object--vehicle--truck,1
1101564141530477,object--support--utility-pole,1
1080722180217838,construction--barrier--curb,18
1080722180217838,construction--barrier--wall,17
1080722180217838,construction--flat--road,23
1080722180217838,construction--flat--sidewalk,14
1080722180217838,construction--flat--traffic-island,6
1080722180217838,construction--structure--building,54
1080722180217838,nature--sky,11
1080722180217838,nature--terrain,19
1080722180217838,nature--vegetation,26
1080722180217838,object--wire-group,3
1080722180217838,void--ego-vehicle,2
1080722180217838,void--unlabeled,179
1080722180217838,object--vehicle--car,28
1080722180217838,human--person--individual,6
1080722180217838,object--manhole,3
1080722180217838,object--street-light,3
1080722180217838,object--support--pole,15
1080722180217838,object--support--utility-pole,1
1080722180217838,object--traffic-sign--back,2
1080722180217838,marking--discrete--text--bus,1
1080722180217838,object--vehicle--motorcycle,1
1080722180217838,marking--discrete--other-marking,1
1106263414362385,construction--barrier--curb,10
1106263414362385,construction--structure--building,23
1106263414362385,construction--flat--road,10
1106263414362385,construction--flat--sidewalk,5
1106263414362385,construction--flat--traffic-island,4
1106263414362385,construction--barrier--fence,8
1106263414362385,marking--continuous--solid,7
1106263414362385,nature--sky,9
1106263414362385,nature--terrain,16
1106263414362385,nature--vegetation,16
1106263414362385,void--ego-vehicle,2
1106263414362385,void--unlabeled,137
1106263414362385,object--vehicle--car,10
1106263414362385,object--manhole,1
1106263414362385,object--sign--store,1
1106263414362385,object--support--utility-pole,1
1106263414362385,marking--discrete--symbol--wheelchair,1
1106263414362385,object--sign--advertisement,1
1106263414362385,object--support--pole,1
1186471515764007,construction--barrier--curb,3
1186471515764007,construction--barrier--wall,5
1186471515764007,construction--flat--curb-cut,2
1186471515764007,construction--flat--road,8
1186471515764007,void--ego-vehicle,3
1186471515764007,construction--structure--building,8
1186471515764007,nature--vegetation,10
1186471515764007,void--static,5
1186471515764007,void--ground,2
1186471515764007,construction--flat--sidewalk,4
1186471515764007,void--unlabeled,7
1186471515764007,object--support--utility-pole,1
1189979171887068,construction--barrier--curb,23
1189979171887068,construction--barrier--wall,13
1189979171887068,construction--flat--sidewalk,14
1189979171887068,construction--flat--road,10
1189979171887068,construction--flat--traffic-island,2
1189979171887068,construction--structure--building,31
1189979171887068,marking--continuous--dashed,35
1189979171887068,nature--sky,3
1189979171887068,nature--vegetation,43
1189979171887068,object--wire-group,11
1189979171887068,void--ego-vehicle,2
1189979171887068,void--static,7
1189979171887068,void--unlabeled,99
1189979171887068,object--vehicle--car,4
1189979171887068,object--vehicle--motorcycle,2
1189979171887068,human--person--individual,3
1189979171887068,object--support--pole,5
1189979171887068,object--support--utility-pole,3
1189979171887068,object--traffic-sign--front,1
1189979171887068,human--rider--motorcyclist,1
1189979171887068,marking--discrete--other-marking,1
1189979171887068,object--traffic-sign--direction-front,2
1330418744610525,construction--barrier--curb,15
1330418744610525,construction--structure--building,22
1330418744610525,construction--flat--road,16
1330418744610525,nature--sky,12
1330418744610525,nature--vegetation,26
1330418744610525,nature--terrain,3
1330418744610525,object--wire-group,4
1330418744610525,void--ego-vehicle,2
1330418744610525,void--ground,22
1330418744610525,void--unlabeled,138
1330418744610525,object--vehicle--car,12
1330418744610525,object--vehicle--motorcycle,2
1330418744610525,human--rider--motorcyclist,2
1330418744610525,object--support--utility-pole,3
1330418744610525,object--support--pole,4
1330418744610525,object--traffic-sign--front,3
1330418744610525,object--trash-can,1
1330418744610525,human--person--individual,1
1330418744610525,marking--discrete--other-marking,2
1330418744610525,object--street-light,1
1232877401281542,construction--barrier--fence,6
1232877401281542,construction--barrier--curb,1
1232877401281542,marking--continuous--dashed,5
1232877401281542,construction--structure--building,15
1232877401281542,nature--terrain,8
1232877401281542,construction--barrier--wall,8
1232877401281542,construction--flat--sidewalk,6
1232877401281542,construction--flat--road,2
1232877401281542,nature--vegetation,17
1232877401281542,object--wire-group,4
1232877401281542,void--ego-vehicle,3
1232877401281542,void--unlabeled,37
1232877401281542,object--vehicle--car,1
1232877401281542,object--support--pole,2
1232877401281542,object--support--utility-pole,1
1232877401281542,construction--flat--driveway,1
1233508874586228,construction--barrier--curb,9
1233508874586228,nature--vegetation,18
1233508874586228,nature--terrain,14
1233508874586228,construction--flat--sidewalk,4
1233508874586228,construction--structure--building,6
1233508874586228,construction--barrier--wall,6
1233508874586228,construction--barrier--fence,1
1233508874586228,construction--flat--road,2
1233508874586228,construction--flat--curb-cut,2
1233508874586228,void--ego-vehicle,3
1233508874586228,void--unlabeled,14
1233508874586228,object--support--utility-pole,1
1233508874586228,object--support--pole,1
1204001470691633,construction--barrier--curb,18
1204001470691633,construction--flat--parking,10
1204001470691633,construction--barrier--wall,11
1204001470691633,construction--barrier--fence,4
1204001470691633,construction--flat--road,28
1204001470691633,construction--flat--sidewalk,29
1204001470691633,construction--structure--building,29
1204001470691633,marking--continuous--solid,9
1204001470691633,nature--sky,11
1204001470691633,nature--terrain,19
1204001470691633,nature--vegetation,23
1204001470691633,object--wire-group,9
1204001470691633,void--dynamic,6
1204001470691633,void--ego-vehicle,6
1204001470691633,void--ground,13
1204001470691633,void--static,23
1204001470691633,void--unlabeled,93
1204001470691633,object--vehicle--car,6
1204001470691633,object--support--utility-pole,2
1204001470691633,object--support--pole,1
1204001470691633,object--catch-basin,1
1204001470691633,object--manhole,1
1256511395663580,construction--barrier--curb,13
1256511395663580,construction--structure--building,39
1256511395663580,construction--flat--traffic-island,2
1256511395663580,construction--flat--sidewalk,7
1256511395663580,construction--flat--road,13
1256511395663580,construction--barrier--wall,1
1256511395663580,marking--continuous--dashed,4
1256511395663580,nature--terrain,7
1256511395663580,nature--sky,5
1256511395663580,nature--vegetation,12
1256511395663580,object--wire-group,5
1256511395663580,void--ego-vehicle,1
1256511395663580,void--unlabeled,78
1256511395663580,object--vehicle--car,15
1256511395663580,human--person--individual,2
1256511395663580,object--support--pole,4
1256511395663580,object--street-light,1
1256511395663580,object--manhole,1
1261784315249788,construction--barrier--curb,3
1261784315249788,construction--barrier--wall,3
1261784315249788,construction--flat--road,9
1261784315249788,construction--structure--building,28
1261784315249788,construction--flat--sidewalk,5
1261784315249788,nature--sky,7
1261784315249788,nature--terrain,6
1261784315249788,nature--vegetation,12
1261784315249788,void--ego-vehicle,3
1261784315249788,void--unlabeled,57
1261784315249788,object--vehicle--car,12
1261784315249788,object--vehicle--bus,1
1261784315249788,object--support--utility-pole,1
1261784315249788,object--street-light,2
1261784315249788,object--support--pole,4
1199128841383246,construction--barrier--curb,8
1199128841383246,construction--flat--traffic-island,3
1199128841383246,construction--flat--sidewalk,9
1199128841383246,construction--flat--road,13
1199128841383246,construction--structure--building,33
1199128841383246,construction--barrier--wall,8
1199128841383246,marking--continuous--dashed,4
1199128841383246,nature--sky,8
1199128841383246,nature--terrain,20
1199128841383246,nature--vegetation,25
1199128841383246,object--wire-group,5
1199128841383246,void--ego-vehicle,1
1199128841383246,void--unlabeled,112
1199128841383246,object--vehicle--car,12
1199128841383246,human--person--individual,3
1199128841383246,object--street-light,3
1199128841383246,object--support--pole,7
1199128841383246,object--vehicle--motorcycle,1
1199128841383246,object--vehicle--bus,1
1199128841383246,human--rider--motorcyclist,1
1199128841383246,construction--flat--driveway,1
1199128841383246,object--junction-box,1
1209575249690763,construction--barrier--curb,22
1209575249690763,construction--barrier--fence,7
1209575249690763,construction--barrier--wall,8
1209575249690763,construction--flat--road,15
1209575249690763,construction--flat--sidewalk,17
1209575249690763,construction--flat--traffic-island,7
1209575249690763,construction--structure--building,42
1209575249690763,marking--continuous--solid,10
1209575249690763,nature--sky,11
1209575249690763,nature--terrain,18
1209575249690763,nature--vegetation,38
1209575249690763,object--wire-group,3
1209575249690763,void--ego-vehicle,1
1209575249690763,void--unlabeled,148
1209575249690763,object--vehicle--car,5
1209575249690763,human--person--individual,3
1209575249690763,object--support--utility-pole,4
1209575249690763,object--traffic-sign--direction-front,1
1209575249690763,object--support--pole,9
1209575249690763,marking--discrete--crosswalk-zebra,1
1209575249690763,object--traffic-sign--front,3
1209575249690763,object--street-light,1
1209575249690763,object--traffic-sign--back,2
1209575249690763,object--junction-box,1
1209575249690763,object--vehicle--motorcycle,1
1075959106944166,construction--barrier--fence,2
1075959106944166,nature--vegetation,13
1075959106944166,construction--structure--building,8
1075959106944166,nature--sky,2
1075959106944166,object--wire-group,13
1075959106944166,construction--flat--sidewalk,11
1075959106944166,construction--barrier--wall,4
1075959106944166,construction--flat--road,4
1075959106944166,void--ego-vehicle,1
1075959106944166,void--ground,7
1075959106944166,void--static,5
1075959106944166,void--unlabeled,39
1075959106944166,object--vehicle--car,1
1075959106944166,object--support--pole,4
1075959106944166,object--support--utility-pole,1
1075959106944166,object--cctv-camera,1
1153268836135757,construction--barrier--curb,12
1153268836135757,construction--flat--sidewalk,10
1153268836135757,construction--flat--road,11
1153268836135757,construction--structure--building,29
1153268836135757,construction--barrier--wall,6
1153268836135757,nature--sky,8
1153268836135757,nature--terrain,10
1153268836135757,nature--vegetation,35
1153268836135757,object--wire-group,9
1153268836135757,void--ego-vehicle,5
1153268836135757,void--ground,12
1153268836135757,void--unlabeled,76
1153268836135757,object--vehicle--car,7
1153268836135757,human--person--individual,1
1153268836135757,object--support--utility-pole,1
1153268836135757,object--traffic-sign--information-parking,1
1153268836135757,marking--discrete--arrow--right,1
1153268836135757,object--sign--advertisement,1
1068881617947956,construction--barrier--curb,11
1068881617947956,construction--flat--traffic-island,14
1068881617947956,construction--structure--building,42
1068881617947956,construction--flat--road,14
1068881617947956,marking--continuous--dashed,19
1068881617947956,nature--sky,11
1068881617947956,nature--terrain,18
1068881617947956,nature--vegetation,31
1068881617947956,object--wire-group,6
1068881617947956,void--ego-vehicle,5
1068881617947956,void--unlabeled,158
1068881617947956,object--vehicle--car,12
1068881617947956,object--support--pole,8
1068881617947956,object--support--utility-pole,2
1068881617947956,object--sign--store,1
1068881617947956,object--traffic-sign--front,1
1068881617947956,object--street-light,1
1068881617947956,human--person--individual,1
1025922062668592,construction--barrier--curb,16
1025922062668592,construction--barrier--wall,9
1025922062668592,construction--flat--road,21
1025922062668592,construction--flat--sidewalk,9
1025922062668592,construction--structure--building,42
1025922062668592,nature--sky,11
1025922062668592,nature--terrain,15
1025922062668592,nature--vegetation,21
1025922062668592,void--ego-vehicle,8
1025922062668592,void--unlabeled,208
1025922062668592,object--vehicle--car,25
1025922062668592,human--person--individual,2
1025922062668592,object--street-light,2
1025922062668592,object--support--pole,11
1025922062668592,object--support--utility-pole,5
1025922062668592,object--mailbox,1
1025922062668592,object--traffic-sign--direction-front,1
1025922062668592,object--sign--advertisement,1
1025922062668592,object--trash-can,1
1025922062668592,object--traffic-sign--front,1
1025922062668592,marking--discrete--other-marking,1
1025922062668592,object--junction-box,1
1076335144281050,construction--barrier--curb,27
1076335144281050,construction--flat--road,21
1076335144281050,construction--barrier--wall,7
1076335144281050,construction--flat--sidewalk,17
1076335144281050,construction--structure--building,40
1076335144281050,construction--flat--traffic-island,5
1076335144281050,marking--continuous--solid,7
1076335144281050,nature--terrain,19
1076335144281050,nature--sky,8
1076335144281050,nature--vegetation,24
1076335144281050,void--ego-vehicle,7
1076335144281050,void--static,20
1076335144281050,object--wire-group,6
1076335144281050,void--unlabeled,160
1076335144281050,object--vehicle--car,9
1076335144281050,human--person--individual,4
1076335144281050,object--support--utility-pole,3
1076335144281050,object--traffic-sign--direction-front,1
1076335144281050,object--support--pole,6
1076335144281050,marking--discrete--arrow--straight,1
1076335144281050,object--traffic-sign--front,1
1076335144281050,object--junction-box,1
1076335144281050,object--street-light,1
1076335144281050,marking--discrete--crosswalk-zebra,1
1076335144281050,object--trash-can,1
1076335144281050,object--vehicle--motorcycle,1
1063315728618547,construction--barrier--curb,8
1063315728618547,construction--flat--traffic-island,10
1063315728618547,construction--flat--sidewalk,17
1063315728618547,construction--flat--road,18
1063315728618547,construction--structure--building,30
1063315728618547,marking--continuous--dashed,13
1063315728618547,nature--sky,6
1063315728618547,nature--terrain,16
1063315728618547,nature--vegetation,15
1063315728618547,object--wire-group,2
1063315728618547,void--ego-vehicle,2
1063315728618547,void--unlabeled,106
1063315728618547,object--vehicle--car,14
1063315728618547,human--person--individual,2
1063315728618547,object--street-light,3
1063315728618547,object--support--pole,5
1063315728618547,object--vehicle--motorcycle,1
1063315728618547,object--traffic-sign--back,1
1072341854350101,construction--barrier--curb,8
1072341854350101,construction--structure--building,35
1072341854350101,construction--flat--sidewalk,9
1072341854350101,construction--flat--road,9
1072341854350101,construction--barrier--wall,4
1072341854350101,marking--continuous--dashed,6
1072341854350101,nature--sky,6
1072341854350101,nature--terrain,10
1072341854350101,nature--vegetation,16
1072341854350101,object--wire-group,9
1072341854350101,void--unlabeled,168
1072341854350101,void--ego-vehicle,1
1072341854350101,object--vehicle--car,17
1072341854350101,human--person--individual,5
1072341854350101,object--sign--advertisement,1
1072341854350101,object--traffic-sign--front,3
1072341854350101,object--support--pole,10
1072341854350101,object--sign--store,1
1072341854350101,object--street-light,4
1072341854350101,object--cctv-camera,1
1239324943982577,construction--barrier--curb,6
1239324943982577,construction--flat--sidewalk,7
1239324943982577,construction--flat--road,22
1239324943982577,construction--flat--traffic-island,3
1239324943982577,construction--structure--building,35
1239324943982577,construction--barrier--wall,8
1239324943982577,nature--sky,6
1239324943982577,nature--terrain,14
1239324943982577,nature--vegetation,22
1239324943982577,object--wire-group,9
1239324943982577,void--ego-vehicle,6
1239324943982577,void--static,22
1239324943982577,void--unlabeled,110
1239324943982577,object--vehicle--car,7
1239324943982577,object--vehicle--bus,1
1239324943982577,object--support--utility-pole,1
1239324943982577,object--support--pole,4
1239324943982577,human--person--individual,3
1239324943982577,object--traffic-sign--front,1
1005523668254647,construction--barrier--curb,12
1005523668254647,construction--structure--building,30
1005523668254647,construction--flat--road,10
1005523668254647,construction--flat--sidewalk,2
1005523668254647,construction--barrier--wall,7
1005523668254647,marking--continuous--dashed,6
1005523668254647,nature--sky,6
1005523668254647,nature--terrain,8
1005523668254647,nature--vegetation,13
1005523668254647,void--ego-vehicle,1
1005523668254647,void--unlabeled,105
1005523668254647,object--vehicle--car,12
1005523668254647,object--sign--advertisement,1
1005523668254647,object--support--pole,7
1005523668254647,human--person--individual,3
1005523668254647,object--support--utility-pole,1
1005523668254647,object--traffic-sign--front,4
1005523668254647,object--street-light,3
1087207905682389,construction--barrier--fence,8
1087207905682389,construction--barrier--wall,6
1087207905682389,construction--barrier--curb,4
1087207905682389,nature--sky,5
1087207905682389,construction--structure--building,14
1087207905682389,nature--terrain,6
1087207905682389,construction--flat--sidewalk,4
1087207905682389,construction--flat--road,4
1087207905682389,nature--vegetation,21
1087207905682389,void--ego-vehicle,4
1087207905682389,void--unlabeled,40
1087207905682389,object--support--pole,3
1087207905682389,marking--discrete--crosswalk-zebra,1
1087207905682389,object--support--utility-pole,3
1087207905682389,object--vehicle--car,1
1013575170781217,construction--barrier--curb,8
1013575170781217,construction--structure--building,26
1013575170781217,construction--flat--sidewalk,2
1013575170781217,construction--flat--road,11
1013575170781217,construction--barrier--wall,5
1013575170781217,nature--sky,6
1013575170781217,nature--terrain,22
1013575170781217,nature--vegetation,5
1013575170781217,void--ground,9
1013575170781217,void--ego-vehicle,1
1013575170781217,void--unlabeled,99
1013575170781217,object--support--pole,10
1013575170781217,object--vehicle--car,10
1013575170781217,object--street-light,4
1013575170781217,marking--discrete--text--other,1
1013575170781217,object--traffic-sign--front,1
1211086783320387,construction--barrier--curb,4
1211086783320387,object--wire-group,7
1211086783320387,nature--vegetation,11
1211086783320387,void--ground,5
1211086783320387,void--unlabeled,27
1211086783320387,nature--terrain,6
1211086783320387,construction--barrier--wall,2
1211086783320387,construction--flat--sidewalk,4
1211086783320387,construction--flat--road,1
1211086783320387,construction--structure--building,5
1211086783320387,object--manhole,1
1211086783320387,object--vehicle--car,1
1197358994681748,construction--barrier--curb,18
1197358994681748,construction--flat--road,16
1197358994681748,construction--flat--traffic-island,2
1197358994681748,construction--barrier--wall,3
1197358994681748,construction--flat--sidewalk,11
1197358994681748,construction--structure--building,39
1197358994681748,marking--continuous--dashed,16
1197358994681748,nature--sky,3
1197358994681748,nature--terrain,14
1197358994681748,nature--vegetation,17
1197358994681748,void--ego-vehicle,1
1197358994681748,void--unlabeled,115
1197358994681748,object--vehicle--car,18
1197358994681748,object--sign--advertisement,2
1197358994681748,marking--discrete--arrow--straight,2
1197358994681748,object--support--pole,7
1197358994681748,human--person--individual,1
1197358994681748,object--traffic-sign--front,1
1197358994681748,object--sign--store,1
1197358994681748,object--street-light,4
1197358994681748,object--traffic-light--general-upright-front,1
1197358994681748,object--traffic-sign--direction-front,1
1280070949799902,construction--barrier--curb,6
1280070949799902,construction--barrier--fence,4
1280070949799902,construction--barrier--wall,4
1280070949799902,construction--flat--curb-cut,2
1280070949799902,nature--terrain,11
1280070949799902,construction--structure--building,17
1280070949799902,nature--sky,5
1280070949799902,construction--flat--road,5
1280070949799902,construction--flat--sidewalk,3
1280070949799902,nature--vegetation,14
1280070949799902,void--ego-vehicle,1
1280070949799902,void--unlabeled,2
1280070949799902,object--support--pole,1
1235335534355774,construction--barrier--curb,2
1235335534355774,construction--barrier--fence,5
1235335534355774,nature--sky,6
1235335534355774,construction--structure--building,22
1235335534355774,nature--vegetation,12
1235335534355774,construction--flat--road,5
1235335534355774,construction--barrier--wall,4
1235335534355774,construction--flat--sidewalk,4
1235335534355774,void--unlabeled,49
1235335534355774,object--wire-group,5
1235335534355774,void--ego-vehicle,1
1235335534355774,object--vehicle--car,2
1235335534355774,object--support--utility-pole,2
1235335534355774,marking--discrete--crosswalk-zebra,1
1167375111485271,construction--barrier--curb,6
1167375111485271,construction--barrier--wall,3
1167375111485271,construction--flat--curb-cut,3
1167375111485271,nature--vegetation,7
1167375111485271,nature--terrain,5
1167375111485271,construction--structure--building,15
1167375111485271,void--ego-vehicle,5
1167375111485271,nature--sky,1
1167375111485271,construction--flat--sidewalk,2
1167375111485271,construction--barrier--fence,1
1167375111485271,construction--flat--road,6
1167375111485271,void--unlabeled,3
1120836499777590,construction--structure--building,8
1120836499777590,nature--terrain,6
1120836499777590,construction--barrier--curb,1
1120836499777590,nature--vegetation,19
1120836499777590,construction--barrier--wall,6
1120836499777590,void--ego-vehicle,7
1120836499777590,construction--flat--road,4
1120836499777590,construction--flat--sidewalk,1
1120836499777590,void--unlabeled,36
1120836499777590,human--person--individual,1
1120836499777590,object--support--pole,2
1278752829933973,construction--barrier--curb,12
1278752829933973,construction--structure--building,34
1278752829933973,construction--flat--sidewalk,3
1278752829933973,construction--flat--road,13
1278752829933973,marking--continuous--dashed,9
1278752829933973,nature--sky,5
1278752829933973,nature--terrain,9
1278752829933973,nature--vegetation,19
1278752829933973,void--ego-vehicle,1
1278752829933973,void--unlabeled,94
1278752829933973,object--vehicle--car,16
1278752829933973,human--person--individual,2
1278752829933973,object--support--pole,6
1278752829933973,object--street-light,2
1278752829933973,human--rider--bicyclist,1
1180042162715335,construction--barrier--curb,17
1180042162715335,construction--barrier--fence,7
1180042162715335,construction--flat--road,20
1180042162715335,construction--flat--sidewalk,16
1180042162715335,construction--flat--traffic-island,10
1180042162715335,construction--structure--building,38
1180042162715335,marking--continuous--solid,5
1180042162715335,nature--sky,14
1180042162715335,nature--terrain,14
1180042162715335,nature--vegetation,31
1180042162715335,object--wire-group,10
1180042162715335,void--ego-vehicle,1
1180042162715335,void--unlabeled,120
1180042162715335,object--vehicle--car,10
1180042162715335,human--person--individual,1
1180042162715335,object--support--pole,12
1180042162715335,object--sign--store,1
1180042162715335,object--water-valve,1
1180042162715335,object--street-light,3
1180042162715335,object--support--utility-pole,1
1180042162715335,object--traffic-sign--front,1
1063048235133778,construction--barrier--curb,5
1063048235133778,construction--barrier--wall,10
1063048235133778,nature--vegetation,7
1063048235133778,construction--structure--building,11
1063048235133778,construction--flat--road,8
1063048235133778,construction--flat--sidewalk,2
1063048235133778,object--wire-group,14
1063048235133778,void--ego-vehicle,1
1063048235133778,void--ground,4
1063048235133778,void--unlabeled,48
1063048235133778,human--person--individual,3
1063048235133778,object--manhole,2
1063048235133778,object--vehicle--car,1
1278264880165384,construction--barrier--wall,5
1278264880165384,construction--flat--sidewalk,2
1278264880165384,construction--flat--road,5
1278264880165384,construction--flat--curb-cut,4
1278264880165384,construction--barrier--curb,4
1278264880165384,construction--structure--building,18
1278264880165384,void--ego-vehicle,2
1278264880165384,nature--vegetation,11
1278264880165384,void--unlabeled,14
1278264880165384,object--support--pole,1
1084594759605119,construction--barrier--curb,10
1084594759605119,construction--structure--building,28
1084594759605119,construction--flat--sidewalk,7
1084594759605119,construction--flat--road,14
1084594759605119,nature--sky,7
1084594759605119,nature--vegetation,13
1084594759605119,nature--terrain,5
1084594759605119,marking--continuous--dashed,5
1084594759605119,void--ground,10
1084594759605119,void--ego-vehicle,1
1084594759605119,void--unlabeled,122
1084594759605119,human--person--individual,4
1084594759605119,object--vehicle--car,14
1084594759605119,object--street-light,3
1084594759605119,object--support--pole,5
1084594759605119,object--sign--advertisement,1
1084594759605119,object--traffic-sign--front,1
1084594759605119,object--junction-box,1
1065216911815438,construction--barrier--curb,20
1065216911815438,construction--flat--road,23
1065216911815438,construction--flat--sidewalk,11
1065216911815438,construction--barrier--wall,1
1065216911815438,construction--structure--building,32
1065216911815438,marking--continuous--dashed,11
1065216911815438,nature--sky,8
1065216911815438,nature--terrain,11
1065216911815438,nature--vegetation,18
1065216911815438,void--ego-vehicle,1
1065216911815438,void--unlabeled,116
1065216911815438,object--vehicle--car,16
1065216911815438,object--sign--advertisement,1
1065216911815438,object--support--pole,9
1065216911815438,human--person--individual,3
1065216911815438,object--traffic-sign--front,2
1065216911815438,marking--discrete--arrow--straight,1
1065216911815438,object--vehicle--motorcycle,1
1065216911815438,object--street-light,4
1065216911815438,object--support--utility-pole,1
1065216911815438,marking--discrete--symbol--bicycle,1
1065216911815438,marking--discrete--arrow--split-left-or-straight,1
1065216911815438,object--traffic-light--general-upright-front,1
1110162040720681,construction--barrier--curb,9
1110162040720681,construction--barrier--fence,14
1110162040720681,construction--flat--road,14
1110162040720681,construction--structure--building,24
1110162040720681,construction--barrier--wall,5
1110162040720681,construction--flat--sidewalk,4
1110162040720681,nature--sky,7
1110162040720681,nature--terrain,3
1110162040720681,nature--vegetation,23
1110162040720681,object--wire-group,13
1110162040720681,void--ego-vehicle,3
1110162040720681,void--unlabeled,115
1110162040720681,object--vehicle--car,4
1110162040720681,object--support--pole,5
1110162040720681,object--traffic-sign--direction-front,2
1110162040720681,object--vehicle--motorcycle,2
1110162040720681,object--support--utility-pole,3
1110162040720681,object--traffic-sign--back,1
1110162040720681,marking--discrete--crosswalk-zebra,1
1110162040720681,marking--discrete--stop-line,1
1110162040720681,object--manhole,1
1110162040720681,object--traffic-sign--direction-back,1
1304635480906995,construction--barrier--curb,15
1304635480906995,construction--flat--sidewalk,7
1304635480906995,construction--flat--road,22
1304635480906995,construction--flat--traffic-island,7
1304635480906995,construction--structure--building,40
1304635480906995,marking--continuous--dashed,13
1304635480906995,nature--sky,14
1304635480906995,nature--vegetation,15
1304635480906995,object--wire-group,9
1304635480906995,void--ego-vehicle,1
1304635480906995,void--unlabeled,126
1304635480906995,object--vehicle--car,12
1304635480906995,human--person--individual,4
1304635480906995,object--support--pole,5
1304635480906995,object--support--utility-pole,2
1304635480906995,object--traffic-cone,1
1304635480906995,object--street-light,1
1304635480906995,object--traffic-sign--front,2
1589547405008775,construction--barrier--curb,16
1589547405008775,construction--structure--building,29
1589547405008775,construction--flat--sidewalk,5
1589547405008775,construction--flat--road,6
1589547405008775,construction--flat--parking,3
1589547405008775,construction--barrier--wall,3
1589547405008775,nature--sky,8
1589547405008775,nature--terrain,11
1589547405008775,marking--continuous--solid,7
1589547405008775,nature--vegetation,24
1589547405008775,void--static,12
1589547405008775,void--unlabeled,138
1589547405008775,void--ego-vehicle,1
1589547405008775,object--wire-group,3
1589547405008775,object--vehicle--car,16
1589547405008775,human--person--individual,4
1589547405008775,object--support--pole,6
1589547405008775,marking--discrete--arrow--split-left-or-straight,1
1589547405008775,object--sign--information,1
1589547405008775,object--street-light,2
1589547405008775,marking--discrete--other-marking,1
1589547405008775,object--support--utility-pole,3
1589547405008775,object--traffic-sign--front,3
1589547405008775,marking--discrete--arrow--straight,1
1589547405008775,object--traffic-sign--direction-front,1
1198731314693403,construction--barrier--curb,15
1198731314693403,construction--flat--road,16
1198731314693403,construction--barrier--wall,13
1198731314693403,construction--flat--sidewalk,19
1198731314693403,construction--structure--building,27
1198731314693403,marking--continuous--dashed,7
1198731314693403,marking--continuous--solid,5
1198731314693403,nature--sky,5
1198731314693403,nature--terrain,13
1198731314693403,nature--vegetation,26
1198731314693403,void--ego-vehicle,2
1198731314693403,void--unlabeled,132
1198731314693403,object--vehicle--car,12
1198731314693403,object--support--pole,10
1198731314693403,human--person--individual,3
1198731314693403,object--street-light,4
1198731314693403,object--support--utility-pole,1
1198731314693403,object--vehicle--truck,1
1198731314693403,object--manhole,2
1198731314693403,construction--flat--driveway,1
1198731314693403,object--traffic-sign--back,1
1198731314693403,object--vehicle--bus,1
1198731314693403,object--sign--advertisement,1
1198731314693403,object--trash-can,1
1293042138220251,construction--barrier--curb,22
1293042138220251,construction--barrier--fence,11
1293042138220251,construction--flat--road,18
1293042138220251,construction--flat--sidewalk,21
1293042138220251,construction--flat--traffic-island,6
1293042138220251,construction--structure--building,51
1293042138220251,marking--continuous--dashed,17
1293042138220251,nature--sky,12
1293042138220251,nature--terrain,12
1293042138220251,nature--vegetation,36
1293042138220251,object--wire-group,8
1293042138220251,void--ego-vehicle,2
1293042138220251,void--unlabeled,174
1293042138220251,object--vehicle--car,7
1293042138220251,object--support--pole,12
1293042138220251,object--sign--store,1
1293042138220251,object--support--utility-pole,6
1293042138220251,object--junction-box,1
1293042138220251,marking--discrete--crosswalk-zebra,1
1293042138220251,object--street-light,3
1293042138220251,human--person--individual,4
1293042138220251,object--traffic-sign--front,4
1293042138220251,marking--discrete--arrow--straight,1
1207433873851472,construction--barrier--curb,15
1207433873851472,construction--flat--road,25
1207433873851472,construction--flat--sidewalk,14
1207433873851472,construction--barrier--wall,9
1207433873851472,construction--structure--building,35
1207433873851472,marking--continuous--dashed,16
1207433873851472,marking--continuous--solid,7
1207433873851472,nature--sky,4
1207433873851472,nature--terrain,5
1207433873851472,nature--vegetation,15
1207433873851472,void--ego-vehicle,2
1207433873851472,void--ground,2
1207433873851472,void--unlabeled,110
1207433873851472,object--vehicle--car,14
1207433873851472,marking--discrete--arrow--straight,2
1207433873851472,object--support--pole,8
1207433873851472,object--traffic-sign--front,1
1207433873851472,human--person--individual,1
1207433873851472,object--street-light,3
1207433873851472,object--sign--advertisement,2
1207433873851472,object--support--utility-pole,1
1207433873851472,object--junction-box,1
1207433873851472,object--traffic-sign--direction-front,1
1207433873851472,object--vehicle--motorcycle,1
1207433873851472,object--sign--store,1
1207433873851472,marking--discrete--arrow--split-right-or-straight,1
1434918841230021,construction--barrier--wall,13
1434918841230021,construction--barrier--curb,16
1434918841230021,construction--flat--sidewalk,8
1434918841230021,construction--flat--road,17
1434918841230021,construction--structure--building,45
1434918841230021,marking--continuous--dashed,23
1434918841230021,nature--sky,11
1434918841230021,nature--terrain,12
1434918841230021,nature--vegetation,15
1434918841230021,object--wire-group,15
1434918841230021,void--ego-vehicle,3
1434918841230021,void--ground,7
1434918841230021,void--static,10
1434918841230021,void--unlabeled,169
1434918841230021,object--vehicle--car,30
1434918841230021,object--support--pole,10
1434918841230021,object--street-light,1
1434918841230021,marking--discrete--text--other,1
1434918841230021,object--manhole,2
1434918841230021,marking--discrete--other-marking,1
1434918841230021,object--vehicle--bus,1
1434918841230021,object--support--utility-pole,3
1434918841230021,object--traffic-sign--front,1
1442651396599432,construction--barrier--curb,11
1442651396599432,nature--vegetation,14
1442651396599432,construction--structure--building,4
1442651396599432,void--ego-vehicle,2
1442651396599432,void--ground,5
1442651396599432,construction--flat--road,7
1442651396599432,construction--barrier--fence,2
1442651396599432,construction--barrier--wall,5
1442651396599432,construction--flat--curb-cut,1
1442651396599432,construction--flat--sidewalk,3
1442651396599432,void--unlabeled,20
1442651396599432,object--support--utility-pole,1
1442651396599432,object--support--pole,2
1236506234293751,construction--barrier--curb,11
1236506234293751,construction--barrier--fence,7
1236506234293751,construction--flat--road,8
1236506234293751,nature--terrain,7
1236506234293751,construction--structure--building,4
1236506234293751,construction--flat--sidewalk,5
1236506234293751,construction--barrier--wall,8
1236506234293751,construction--flat--curb-cut,2
1236506234293751,nature--vegetation,8
1236506234293751,void--ego-vehicle,4
1236506234293751,void--ground,21
1236506234293751,void--static,6
1236506234293751,void--unlabeled,19
1236506234293751,human--person--individual,1
1236506234293751,object--manhole,2
1236506234293751,object--support--pole,1
1274199366933115,construction--barrier--curb,8
1274199366933115,construction--structure--building,27
1274199366933115,construction--flat--sidewalk,7
1274199366933115,construction--flat--road,13
1274199366933115,construction--barrier--wall,3
1274199366933115,marking--continuous--dashed,4
1274199366933115,nature--sky,5
1274199366933115,nature--terrain,11
1274199366933115,nature--vegetation,10
1274199366933115,void--ego-vehicle,1
1274199366933115,void--unlabeled,81
1274199366933115,object--vehicle--car,8
1274199366933115,object--support--pole,10
1274199366933115,object--street-light,2
1274199366933115,marking--discrete--text--other,1
1616828072165299,construction--barrier--curb,13
1616828072165299,construction--barrier--wall,8
1616828072165299,construction--flat--road,10
1616828072165299,construction--structure--building,35
1616828072165299,construction--barrier--fence,4
1616828072165299,construction--flat--traffic-island,3
1616828072165299,marking--continuous--solid,3
1616828072165299,nature--sky,8
1616828072165299,nature--terrain,7
1616828072165299,nature--vegetation,20
1616828072165299,object--wire-group,4
1616828072165299,void--ego-vehicle,1
1616828072165299,void--unlabeled,70
1616828072165299,object--vehicle--car,3
1616828072165299,marking--discrete--arrow--straight,1
1616828072165299,object--support--utility-pole,3
1616828072165299,object--support--pole,5
1616828072165299,object--traffic-sign--direction-front,1
1616828072165299,object--sign--store,1
1616828072165299,object--street-light,3
1616828072165299,marking--discrete--other-marking,1
1616828072165299,object--catch-basin,1
1592151081385726,construction--barrier--curb,12
1592151081385726,construction--flat--traffic-island,9
1592151081385726,construction--flat--sidewalk,6
1592151081385726,construction--structure--building,29
1592151081385726,construction--barrier--wall,3
1592151081385726,construction--flat--road,9
1592151081385726,nature--terrain,8
1592151081385726,marking--continuous--dashed,12
1592151081385726,nature--sky,2
1592151081385726,nature--vegetation,17
1592151081385726,object--wire-group,5
1592151081385726,void--unlabeled,86
1592151081385726,void--ego-vehicle,1
1592151081385726,object--vehicle--car,20
1592151081385726,human--person--individual,4
1592151081385726,object--street-light,1
1592151081385726,object--support--utility-pole,1
1592151081385726,object--fire-hydrant,1
1592151081385726,object--support--pole,5
1592151081385726,object--manhole,1
1592151081385726,marking--discrete--other-marking,1
1592151081385726,object--junction-box,1
1296263881363464,construction--barrier--curb,1
1296263881363464,construction--barrier--fence,7
1296263881363464,nature--vegetation,23
1296263881363464,construction--structure--building,19
1296263881363464,construction--barrier--wall,8
1296263881363464,construction--flat--road,2
1296263881363464,construction--flat--sidewalk,1
1296263881363464,void--ego-vehicle,3
1296263881363464,void--unlabeled,53
1296263881363464,object--support--pole,2
1296263881363464,human--person--individual,2
1296263881363464,object--support--utility-pole,1
1529198681290286,construction--barrier--wall,21
1529198681290286,construction--barrier--curb,23
1529198681290286,construction--flat--road,19
1529198681290286,construction--flat--sidewalk,9
1529198681290286,construction--structure--building,61
1529198681290286,marking--continuous--dashed,24
1529198681290286,nature--sky,8
1529198681290286,nature--terrain,11
1529198681290286,nature--vegetation,20
1529198681290286,object--wire-group,6
1529198681290286,void--ego-vehicle,1
1529198681290286,void--unlabeled,162
1529198681290286,object--vehicle--car,31
1529198681290286,object--support--pole,9
1529198681290286,human--person--individual,2
1529198681290286,object--support--utility-pole,2
1529198681290286,object--street-light,1
1529198681290286,marking--discrete--other-marking,2
1529198681290286,construction--flat--driveway,1
1529198681290286,object--manhole,1
1529198681290286,marking--discrete--arrow--split-right-or-straight,1
1577132856264582,construction--barrier--curb,3
1577132856264582,construction--structure--building,21
1577132856264582,nature--sky,5
1577132856264582,nature--terrain,11
1577132856264582,construction--barrier--wall,6
1577132856264582,construction--flat--road,6
1577132856264582,construction--flat--sidewalk,1
1577132856264582,nature--vegetation,7
1577132856264582,void--unlabeled,41
1577132856264582,void--ego-vehicle,1
1577132856264582,object--vehicle--car,10
1577132856264582,object--support--pole,3
1577132856264582,human--person--individual,1
1577132856264582,object--street-light,1
1195558341546784,construction--barrier--curb,7
1195558341546784,construction--structure--building,8
1195558341546784,construction--flat--sidewalk,2
1195558341546784,construction--flat--road,12
1195558341546784,nature--vegetation,14
1195558341546784,construction--barrier--wall,4
1195558341546784,construction--flat--curb-cut,4
1195558341546784,void--ego-vehicle,6
1195558341546784,void--unlabeled,25
1195558341546784,object--support--pole,2
1195558341546784,human--person--individual,1
1550375326358132,construction--barrier--curb,16
1550375326358132,construction--flat--road,30
1550375326358132,construction--barrier--wall,5
1550375326358132,construction--flat--bike-lane,5
1550375326358132,construction--flat--sidewalk,10
1550375326358132,construction--structure--building,39
1550375326358132,construction--flat--traffic-island,10
1550375326358132,marking--continuous--dashed,17
1550375326358132,nature--terrain,14
1550375326358132,nature--sky,7
1550375326358132,nature--vegetation,14
1550375326358132,void--ego-vehicle,1
1550375326358132,void--unlabeled,111
1550375326358132,object--vehicle--car,15
1550375326358132,object--vehicle--motorcycle,2
1550375326358132,object--support--pole,8
1550375326358132,object--sign--advertisement,1
1550375326358132,object--traffic-sign--front,1
1550375326358132,human--rider--motorcyclist,2
1550375326358132,human--person--individual,3
1550375326358132,object--street-light,3
1550375326358132,object--support--utility-pole,1
1550375326358132,marking--discrete--arrow--straight,1
1550375326358132,object--vehicle--bus,1
1550375326358132,marking--discrete--symbol--bicycle,1
1550375326358132,marking--discrete--text--bus,1
1550375326358132,marking--discrete--symbol--pedestrian,1
1473824596614679,construction--barrier--curb,9
1473824596614679,construction--flat--sidewalk,16
1473824596614679,construction--flat--road,14
1473824596614679,construction--structure--building,35
1473824596614679,construction--barrier--wall,5
1473824596614679,marking--continuous--dashed,5
1473824596614679,nature--sky,6
1473824596614679,nature--terrain,17
1473824596614679,nature--vegetation,16
1473824596614679,void--ego-vehicle,1
1473824596614679,void--unlabeled,134
1473824596614679,object--vehicle--car,14
1473824596614679,human--person--individual,4
1473824596614679,object--support--pole,5
1473824596614679,human--rider--motorcyclist,1
1473824596614679,object--vehicle--motorcycle,1
1473824596614679,marking--discrete--other-marking,1
153948134140162,construction--barrier--curb,21
153948134140162,construction--flat--road,16
153948134140162,construction--barrier--fence,4
153948134140162,construction--flat--sidewalk,16
153948134140162,construction--flat--traffic-island,8
153948134140162,construction--structure--building,43
153948134140162,marking--continuous--dashed,15
153948134140162,nature--sky,12
153948134140162,nature--terrain,13
153948134140162,nature--vegetation,33
153948134140162,object--wire-group,12
153948134140162,void--ego-vehicle,1
153948134140162,void--static,8
153948134140162,void--unlabeled,73
153948134140162,object--vehicle--car,8
153948134140162,human--person--individual,2
153948134140162,object--support--pole,10
153948134140162,object--sign--store,1
153948134140162,object--traffic-sign--front,1
1322764101631841,construction--barrier--curb,20
1322764101631841,construction--barrier--wall,11
1322764101631841,construction--flat--road,10
1322764101631841,construction--flat--traffic-island,9
1322764101631841,construction--structure--building,30
1322764101631841,marking--continuous--dashed,17
1322764101631841,nature--sky,7
1322764101631841,nature--terrain,10
1322764101631841,nature--vegetation,19
1322764101631841,object--wire-group,7
1322764101631841,void--ego-vehicle,1
1322764101631841,void--static,6
1322764101631841,void--unlabeled,75
1322764101631841,object--vehicle--car,4
1322764101631841,object--support--pole,4
1322764101631841,object--support--utility-pole,2
1322764101631841,object--traffic-sign--direction-front,2
1322764101631841,object--vehicle--motorcycle,1
1322764101631841,object--traffic-sign--back,1
1322764101631841,human--person--individual,1
137909578901324,construction--barrier--curb,13
137909578901324,construction--barrier--fence,11
137909578901324,construction--barrier--wall,6
137909578901324,construction--flat--traffic-island,8
137909578901324,construction--flat--road,8
137909578901324,construction--structure--building,31
137909578901324,nature--sky,8
137909578901324,nature--terrain,9
137909578901324,nature--vegetation,30
137909578901324,void--ego-vehicle,1
137909578901324,void--unlabeled,80
137909578901324,object--vehicle--car,4
137909578901324,object--street-light,1
137909578901324,object--support--pole,4
137909578901324,object--vehicle--motorcycle,1
137909578901324,object--support--utility-pole,1
137909578901324,object--trash-can,1
137909578901324,object--traffic-sign--front,1
137909578901324,human--rider--motorcyclist,1
1559686904916372,construction--barrier--curb,2
1559686904916372,void--static,4
1559686904916372,nature--vegetation,4
1559686904916372,object--wire-group,5
1559686904916372,void--unlabeled,8
1559686904916372,object--vehicle--car,1
1559686904916372,object--support--utility-pole,1
1559686904916372,construction--structure--building,5
1559686904916372,construction--barrier--wall,4
1559686904916372,construction--flat--road,6
1559686904916372,construction--flat--sidewalk,1
1559686904916372,nature--terrain,1
1501755037210951,construction--barrier--curb,3
1501755037210951,construction--flat--road,8
1501755037210951,construction--flat--sidewalk,3
1501755037210951,construction--structure--building,27
1501755037210951,nature--sky,9
1501755037210951,nature--terrain,6
1501755037210951,nature--vegetation,13
1501755037210951,void--unlabeled,69
1501755037210951,void--ego-vehicle,1
1501755037210951,object--vehicle--car,11
1501755037210951,object--vehicle--bus,1
1501755037210951,object--support--pole,4
1501755037210951,human--person--individual,1
1501755037210951,object--street-light,2
1501755037210951,object--support--utility-pole,1
1501755037210951,object--traffic-sign--front,1
1330425107753283,construction--barrier--curb,14
1330425107753283,construction--barrier--fence,4
1330425107753283,construction--flat--road,5
1330425107753283,construction--flat--sidewalk,10
1330425107753283,construction--flat--traffic-island,4
1330425107753283,construction--structure--building,29
1330425107753283,marking--continuous--dashed,6
1330425107753283,nature--sky,19
1330425107753283,nature--vegetation,10
1330425107753283,object--wire-group,3
1330425107753283,void--ego-vehicle,3
1330425107753283,void--unlabeled,93
1330425107753283,object--vehicle--bus,1
1330425107753283,object--support--utility-pole,2
1330425107753283,object--vehicle--car,7
1330425107753283,object--street-light,2
1330425107753283,construction--flat--driveway,1
1330425107753283,human--rider--motorcyclist,1
1330425107753283,object--support--pole,6
1330425107753283,object--vehicle--motorcycle,1
1330425107753283,object--sign--store,2
1330425107753283,human--person--individual,1
1481632779034488,construction--barrier--curb,13
1481632779034488,construction--barrier--wall,12
1481632779034488,construction--flat--road,9
1481632779034488,construction--flat--traffic-island,9
1481632779034488,construction--structure--building,27
1481632779034488,marking--continuous--solid,3
1481632779034488,nature--sky,4
1481632779034488,nature--terrain,17
1481632779034488,nature--vegetation,25
1481632779034488,void--ego-vehicle,1
1481632779034488,void--unlabeled,86
1481632779034488,object--vehicle--car,4
1481632779034488,object--support--pole,5
1481632779034488,object--street-light,2
1481632779034488,object--traffic-sign--direction-back,1
1481632779034488,human--person--individual,1
1304672734244725,construction--barrier--curb,3
1304672734244725,nature--vegetation,19
1304672734244725,construction--structure--building,7
1304672734244725,void--ego-vehicle,1
1304672734244725,void--ground,2
1304672734244725,construction--barrier--wall,6
1304672734244725,construction--barrier--fence,7
1304672734244725,construction--flat--curb-cut,1
1304672734244725,construction--flat--road,4
1304672734244725,construction--flat--sidewalk,1
1304672734244725,void--unlabeled,23
1304672734244725,object--manhole,2
1304672734244725,human--person--individual,1
1304672734244725,object--support--pole,3
1304672734244725,object--sign--advertisement,1
1499655824053704,construction--barrier--fence,11
1499655824053704,construction--barrier--curb,2
1499655824053704,construction--structure--building,15
1499655824053704,construction--barrier--wall,15
1499655824053704,construction--flat--road,4
1499655824053704,construction--flat--sidewalk,1
1499655824053704,marking--continuous--dashed,7
1499655824053704,construction--flat--curb-cut,1
1499655824053704,nature--vegetation,20
1499655824053704,void--unlabeled,67
1499655824053704,void--ego-vehicle,2
1499655824053704,object--wire-group,6
1499655824053704,human--person--individual,2
1499655824053704,object--vehicle--car,1
1499655824053704,object--manhole,1
1499655824053704,object--support--pole,2
1499655824053704,object--support--utility-pole,1
1499655824053704,marking--discrete--other-marking,1
140753941921292,construction--barrier--curb,6
140753941921292,construction--barrier--wall,16
140753941921292,construction--barrier--fence,7
140753941921292,construction--flat--sidewalk,13
140753941921292,construction--flat--road,6
140753941921292,construction--flat--curb-cut,2
140753941921292,construction--structure--building,39
140753941921292,marking--continuous--dashed,9
140753941921292,nature--sky,11
140753941921292,nature--terrain,7
140753941921292,nature--vegetation,18
140753941921292,void--ego-vehicle,2
140753941921292,void--static,10
140753941921292,void--unlabeled,90
140753941921292,object--vehicle--bus,1
140753941921292,object--vehicle--car,4
140753941921292,object--support--pole,8
140753941921292,human--rider--motorcyclist,2
140753941921292,construction--flat--driveway,1
140753941921292,human--person--individual,2
140753941921292,object--street-light,3
140753941921292,object--vehicle--motorcycle,2
140753941921292,object--sign--advertisement,3
140753941921292,marking--discrete--text--50,1
140753941921292,marking--discrete--text--other,1
1276469626738804,construction--barrier--curb,1
1276469626738804,construction--barrier--wall,8
1276469626738804,nature--terrain,5
1276469626738804,nature--vegetation,11
1276469626738804,construction--flat--road,3
1276469626738804,construction--structure--building,14
1276469626738804,marking--continuous--dashed,6
1276469626738804,construction--flat--sidewalk,1
1276469626738804,nature--sky,2
1276469626738804,void--ego-vehicle,4
1276469626738804,void--unlabeled,40
1276469626738804,object--vehicle--car,2
1276469626738804,object--support--pole,2
1276469626738804,object--support--utility-pole,1
1276469626738804,object--traffic-sign--front,1
1285880949095872,construction--barrier--curb,10
1285880949095872,construction--flat--road,9
1285880949095872,construction--flat--pedestrian-area,4
1285880949095872,construction--flat--sidewalk,7
1285880949095872,construction--structure--building,6
1285880949095872,construction--barrier--wall,14
1285880949095872,construction--flat--curb-cut,4
1285880949095872,marking--continuous--solid,4
1285880949095872,nature--vegetation,17
1285880949095872,void--unlabeled,23
1285880949095872,void--ego-vehicle,1
1285880949095872,object--sign--advertisement,2
1285880949095872,object--traffic-sign--front,1
1465805350762737,construction--barrier--curb,10
1465805350762737,construction--structure--building,24
1465805350762737,construction--flat--sidewalk,6
1465805350762737,construction--flat--road,10
1465805350762737,construction--barrier--wall,6
1465805350762737,marking--continuous--dashed,6
1465805350762737,nature--sky,10
1465805350762737,nature--terrain,10
1465805350762737,nature--vegetation,12
1465805350762737,void--ego-vehicle,2
1465805350762737,void--unlabeled,94
1465805350762737,object--vehicle--car,11
1465805350762737,human--person--individual,1
1465805350762737,object--support--pole,6
1465805350762737,object--support--utility-pole,2
1465805350762737,object--street-light,3
1465805350762737,object--vehicle--bus,1
1465805350762737,object--banner,1
1574057836837654,construction--barrier--curb,9
1574057836837654,construction--flat--sidewalk,15
1574057836837654,construction--flat--road,20
1574057836837654,construction--structure--building,26
1574057836837654,marking--continuous--dashed,6
1574057836837654,marking--continuous--solid,11
1574057836837654,nature--sky,10
1574057836837654,nature--terrain,15
1574057836837654,nature--vegetation,15
1574057836837654,void--ego-vehicle,1
1574057836837654,void--static,7
1574057836837654,void--unlabeled,80
1574057836837654,object--vehicle--car,9
1574057836837654,object--support--pole,6
1574057836837654,human--person--individual,3
1574057836837654,object--street-light,2
1574057836837654,marking--discrete--text--other,1
1574057836837654,object--vehicle--bus,1
1574057836837654,object--vehicle--motorcycle,1
1574057836837654,object--support--utility-pole,1
1574057836837654,marking--discrete--symbol--bicycle,1
1574057836837654,object--traffic-sign--front,1
1295998814752100,construction--flat--road,10
1295998814752100,construction--flat--traffic-island,6
1295998814752100,construction--barrier--curb,21
1295998814752100,construction--structure--building,28
1295998814752100,construction--barrier--wall,12
1295998814752100,nature--terrain,10
1295998814752100,nature--sky,6
1295998814752100,nature--vegetation,21
1295998814752100,object--wire-group,6
1295998814752100,void--ego-vehicle,4
1295998814752100,void--unlabeled,113
1295998814752100,object--vehicle--car,11
1295998814752100,human--person--individual,2
1295998814752100,object--support--pole,3
1295998814752100,object--support--utility-pole,1
1295998814752100,object--traffic-sign--direction-front,1
1454540761883100,construction--barrier--curb,8
1454540761883100,construction--flat--sidewalk,8
1454540761883100,construction--barrier--wall,10
1454540761883100,construction--flat--road,8
1454540761883100,construction--structure--building,7
1454540761883100,nature--vegetation,7
1454540761883100,construction--flat--curb-cut,6
1454540761883100,void--ego-vehicle,4
1454540761883100,void--ground,4
1454540761883100,void--static,9
1454540761883100,void--unlabeled,22
1454540761883100,object--support--pole,1
1454540761883100,object--street-light,1
1612352289350093,construction--barrier--curb,7
1612352289350093,construction--flat--road,10
1612352289350093,construction--flat--curb-cut,3
1612352289350093,construction--barrier--wall,5
1612352289350093,construction--structure--building,7
1612352289350093,void--ground,4
1612352289350093,void--ego-vehicle,6
1612352289350093,nature--vegetation,7
1612352289350093,construction--flat--sidewalk,3
1612352289350093,void--unlabeled,18
1612352289350093,object--support--pole,1
105445499097656,construction--barrier--curb,1
105445499097656,construction--barrier--fence,9
105445499097656,construction--flat--road,1
105445499097656,nature--mountain,2
105445499097656,marking--continuous--solid,13
105445499097656,nature--sky,4
105445499097656,nature--vegetation,8
105445499097656,nature--terrain,8
105445499097656,void--unlabeled,29
105445499097656,void--ego-vehicle,1
105445499097656,construction--flat--sidewalk,1
105445499097656,object--support--pole,5
105445499097656,marking--discrete--arrow--straight,1
1078651837101679,construction--barrier--concrete-block,3
1078651837101679,construction--barrier--guard-rail,6
1078651837101679,marking--continuous--solid,9
1078651837101679,marking--continuous--dashed,10
1078651837101679,nature--mountain,15
1078651837101679,construction--flat--road,11
1078651837101679,construction--flat--service-lane,1
1078651837101679,nature--sky,41
1078651837101679,nature--terrain,17
1078651837101679,nature--vegetation,31
1078651837101679,object--wire-group,30
1078651837101679,void--ego-vehicle,1
1078651837101679,void--ground,9
1078651837101679,void--unlabeled,165
1078651837101679,object--vehicle--car,8
1078651837101679,object--support--pole,11
1078651837101679,object--street-light,15
1078651837101679,object--traffic-sign--front,2
1078651837101679,human--person--individual,1
1078651837101679,object--support--utility-pole,7
1078651837101679,object--vehicle--truck,1
1050945170114558,construction--barrier--curb,5
1050945170114558,nature--mountain,6
1050945170114558,marking--continuous--dashed,9
1050945170114558,construction--flat--road,10
1050945170114558,marking--continuous--solid,6
1050945170114558,construction--structure--bridge,6
1050945170114558,construction--barrier--wall,2
1050945170114558,nature--sky,12
1050945170114558,construction--barrier--fence,5
1050945170114558,nature--terrain,13
1050945170114558,nature--vegetation,25
1050945170114558,object--wire-group,6
1050945170114558,void--unlabeled,149
1050945170114558,void--ground,2
1050945170114558,void--ego-vehicle,1
1050945170114558,object--vehicle--car,8
1050945170114558,object--traffic-sign--front,1
1050945170114558,object--support--utility-pole,1
1050945170114558,object--support--pole,17
1050945170114558,object--street-light,13
1050945170114558,marking--discrete--arrow--straight,1
1050945170114558,object--catch-basin,1
1050945170114558,object--vehicle--truck,1
1050945170114558,warning--double-curve-first-right--g2,1
1272762640582642,construction--barrier--curb,3
1272762640582642,construction--flat--road,6
1272762640582642,construction--structure--building,7
1272762640582642,construction--barrier--guard-rail,1
1272762640582642,marking--continuous--dashed,7
1272762640582642,nature--mountain,27
1272762640582642,nature--sky,13
1272762640582642,nature--vegetation,19
1272762640582642,void--unlabeled,121
1272762640582642,void--ego-vehicle,1
1272762640582642,object--vehicle--car,8
1272762640582642,object--traffic-sign--direction-front,1
1272762640582642,object--traffic-cone,1
1272762640582642,object--traffic-sign--front,1
1272762640582642,human--rider--motorcyclist,1
1272762640582642,object--street-light,4
1272762640582642,object--support--pole,12
1272762640582642,object--vehicle--motorcycle,1
1272762640582642,object--support--traffic-sign-frame,1
1272762640582642,object--vehicle--truck,1
1272762640582642,object--traffic-sign--direction-back,1
1272762640582642,warning--double-curve-first-right--g2,1
1055619909569151,construction--flat--road,27
1055619909569151,nature--sky,20
1055619909569151,marking--discrete--hatched--diagonal,1
1055619909569151,nature--terrain,14
1055619909569151,marking--continuous--solid,1
1055619909569151,nature--vegetation,24
1055619909569151,void--dynamic,5
1055619909569151,void--ego-vehicle,11
1055619909569151,void--ground,10
1055619909569151,void--static,24
1055619909569151,void--unlabeled,84
1055619909569151,object--support--pole,20
1055619909569151,object--street-light,11
1055619909569151,object--support--utility-pole,1
1055619909569151,animal--ground-animal,1
1077155724089236,construction--barrier--curb,4
1077155724089236,marking--continuous--solid,11
1077155724089236,marking--continuous--dashed,7
1077155724089236,nature--sky,10
1077155724089236,construction--flat--road,15
1077155724089236,construction--flat--sidewalk,3
1077155724089236,nature--vegetation,7
1077155724089236,void--ego-vehicle,4
1077155724089236,void--unlabeled,24
1077155724089236,object--street-light,1
1077155724089236,object--catch-basin,1
1077155724089236,animal--bird,1
1077155724089236,object--bench,1
1077155724089236,object--support--pole,2
1070505364483726,construction--barrier--guard-rail,4
1070505364483726,construction--flat--road,14
1070505364483726,marking--continuous--solid,11
1070505364483726,construction--flat--service-lane,2
1070505364483726,construction--flat--road-shoulder,4
1070505364483726,construction--barrier--concrete-block,1
1070505364483726,nature--mountain,12
1070505364483726,nature--sky,44
1070505364483726,nature--terrain,10
1070505364483726,nature--vegetation,31
1070505364483726,object--wire-group,17
1070505364483726,void--ego-vehicle,1
1070505364483726,void--unlabeled,213
1070505364483726,object--traffic-sign--front,2
1070505364483726,object--street-light,17
1070505364483726,object--support--utility-pole,5
1070505364483726,object--support--pole,15
1070505364483726,object--vehicle--car,6
1070505364483726,human--person--individual,1
1070505364483726,marking--discrete--stop-line,1
1070505364483726,marking--discrete--text--other,1
1070505364483726,object--vehicle--bus,1
1070505364483726,object--sign--advertisement,1
1073009034060528,construction--barrier--curb,7
1073009034060528,construction--flat--sidewalk,4
1073009034060528,marking--continuous--solid,12
1073009034060528,construction--flat--road,22
1073009034060528,marking--continuous--dashed,5
1073009034060528,nature--sky,2
1073009034060528,nature--vegetation,1
1073009034060528,void--ego-vehicle,2
1073009034060528,void--unlabeled,28
1073009034060528,object--support--pole,2
1073009034060528,object--traffic-sign--front,1
1073009034060528,warning--double-curve-first-right--g2,1
1115603493508081,construction--barrier--curb,6
1115603493508081,marking--continuous--solid,6
1115603493508081,nature--mountain,9
1115603493508081,construction--flat--road,14
1115603493508081,construction--flat--sidewalk,5
1115603493508081,marking--continuous--dashed,4
1115603493508081,nature--sky,6
1115603493508081,nature--vegetation,6
1115603493508081,void--ego-vehicle,7
1115603493508081,void--unlabeled,27
1115603493508081,object--traffic-sign--front,1
1115603493508081,object--support--pole,1
1115603493508081,warning--double-curve-first-right--g2,1
1174573536564076,construction--flat--road,21
1174573536564076,nature--sky,26
1174573536564076,construction--structure--building,4
1174573536564076,construction--flat--road-shoulder,1
1174573536564076,nature--terrain,20
1174573536564076,nature--vegetation,23
1174573536564076,object--wire-group,14
1174573536564076,void--ego-vehicle,7
1174573536564076,void--static,22
1174573536564076,void--unlabeled,58
1174573536564076,object--support--pole,8
1174573536564076,object--support--utility-pole,4
1174573536564076,object--street-light,4
1174573536564076,object--vehicle--other-vehicle,1
1174573536564076,human--person--individual,1
1174573536564076,animal--ground-animal,1
1159046981460375,construction--barrier--fence,21
1159046981460375,marking--continuous--dashed,4
1159046981460375,nature--sky,38
1159046981460375,construction--flat--road,6
1159046981460375,nature--terrain,16
1159046981460375,nature--vegetation,28
1159046981460375,object--wire-group,19
1159046981460375,void--ego-vehicle,1
1159046981460375,void--unlabeled,91
1159046981460375,object--vehicle--car,1
1159046981460375,object--support--utility-pole,7
1159046981460375,object--support--pole,4
1159046981460375,object--street-light,3
1159046981460375,marking--discrete--other-marking,1
1181692352463903,construction--barrier--curb,10
1181692352463903,construction--flat--road,15
1181692352463903,construction--flat--sidewalk,5
1181692352463903,marking--continuous--dashed,11
1181692352463903,nature--sky,46
1181692352463903,nature--terrain,22
1181692352463903,nature--vegetation,32
1181692352463903,object--wire-group,8
1181692352463903,void--ego-vehicle,1
1181692352463903,void--unlabeled,173
1181692352463903,object--vehicle--car,15
1181692352463903,object--traffic-sign--direction-front,1
1181692352463903,object--street-light,19
1181692352463903,object--support--utility-pole,2
1181692352463903,object--support--pole,18
1181692352463903,object--traffic-sign--front,1
1181692352463903,human--rider--motorcyclist,1
1181692352463903,marking--discrete--text--stop,1
1181692352463903,object--vehicle--motorcycle,1
1181692352463903,warning--double-curve-first-right--g2,1
1045232013757385,construction--barrier--curb,2
1045232013757385,nature--vegetation,10
1045232013757385,nature--sky,2
1045232013757385,marking--continuous--solid,12
1045232013757385,void--ego-vehicle,7
1045232013757385,void--unlabeled,57
1045232013757385,marking--continuous--dashed,6
1045232013757385,construction--flat--road,3
1045232013757385,construction--barrier--fence,2
1045232013757385,construction--flat--sidewalk,4
1045232013757385,object--traffic-sign--front,1
1045232013757385,object--vehicle--car,1
1045232013757385,object--support--pole,5
1045232013757385,object--support--utility-pole,1
1045232013757385,object--catch-basin,1
1045232013757385,warning--double-curve-first-right--g2,1
1057128249524609,construction--barrier--curb,1
1057128249524609,construction--flat--road,14
1057128249524609,nature--sky,24
1057128249524609,marking--continuous--solid,7
1057128249524609,nature--mountain,3
1057128249524609,construction--flat--sidewalk,6
1057128249524609,marking--continuous--dashed,5
1057128249524609,nature--terrain,7
1057128249524609,nature--vegetation,25
1057128249524609,void--ego-vehicle,1
1057128249524609,void--unlabeled,143
1057128249524609,object--vehicle--car,7
1057128249524609,object--traffic-sign--direction-front,1
1057128249524609,object--support--utility-pole,3
1057128249524609,object--street-light,12
1057128249524609,object--support--pole,14
1057128249524609,object--traffic-sign--front,1
1057128249524609,marking--discrete--arrow--right,1
1057128249524609,marking--discrete--text--other,1
1057128249524609,object--vehicle--truck,1
1057128249524609,warning--double-curve-first-right--g2,1
1017552756837762,construction--barrier--concrete-block,2
1017552756837762,marking--continuous--solid,32
1017552756837762,construction--flat--road,16
1017552756837762,nature--mountain,9
1017552756837762,nature--sky,48
1017552756837762,nature--terrain,20
1017552756837762,nature--vegetation,41
1017552756837762,object--wire-group,34
1017552756837762,void--ego-vehicle,1
1017552756837762,void--ground,6
1017552756837762,void--static,5
1017552756837762,void--unlabeled,151
1017552756837762,object--vehicle--car,8
1017552756837762,object--support--pole,10
1017552756837762,object--street-light,14
1017552756837762,object--traffic-sign--front,1
1017552756837762,object--support--utility-pole,9
1017552756837762,object--vehicle--truck,1
1017552756837762,marking--discrete--stop-line,2
1263862494808119,construction--barrier--curb,3
1263862494808119,construction--barrier--wall,13
1263862494808119,nature--sky,10
1263862494808119,nature--mountain,12
1263862494808119,marking--continuous--dashed,7
1263862494808119,construction--flat--road,7
1263862494808119,construction--flat--sidewalk,4
1263862494808119,nature--terrain,4
1263862494808119,nature--vegetation,15
1263862494808119,void--unlabeled,116
1263862494808119,void--ego-vehicle,2
1263862494808119,object--traffic-sign--front,1
1263862494808119,object--vehicle--car,6
1263862494808119,object--support--pole,15
1263862494808119,marking--discrete--arrow--straight,1
1263862494808119,object--street-light,3
1263862494808119,human--rider--motorcyclist,1
1263862494808119,object--support--utility-pole,1
1263862494808119,object--vehicle--truck,1
1263862494808119,object--vehicle--motorcycle,1
1263862494808119,warning--double-curve-first-right--g2,1
1060140382257284,construction--flat--road,18
1060140382257284,nature--sky,29
1060140382257284,nature--terrain,11
1060140382257284,marking--continuous--solid,1
1060140382257284,nature--vegetation,24
1060140382257284,void--ego-vehicle,4
1060140382257284,void--unlabeled,70
1060140382257284,object--support--utility-pole,2
1060140382257284,object--support--pole,11
1060140382257284,object--street-light,4
1053176343220366,construction--flat--road,52
1053176343220366,marking--continuous--solid,7
1053176343220366,nature--sky,14
1053176343220366,nature--terrain,33
1053176343220366,nature--vegetation,16
1053176343220366,void--ego-vehicle,10
1053176343220366,void--unlabeled,94
1053176343220366,object--support--pole,12
1053176343220366,object--street-light,2
1053176343220366,object--vehicle--car,6
1053176343220366,object--junction-box,2
1053176343220366,object--support--utility-pole,2
1053176343220366,object--traffic-sign--front,1
1068863784962549,construction--flat--road,20
1068863784962549,construction--barrier--concrete-block,1
1068863784962549,marking--continuous--solid,27
1068863784962549,construction--structure--building,9
1068863784962549,nature--mountain,13
1068863784962549,nature--sky,39
1068863784962549,nature--terrain,14
1068863784962549,nature--vegetation,37
1068863784962549,object--wire-group,29
1068863784962549,void--ego-vehicle,5
1068863784962549,void--ground,4
1068863784962549,void--unlabeled,184
1068863784962549,object--vehicle--car,6
1068863784962549,object--street-light,16
1068863784962549,object--support--pole,12
1068863784962549,object--support--utility-pole,8
1068863784962549,object--traffic-sign--front,1
1068863784962549,object--vehicle--motorcycle,1
1068863784962549,human--rider--motorcyclist,1
1068863784962549,marking--discrete--arrow--straight,1
1068863784962549,warning--curve-left--g2,1
1262416054795820,construction--barrier--curb,1
1262416054795820,construction--flat--road,17
1262416054795820,marking--continuous--solid,15
1262416054795820,marking--continuous--dashed,8
1262416054795820,nature--mountain,3
1262416054795820,nature--sky,7
1262416054795820,construction--flat--sidewalk,4
1262416054795820,void--unlabeled,12
1262416054795820,object--catch-basin,1
1262416054795820,object--water-valve,1
1262416054795820,nature--vegetation,2
1262416054795820,void--ego-vehicle,3
1074191987826969,construction--barrier--curb,1
1074191987826969,construction--barrier--wall,3
1074191987826969,nature--sky,13
1074191987826969,marking--continuous--solid,7
1074191987826969,nature--mountain,10
1074191987826969,marking--continuous--dashed,3
1074191987826969,construction--flat--road,23
1074191987826969,nature--terrain,16
1074191987826969,nature--vegetation,22
1074191987826969,void--ego-vehicle,2
1074191987826969,void--unlabeled,146
1074191987826969,object--traffic-sign--front,2
1074191987826969,object--vehicle--car,10
1074191987826969,object--traffic-sign--direction-front,1
1074191987826969,object--support--pole,17
1074191987826969,object--street-light,13
1074191987826969,marking--discrete--text--other,1
1074191987826969,object--support--traffic-sign-frame,1
1074191987826969,object--catch-basin,1
1074191987826969,object--support--utility-pole,2
1074191987826969,object--vehicle--truck,1
1074191987826969,marking--discrete--arrow--straight,1
1074191987826969,marking--discrete--arrow--left,2
1074191987826969,warning--double-curve-first-right--g2,1
1182259729317027,construction--barrier--fence,15
1182259729317027,construction--flat--road,10
1182259729317027,nature--sky,31
1182259729317027,marking--continuous--solid,2
1182259729317027,marking--continuous--dashed,2
1182259729317027,nature--terrain,12
1182259729317027,nature--vegetation,13
1182259729317027,object--wire-group,33
1182259729317027,void--ego-vehicle,1
1182259729317027,void--unlabeled,79
1182259729317027,object--vehicle--car,2
1182259729317027,object--street-light,4
1182259729317027,object--support--utility-pole,9
1182259729317027,object--support--pole,4
1182259729317027,marking--discrete--arrow--right,1
1182259729317027,human--person--individual,1
1234094747836660,construction--barrier--concrete-block,3
1234094747836660,marking--continuous--solid,8
1234094747836660,construction--flat--road,20
1234094747836660,construction--flat--road-shoulder,5
1234094747836660,construction--flat--sidewalk,2
1234094747836660,nature--sky,23
1234094747836660,construction--barrier--wall,9
1234094747836660,nature--terrain,11
1234094747836660,nature--vegetation,20
1234094747836660,object--wire-group,18
1234094747836660,void--ego-vehicle,2
1234094747836660,void--ground,8
1234094747836660,void--unlabeled,85
1234094747836660,object--support--pole,3
1234094747836660,object--support--utility-pole,6
1234094747836660,object--street-light,5
1234094747836660,object--banner,1
1252900878956659,construction--barrier--curb,3
1252900878956659,construction--flat--road,10
1252900878956659,construction--barrier--fence,13
1252900878956659,construction--structure--bridge,8
1252900878956659,construction--flat--sidewalk,2
1252900878956659,construction--barrier--wall,17
1252900878956659,marking--continuous--dashed,10
1252900878956659,nature--mountain,6
1252900878956659,nature--sky,27
1252900878956659,nature--terrain,11
1252900878956659,nature--vegetation,42
1252900878956659,void--ego-vehicle,1
1252900878956659,void--ground,11
1252900878956659,void--unlabeled,176
1252900878956659,object--vehicle--car,10
1252900878956659,object--support--pole,19
1252900878956659,object--street-light,9
1252900878956659,object--support--utility-pole,4
1252900878956659,object--traffic-sign--front,4
1252900878956659,marking--discrete--text--other,1
1252900878956659,construction--barrier--temporary,1
1252900878956659,object--traffic-sign--direction-front,1
1252900878956659,object--traffic-sign--back,2
1252900878956659,complementary--chevron-left--g1,1
1084584903051111,construction--flat--road,31
1084584903051111,nature--sky,33
1084584903051111,marking--continuous--solid,5
1084584903051111,nature--terrain,28
1084584903051111,nature--vegetation,29
1084584903051111,object--wire-group,27
1084584903051111,void--ego-vehicle,3
1084584903051111,void--ground,11
1084584903051111,void--unlabeled,93
1084584903051111,object--support--pole,21
1084584903051111,object--street-light,6
1084584903051111,object--support--utility-pole,3
1084584903051111,marking--discrete--other-marking,1
1084584903051111,object--vehicle--car,1
1084584903051111,object--traffic-sign--front,1
1084584903051111,object--manhole,1
1218720562754293,construction--barrier--curb,5
1218720562754293,construction--flat--road,29
1218720562754293,construction--barrier--wall,13
1218720562754293,construction--structure--bridge,3
1218720562754293,marking--continuous--dashed,14
1218720562754293,marking--continuous--solid,15
1218720562754293,nature--mountain,10
1218720562754293,nature--sky,19
1218720562754293,nature--terrain,6
1218720562754293,nature--vegetation,13
1218720562754293,object--wire-group,9
1218720562754293,void--ego-vehicle,1
1218720562754293,void--unlabeled,138
1218720562754293,object--vehicle--car,10
1218720562754293,object--support--pole,16
1218720562754293,object--street-light,5
1218720562754293,marking--discrete--arrow--straight,2
1218720562754293,object--vehicle--truck,1
1218720562754293,human--rider--motorcyclist,1
1218720562754293,object--vehicle--motorcycle,1
1218720562754293,object--support--utility-pole,1
1218720562754293,object--sign--advertisement,1
1218720562754293,object--traffic-sign--back,2
1210577580015799,construction--flat--road,11
1210577580015799,construction--barrier--wall,4
1210577580015799,construction--barrier--curb,5
1210577580015799,nature--mountain,11
1210577580015799,nature--sky,14
1210577580015799,marking--continuous--dashed,9
1210577580015799,construction--flat--sidewalk,3
1210577580015799,nature--terrain,26
1210577580015799,nature--vegetation,24
1210577580015799,void--ego-vehicle,1
1210577580015799,void--unlabeled,147
1210577580015799,object--vehicle--truck,1
1210577580015799,object--vehicle--car,8
1210577580015799,object--traffic-sign--front,2
1210577580015799,object--support--pole,14
1210577580015799,object--street-light,8
1210577580015799,object--vehicle--motorcycle,2
1210577580015799,object--support--utility-pole,3
1210577580015799,human--rider--motorcyclist,1
1210577580015799,marking--discrete--arrow--straight,1
1210577580015799,object--traffic-sign--direction-front,1
1210577580015799,marking--discrete--arrow--left,1
1210577580015799,marking--discrete--arrow--split-right-or-straight,1
1210577580015799,animal--bird,1
1210577580015799,warning--double-curve-first-right--g2,1
1271670143844542,construction--barrier--curb,5
1271670143844542,construction--structure--building,7
1271670143844542,construction--flat--road,29
1271670143844542,marking--continuous--dashed,5
1271670143844542,nature--mountain,8
1271670143844542,construction--barrier--guard-rail,3
1271670143844542,nature--sky,31
1271670143844542,nature--terrain,17
1271670143844542,nature--vegetation,24
1271670143844542,void--ego-vehicle,1
1271670143844542,void--unlabeled,123
1271670143844542,object--vehicle--car,12
1271670143844542,object--support--pole,11
1271670143844542,object--traffic-sign--front,1
1271670143844542,object--street-light,7
1271670143844542,object--vehicle--truck,1
1271670143844542,object--traffic-sign--direction-front,1
1271670143844542,object--support--utility-pole,1
1254694462391785,construction--flat--road,34
1254694462391785,nature--sky,9
1254694462391785,nature--terrain,20
1254694462391785,marking--continuous--solid,4
1254694462391785,nature--vegetation,23
1254694462391785,void--ego-vehicle,4
1254694462391785,void--unlabeled,77
1254694462391785,object--support--pole,25
1254694462391785,object--street-light,3
1254694462391785,object--support--utility-pole,2
1254694462391785,object--sign--advertisement,1
1254694462391785,object--traffic-sign--front,1
1254694462391785,animal--bird,1
1083002326528261,construction--barrier--curb,6
1083002326528261,construction--barrier--wall,14
1083002326528261,construction--flat--sidewalk,8
1083002326528261,construction--flat--road,18
1083002326528261,construction--structure--bridge,6
1083002326528261,marking--continuous--dashed,6
1083002326528261,marking--continuous--solid,7
1083002326528261,nature--sky,10
1083002326528261,nature--terrain,12
1083002326528261,nature--mountain,16
1083002326528261,nature--vegetation,11
1083002326528261,object--wire-group,3
1083002326528261,void--ego-vehicle,2
1083002326528261,void--unlabeled,107
1083002326528261,object--vehicle--car,10
1083002326528261,object--street-light,6
1083002326528261,object--vehicle--truck,1
1083002326528261,marking--discrete--arrow--straight,1
1083002326528261,human--rider--motorcyclist,1
1083002326528261,object--support--utility-pole,1
1083002326528261,object--support--pole,9
1083002326528261,object--vehicle--motorcycle,1
1083002326528261,object--sign--advertisement,1
1260778145049035,nature--sky,14
1260778145049035,construction--flat--road,26
1260778145049035,marking--continuous--solid,8
1260778145049035,nature--terrain,20
1260778145049035,nature--vegetation,12
1260778145049035,void--ego-vehicle,8
1260778145049035,void--unlabeled,85
1260778145049035,object--support--pole,30
1260778145049035,object--vehicle--car,1
1260778145049035,object--street-light,10
1260778145049035,object--sign--advertisement,1
1260778145049035,animal--bird,1
1260778145049035,animal--ground-animal,1
1260778145049035,object--traffic-sign--back,1
1066249754821791,construction--barrier--curb,8
1066249754821791,nature--sky,9
1066249754821791,marking--continuous--solid,10
1066249754821791,nature--terrain,8
1066249754821791,marking--continuous--dashed,12
1066249754821791,construction--barrier--guard-rail,3
1066249754821791,construction--flat--road,2
1066249754821791,nature--vegetation,1
1066249754821791,void--ego-vehicle,4
1066249754821791,void--unlabeled,18
1066249754821791,object--support--pole,4
1066249754821791,object--street-light,1
1084384546677728,construction--barrier--curb,9
1084384546677728,nature--mountain,4
1084384546677728,construction--flat--sidewalk,6
1084384546677728,marking--continuous--dashed,5
1084384546677728,marking--continuous--solid,7
1084384546677728,nature--sky,4
1084384546677728,nature--vegetation,2
1084384546677728,construction--flat--road,13
1084384546677728,void--ego-vehicle,2
1084384546677728,void--unlabeled,10
1084384546677728,object--traffic-sign--front,1
1084384546677728,object--support--pole,1
1084384546677728,animal--bird,1
1084384546677728,warning--double-curve-first-right--g2,1
1018713916694423,construction--barrier--guard-rail,6
1018713916694423,construction--flat--road,6
1018713916694423,construction--flat--road-shoulder,6
1018713916694423,construction--barrier--concrete-block,2
1018713916694423,construction--structure--building,14
1018713916694423,marking--continuous--solid,6
1018713916694423,nature--sky,53
1018713916694423,nature--mountain,6
1018713916694423,nature--terrain,6
1018713916694423,nature--vegetation,39
1018713916694423,object--wire-group,13
1018713916694423,void--unlabeled,165
1018713916694423,void--ego-vehicle,1
1018713916694423,object--vehicle--car,7
1018713916694423,object--street-light,16
1018713916694423,object--support--pole,13
1018713916694423,object--vehicle--truck,2
1018713916694423,object--support--utility-pole,4
1018713916694423,object--traffic-sign--front,2
1018713916694423,object--vehicle--motorcycle,1
1018713916694423,marking--discrete--text--other,1
1018713916694423,human--rider--motorcyclist,1
1018713916694423,object--sign--advertisement,1
1065618544397540,construction--barrier--curb,1
1065618544397540,construction--barrier--fence,10
1065618544397540,construction--flat--road,10
1065618544397540,construction--structure--building,17
1065618544397540,construction--structure--bridge,7
1065618544397540,marking--continuous--dashed,8
1065618544397540,nature--mountain,5
1065618544397540,nature--sky,15
1065618544397540,nature--terrain,11
1065618544397540,nature--vegetation,29
1065618544397540,object--wire-group,4
1065618544397540,void--ego-vehicle,2
1065618544397540,void--unlabeled,84
1065618544397540,object--vehicle--car,11
1065618544397540,object--support--utility-pole,1
1065618544397540,marking--discrete--arrow--straight,2
1065618544397540,object--support--pole,9
1065618544397540,object--street-light,7
1065618544397540,object--traffic-sign--front,1
1065618544397540,object--sign--advertisement,1
1065618544397540,marking--discrete--arrow--split-right-or-straight,1
1065618544397540,marking--discrete--arrow--right,1
1290811301926227,construction--barrier--curb,1
1290811301926227,construction--barrier--wall,4
1290811301926227,marking--continuous--solid,31
1290811301926227,marking--continuous--dashed,10
1290811301926227,construction--flat--road,10
1290811301926227,construction--flat--sidewalk,2
1290811301926227,nature--mountain,2
1290811301926227,nature--sky,12
1290811301926227,nature--vegetation,7
1290811301926227,void--ego-vehicle,1
1290811301926227,void--unlabeled,11
1290811301926227,object--support--pole,1
1290811301926227,object--street-light,2
1290811301926227,animal--bird,2
1078638393396098,construction--flat--road,11
1078638393396098,marking--continuous--solid,1
1078638393396098,nature--sky,22
1078638393396098,nature--terrain,20
1078638393396098,nature--vegetation,10
1078638393396098,object--wire-group,12
1078638393396098,void--ego-vehicle,1
1078638393396098,void--ground,7
1078638393396098,void--unlabeled,55
1078638393396098,object--support--pole,14
1078638393396098,object--street-light,9
1078638393396098,object--support--utility-pole,2
1078638393396098,animal--bird,1
1112312617078157,construction--barrier--wall,5
1112312617078157,construction--flat--road,11
1112312617078157,marking--continuous--dashed,5
1112312617078157,marking--continuous--solid,16
1112312617078157,nature--sky,22
1112312617078157,nature--mountain,11
1112312617078157,nature--terrain,14
1112312617078157,nature--vegetation,42
1112312617078157,object--wire-group,14
1112312617078157,void--ego-vehicle,2
1112312617078157,void--static,7
1112312617078157,void--unlabeled,116
1112312617078157,object--vehicle--car,10
1112312617078157,object--vehicle--truck,1
1112312617078157,object--traffic-sign--direction-front,2
1112312617078157,object--street-light,7
1112312617078157,object--support--utility-pole,1
1112312617078157,object--support--pole,15
1112312617078157,human--rider--motorcyclist,1
1112312617078157,object--vehicle--motorcycle,2
1112312617078157,human--person--individual,2
1112312617078157,animal--bird,1
1216257616342156,construction--barrier--guard-rail,4
1216257616342156,construction--flat--road,12
1216257616342156,construction--barrier--wall,4
1216257616342156,construction--structure--building,23
1216257616342156,construction--flat--road-shoulder,2
1216257616342156,construction--flat--service-lane,2
1216257616342156,construction--barrier--concrete-block,3
1216257616342156,marking--continuous--dashed,8
1216257616342156,marking--continuous--solid,6
1216257616342156,nature--mountain,9
1216257616342156,nature--sky,40
1216257616342156,nature--terrain,16
1216257616342156,nature--vegetation,31
1216257616342156,object--wire-group,23
1216257616342156,void--ego-vehicle,1
1216257616342156,void--ground,8
1216257616342156,void--unlabeled,204
1216257616342156,object--vehicle--car,9
1216257616342156,object--vehicle--truck,2
1216257616342156,object--street-light,19
1216257616342156,object--sign--advertisement,1
1216257616342156,object--support--pole,16
1216257616342156,object--traffic-sign--front,1
1216257616342156,marking--discrete--text--other,1
1216257616342156,human--person--individual,1
1216257616342156,object--support--utility-pole,1
1054546502985550,construction--flat--road,16
1054546502985550,nature--sky,21
1054546502985550,nature--terrain,24
1054546502985550,marking--continuous--solid,4
1054546502985550,nature--vegetation,15
1054546502985550,void--ego-vehicle,4
1054546502985550,void--ground,16
1054546502985550,void--unlabeled,87
1054546502985550,object--support--pole,19
1054546502985550,object--support--utility-pole,6
1054546502985550,object--street-light,4
1054546502985550,animal--bird,1
1068575321428036,construction--barrier--guard-rail,8
1068575321428036,construction--flat--road,14
1068575321428036,nature--terrain,12
1068575321428036,marking--continuous--solid,6
1068575321428036,nature--sky,4
1068575321428036,construction--flat--service-lane,5
1068575321428036,marking--continuous--dashed,5
1068575321428036,nature--vegetation,17
1068575321428036,void--ego-vehicle,2
1068575321428036,void--unlabeled,114
1068575321428036,object--vehicle--car,2
1068575321428036,object--support--pole,12
1068575321428036,object--vehicle--truck,1
1068575321428036,object--street-light,10
1068575321428036,object--junction-box,1
1068575321428036,marking--discrete--arrow--right,1
1068575321428036,object--sign--advertisement,1
1068575321428036,marking--discrete--other-marking,1
1068575321428036,object--traffic-sign--front,1
1105559350939917,construction--barrier--curb,8
1105559350939917,construction--flat--road,28
1105559350939917,construction--barrier--separator,6
1105559350939917,construction--barrier--guard-rail,4
1105559350939917,construction--flat--service-lane,5
1105559350939917,construction--flat--traffic-island,6
1105559350939917,construction--structure--building,10
1105559350939917,marking--continuous--solid,18
1105559350939917,nature--mountain,15
1105559350939917,nature--sky,47
1105559350939917,nature--terrain,13
1105559350939917,nature--vegetation,19
1105559350939917,object--wire-group,35
1105559350939917,void--ego-vehicle,1
1105559350939917,void--ground,7
1105559350939917,void--unlabeled,139
1105559350939917,object--vehicle--car,9
1105559350939917,object--traffic-sign--front,2
1105559350939917,object--street-light,13
1105559350939917,object--support--pole,7
1105559350939917,object--support--utility-pole,7
1105559350939917,object--vehicle--motorcycle,1
1105559350939917,human--rider--motorcyclist,1
1105559350939917,marking--discrete--arrow--straight,1
1105559350939917,warning--curve-left--g2,1
1094983338989567,construction--barrier--concrete-block,1
1094983338989567,construction--barrier--wall,8
1094983338989567,nature--sky,35
1094983338989567,construction--flat--road,7
1094983338989567,marking--continuous--dashed,9
1094983338989567,marking--continuous--solid,13
1094983338989567,nature--vegetation,24
1094983338989567,nature--terrain,10
1094983338989567,object--wire-group,33
1094983338989567,void--unlabeled,160
1094983338989567,void--ego-vehicle,1
1094983338989567,object--vehicle--car,5
1094983338989567,object--street-light,17
1094983338989567,object--support--pole,11
1094983338989567,object--vehicle--truck,1
1094983338989567,object--support--utility-pole,9
1094983338989567,object--traffic-sign--front,1
1094983338989567,object--bench,1
1055988889592097,construction--flat--road,16
1055988889592097,construction--barrier--curb,2
1055988889592097,construction--flat--sidewalk,3
1055988889592097,marking--continuous--dashed,7
1055988889592097,void--ego-vehicle,2
1055988889592097,void--unlabeled,18
1055988889592097,nature--vegetation,1
1055988889592097,nature--sky,4
1055988889592097,marking--continuous--solid,5
1055988889592097,object--support--pole,1
1055988889592097,object--sign--advertisement,1
1055988889592097,object--traffic-sign--back,1
1135069823841009,construction--barrier--fence,13
1135069823841009,construction--barrier--curb,1
1135069823841009,nature--mountain,11
1135069823841009,marking--continuous--solid,1
1135069823841009,construction--flat--road,5
1135069823841009,nature--sky,2
1135069823841009,nature--terrain,15
1135069823841009,nature--vegetation,11
1135069823841009,construction--flat--sidewalk,1
1135069823841009,void--ego-vehicle,1
1135069823841009,void--ground,4
1135069823841009,void--unlabeled,18
1135069823841009,object--support--pole,3
1135069823841009,animal--bird,1
1144393166033176,object--support--utility-pole,1
1034034475075269,construction--barrier--guard-rail,16
1034034475075269,construction--structure--building,36
1034034475075269,construction--flat--road,22
1034034475075269,construction--flat--road-shoulder,3
1034034475075269,marking--continuous--solid,5
1034034475075269,nature--sky,8
1034034475075269,nature--terrain,16
1034034475075269,nature--vegetation,28
1034034475075269,void--ego-vehicle,2
1034034475075269,void--ground,11
1034034475075269,void--unlabeled,215
1034034475075269,object--vehicle--car,4
1034034475075269,object--support--pole,23
1034034475075269,object--street-light,19
1034034475075269,object--sign--advertisement,1
1034034475075269,construction--flat--driveway,1
1034034475075269,object--traffic-sign--back,1
1034034475075269,marking--discrete--stop-line,1
1260359071671807,construction--flat--road,11
1260359071671807,nature--sky,33
1260359071671807,nature--terrain,24
1260359071671807,marking--continuous--solid,4
1260359071671807,nature--vegetation,17
1260359071671807,void--ego-vehicle,7
1260359071671807,void--unlabeled,70
1260359071671807,object--support--utility-pole,4
1260359071671807,object--support--pole,12
1260359071671807,object--street-light,1
1260359071671807,human--person--individual,1
1082038126628997,construction--barrier--concrete-block,2
1082038126628997,construction--barrier--fence,9
1082038126628997,nature--sky,33
1082038126628997,marking--continuous--solid,6
1082038126628997,construction--flat--road,9
1082038126628997,construction--flat--road-shoulder,4
1082038126628997,construction--flat--sidewalk,2
1082038126628997,nature--terrain,13
1082038126628997,nature--vegetation,22
1082038126628997,object--wire-group,18
1082038126628997,void--ego-vehicle,3
1082038126628997,void--ground,1
1082038126628997,void--unlabeled,51
1082038126628997,object--support--utility-pole,4
1082038126628997,object--support--pole,4
1082038126628997,object--street-light,5
1077933127036992,construction--flat--road,30
1077933127036992,nature--sky,27
1077933127036992,marking--continuous--solid,2
1077933127036992,nature--terrain,21
1077933127036992,nature--vegetation,18
1077933127036992,void--ego-vehicle,13
1077933127036992,void--static,14
1077933127036992,void--unlabeled,77
1077933127036992,object--street-light,7
1077933127036992,object--support--pole,18
1077933127036992,object--support--utility-pole,5
1072031827467599,construction--barrier--concrete-block,2
1072031827467599,construction--barrier--guard-rail,4
1072031827467599,marking--continuous--solid,11
1072031827467599,construction--flat--service-lane,2
1072031827467599,marking--continuous--dashed,6
1072031827467599,nature--mountain,19
1072031827467599,construction--flat--road,19
1072031827467599,nature--sky,36
1072031827467599,nature--terrain,13
1072031827467599,nature--vegetation,32
1072031827467599,object--wire-group,26
1072031827467599,void--ego-vehicle,1
1072031827467599,void--ground,11
1072031827467599,void--unlabeled,153
1072031827467599,object--vehicle--car,9
1072031827467599,object--street-light,16
1072031827467599,object--support--pole,11
1072031827467599,human--person--individual,1
1072031827467599,object--traffic-sign--front,1
1072031827467599,object--support--utility-pole,5
1072031827467599,object--vehicle--truck,1
1072031827467599,marking--discrete--other-marking,1
1072031827467599,warning--curve-left--g2,1
1096916175392337,construction--barrier--curb,12
1096916175392337,construction--barrier--concrete-block,7
1096916175392337,construction--flat--road,23
1096916175392337,marking--continuous--dashed,18
1096916175392337,construction--barrier--guard-rail,5
1096916175392337,nature--sky,27
1096916175392337,nature--snow,4
1096916175392337,nature--terrain,23
1096916175392337,nature--vegetation,16
1096916175392337,object--wire-group,15
1096916175392337,void--ego-vehicle,2
1096916175392337,void--ground,15
1096916175392337,void--unlabeled,189
1096916175392337,object--vehicle--car,16
1096916175392337,object--street-light,11
1096916175392337,object--support--utility-pole,4
1096916175392337,object--support--pole,14
1096916175392337,object--traffic-sign--front,1
1096916175392337,human--rider--motorcyclist,1
1096916175392337,object--vehicle--motorcycle,1
1096916175392337,object--traffic-sign--direction-front,1
1096916175392337,human--person--individual,4
1067683364624711,construction--barrier--curb,6
1067683364624711,construction--barrier--guard-rail,1
1067683364624711,void--ego-vehicle,3
1067683364624711,nature--sky,13
1067683364624711,nature--terrain,6
1067683364624711,nature--vegetation,3
1067683364624711,void--unlabeled,44
1067683364624711,marking--continuous--solid,8
1067683364624711,construction--flat--road,2
1067683364624711,nature--mountain,2
1067683364624711,human--person--individual,2
1067683364624711,object--vehicle--car,1
1067683364624711,object--support--pole,6
1067683364624711,object--street-light,5
1067683364624711,animal--bird,1
1206638466642035,construction--flat--road,16
1206638466642035,construction--structure--bridge,10
1206638466642035,marking--continuous--solid,11
1206638466642035,nature--sky,45
1206638466642035,nature--mountain,5
1206638466642035,nature--terrain,16
1206638466642035,nature--vegetation,10
1206638466642035,object--wire-group,56
1206638466642035,void--unlabeled,112
1206638466642035,void--ego-vehicle,1
1206638466642035,object--support--utility-pole,12
1206638466642035,object--street-light,6
1206638466642035,object--support--pole,10
1206638466642035,object--vehicle--car,1
1206638466642035,marking--discrete--other-marking,2
1206638466642035,animal--ground-animal,1
1206638466642035,human--person--individual,1
1206638466642035,marking--discrete--crosswalk-zebra,1
119324274406743,construction--barrier--curb,4
119324274406743,construction--barrier--fence,12
119324274406743,construction--flat--road,10
119324274406743,construction--flat--sidewalk,4
119324274406743,construction--flat--traffic-island,1
119324274406743,construction--structure--bridge,18
119324274406743,marking--continuous--dashed,11
119324274406743,nature--mountain,5
119324274406743,nature--sky,38
119324274406743,nature--terrain,13
119324274406743,nature--vegetation,38
119324274406743,object--wire-group,10
119324274406743,void--car-mount,2
119324274406743,void--ego-vehicle,1
119324274406743,void--unlabeled,147
119324274406743,object--vehicle--car,6
119324274406743,object--street-light,11
119324274406743,object--support--pole,19
119324274406743,object--vehicle--bus,1
119324274406743,object--support--utility-pole,1
119324274406743,object--traffic-sign--front,1
1194511695524751,construction--flat--road,18
1194511695524751,nature--sky,28
1194511695524751,nature--terrain,18
1194511695524751,marking--continuous--solid,1
1194511695524751,nature--vegetation,12
1194511695524751,void--ego-vehicle,4
1194511695524751,void--unlabeled,83
1194511695524751,object--vehicle--car,1
1194511695524751,object--support--utility-pole,3
1194511695524751,object--support--pole,10
1194511695524751,object--street-light,6
1194511695524751,human--person--individual,1
1209521043611529,construction--flat--road,35
1209521043611529,nature--sky,17
1209521043611529,marking--continuous--solid,1
1209521043611529,nature--terrain,22
1209521043611529,nature--vegetation,21
1209521043611529,void--ego-vehicle,3
1209521043611529,void--unlabeled,139
1209521043611529,object--street-light,20
1209521043611529,object--support--pole,23
1209521043611529,object--vehicle--car,2
1209521043611529,human--person--individual,1
1209521043611529,object--sign--advertisement,1
1122086199273331,construction--barrier--curb,8
1122086199273331,void--ego-vehicle,4
1122086199273331,nature--sky,8
1122086199273331,nature--vegetation,1
1122086199273331,marking--continuous--solid,13
1122086199273331,nature--terrain,3
1122086199273331,void--unlabeled,51
1122086199273331,nature--mountain,2
1122086199273331,construction--flat--road,3
1122086199273331,construction--barrier--guard-rail,1
1122086199273331,object--vehicle--car,1
1122086199273331,human--person--individual,4
1122086199273331,object--support--pole,5
1122086199273331,object--street-light,5
1122086199273331,animal--bird,1
1190077315394076,construction--barrier--guard-rail,18
1190077315394076,construction--flat--road,30
1190077315394076,construction--flat--service-lane,2
1190077315394076,marking--continuous--solid,3
1190077315394076,nature--sky,6
1190077315394076,nature--terrain,12
1190077315394076,nature--vegetation,20
1190077315394076,void--ego-vehicle,4
1190077315394076,void--unlabeled,172
1190077315394076,object--vehicle--car,4
1190077315394076,object--support--pole,22
1190077315394076,object--street-light,19
1190077315394076,object--sign--advertisement,1
1190077315394076,object--traffic-sign--back,1
1190077315394076,object--traffic-light--general-upright-side,1
1190077315394076,object--traffic-sign--front,1
1094253749086501,construction--flat--road,17
1094253749086501,marking--continuous--dashed,7
1094253749086501,marking--continuous--solid,13
1094253749086501,nature--mountain,8
1094253749086501,nature--sky,27
1094253749086501,construction--barrier--curb,2
1094253749086501,nature--terrain,10
1094253749086501,nature--vegetation,24
1094253749086501,void--ego-vehicle,3
1094253749086501,void--unlabeled,155
1094253749086501,object--traffic-sign--direction-front,1
1094253749086501,object--vehicle--car,7
1094253749086501,object--traffic-sign--front,2
1094253749086501,object--support--pole,24
1094253749086501,object--street-light,12
1094253749086501,marking--discrete--text--other,1
1094253749086501,human--rider--motorcyclist,1
1094253749086501,object--support--utility-pole,1
1094253749086501,marking--discrete--arrow--right,2
1094253749086501,marking--discrete--stop-line,1
1094253749086501,marking--discrete--arrow--straight,1
1094253749086501,object--sign--advertisement,1
1094253749086501,warning--double-turn-first-right--g1,1
1091434425709997,construction--flat--road,17
1091434425709997,nature--sky,25
1091434425709997,nature--terrain,12
1091434425709997,marking--continuous--solid,5
1091434425709997,nature--vegetation,17
1091434425709997,void--unlabeled,90
1091434425709997,void--ground,4
1091434425709997,void--ego-vehicle,3
1091434425709997,object--support--pole,21
1091434425709997,object--street-light,18
1091434425709997,object--support--utility-pole,1
1091434425709997,object--traffic-sign--back,1
1107009574325755,construction--barrier--guard-rail,19
1107009574325755,construction--flat--road,32
1107009574325755,construction--flat--road-shoulder,3
1107009574325755,construction--structure--building,35
1107009574325755,marking--continuous--solid,7
1107009574325755,nature--sky,9
1107009574325755,nature--terrain,7
1107009574325755,nature--vegetation,49
1107009574325755,void--ego-vehicle,6
1107009574325755,void--ground,12
1107009574325755,void--static,12
1107009574325755,void--unlabeled,206
1107009574325755,object--vehicle--car,3
1107009574325755,object--support--pole,25
1107009574325755,object--vehicle--truck,1
1107009574325755,object--street-light,18
1107009574325755,object--sign--advertisement,1
1107009574325755,marking--discrete--crosswalk-zebra,1
1107009574325755,object--support--utility-pole,7
1107009574325755,marking--discrete--stop-line,1
1107009574325755,object--traffic-sign--back,1
1107009574325755,object--traffic-sign--front,1
1247122416605980,construction--barrier--concrete-block,4
1247122416605980,construction--barrier--curb,6
1247122416605980,construction--barrier--guard-rail,9
1247122416605980,construction--flat--road-shoulder,4
1247122416605980,construction--barrier--wall,9
1247122416605980,construction--flat--road,11
1247122416605980,marking--continuous--solid,6
1247122416605980,nature--sky,21
1247122416605980,nature--terrain,15
1247122416605980,nature--vegetation,30
1247122416605980,object--wire-group,11
1247122416605980,void--ego-vehicle,3
1247122416605980,void--ground,10
1247122416605980,void--static,6
1247122416605980,void--unlabeled,35
1247122416605980,object--support--pole,2
1247122416605980,object--street-light,2
1247122416605980,object--support--utility-pole,2
1239993133886980,construction--barrier--guard-rail,10
1239993133886980,construction--flat--road,26
1239993133886980,construction--flat--service-lane,9
1239993133886980,construction--structure--building,18
1239993133886980,marking--continuous--solid,5
1239993133886980,nature--terrain,13
1239993133886980,nature--sky,4
1239993133886980,nature--vegetation,13
1239993133886980,void--ego-vehicle,3
1239993133886980,void--unlabeled,152
1239993133886980,object--vehicle--car,3
1239993133886980,object--support--pole,18
1239993133886980,object--street-light,14
1239993133886980,marking--discrete--crosswalk-zebra,1
1239993133886980,object--traffic-sign--back,1
1239993133886980,object--traffic-sign--front,1
1108401620684432,construction--barrier--curb,1
1108401620684432,construction--flat--road,10
1108401620684432,nature--sky,9
1108401620684432,marking--continuous--solid,9
1108401620684432,nature--mountain,6
1108401620684432,nature--vegetation,3
1108401620684432,void--ego-vehicle,3
1108401620684432,marking--continuous--dashed,8
1108401620684432,construction--flat--sidewalk,1
1108401620684432,void--unlabeled,11
1108401620684432,animal--bird,1
1108401620684432,object--catch-basin,1
1086319813091134,construction--barrier--guard-rail,10
1086319813091134,nature--sky,8
1086319813091134,marking--continuous--dashed,2
1086319813091134,construction--flat--road,23
1086319813091134,marking--continuous--solid,5
1086319813091134,construction--flat--road-shoulder,2
1086319813091134,nature--terrain,25
1086319813091134,nature--vegetation,41
1086319813091134,void--ego-vehicle,6
1086319813091134,void--ground,26
1086319813091134,void--unlabeled,197
1086319813091134,object--vehicle--car,2
1086319813091134,object--support--pole,22
1086319813091134,object--vehicle--truck,1
1086319813091134,object--street-light,17
1086319813091134,marking--discrete--other-marking,1
1086319813091134,object--vehicle--other-vehicle,1
1086319813091134,object--traffic-sign--back,1
1086319813091134,object--banner,1
1086319813091134,object--sign--advertisement,1
1086319813091134,object--support--utility-pole,3
1086319813091134,object--junction-box,1
1086319813091134,human--person--individual,1
1086319813091134,animal--ground-animal,1
1187126032175142,construction--barrier--curb,2
1187126032175142,construction--barrier--fence,11
1187126032175142,construction--barrier--wall,13
1187126032175142,construction--flat--road,8
1187126032175142,construction--flat--sidewalk,2
1187126032175142,construction--structure--bridge,7
1187126032175142,marking--continuous--dashed,11
1187126032175142,nature--mountain,10
1187126032175142,nature--sky,21
1187126032175142,nature--terrain,7
1187126032175142,nature--vegetation,27
1187126032175142,object--wire-group,15
1187126032175142,void--car-mount,2
1187126032175142,void--ego-vehicle,3
1187126032175142,void--static,8
1187126032175142,void--unlabeled,159
1187126032175142,object--traffic-sign--front,2
1187126032175142,object--vehicle--car,7
1187126032175142,object--support--utility-pole,3
1187126032175142,object--street-light,9
1187126032175142,object--support--pole,15
1187126032175142,object--traffic-sign--direction-front,1
1187126032175142,marking--discrete--text--other,1
1187126032175142,object--banner,1
1187126032175142,warning--double-curve-first-right--g2,1
1144542077319062,construction--barrier--curb,2
1144542077319062,construction--barrier--fence,8
1144542077319062,construction--barrier--wall,4
1144542077319062,marking--continuous--dashed,6
1144542077319062,marking--continuous--solid,4
1144542077319062,nature--mountain,9
1144542077319062,construction--flat--road-shoulder,9
1144542077319062,construction--flat--road,11
1144542077319062,nature--sky,18
1144542077319062,nature--terrain,26
1144542077319062,nature--vegetation,24
1144542077319062,void--ego-vehicle,1
1144542077319062,void--unlabeled,128
1144542077319062,object--vehicle--car,9
1144542077319062,object--traffic-sign--front,2
1144542077319062,object--street-light,12
1144542077319062,object--traffic-sign--direction-front,1
1144542077319062,object--support--pole,16
1144542077319062,marking--discrete--text--other,1
1144542077319062,object--support--traffic-sign-frame,1
1144542077319062,object--vehicle--truck,1
1144542077319062,marking--discrete--arrow--straight,1
1144542077319062,marking--discrete--arrow--left,1
1144542077319062,object--support--utility-pole,1
1219711302616715,construction--barrier--curb,3
1219711302616715,marking--continuous--solid,16
1219711302616715,marking--continuous--dashed,6
1219711302616715,nature--mountain,2
1219711302616715,construction--flat--sidewalk,4
1219711302616715,nature--sky,16
1219711302616715,construction--flat--road,13
1219711302616715,nature--vegetation,2
1219711302616715,void--ego-vehicle,4
1219711302616715,void--unlabeled,16
1219711302616715,object--street-light,2
1219711302616715,object--support--pole,2
1219711302616715,object--vehicle--car,1
1089807315379244,construction--flat--road,29
1089807315379244,nature--sky,31
1089807315379244,construction--flat--road-shoulder,6
1089807315379244,marking--continuous--solid,2
1089807315379244,nature--terrain,27
1089807315379244,nature--vegetation,21
1089807315379244,void--ego-vehicle,2
1089807315379244,void--ground,13
1089807315379244,void--unlabeled,105
1089807315379244,object--support--utility-pole,4
1089807315379244,object--support--pole,11
1089807315379244,object--street-light,4
1096906468825301,construction--barrier--curb,4
1096906468825301,marking--continuous--solid,13
1096906468825301,nature--mountain,5
1096906468825301,nature--sky,6
1096906468825301,nature--terrain,6
1096906468825301,construction--flat--sidewalk,8
1096906468825301,construction--flat--road,5
1096906468825301,marking--continuous--dashed,6
1096906468825301,nature--vegetation,4
1096906468825301,void--unlabeled,42
1096906468825301,void--ego-vehicle,1
1096906468825301,object--traffic-sign--front,1
1096906468825301,object--vehicle--car,1
1096906468825301,object--support--pole,5
1096906468825301,object--street-light,4
1096906468825301,object--catch-basin,2
1096906468825301,warning--double-curve-first-right--g2,1
1255899431978058,construction--barrier--guard-rail,7
1255899431978058,construction--flat--road,25
1255899431978058,construction--structure--building,56
1255899431978058,construction--flat--service-lane,5
1255899431978058,marking--continuous--solid,3
1255899431978058,nature--sky,31
1255899431978058,nature--terrain,19
1255899431978058,nature--vegetation,71
1255899431978058,void--ego-vehicle,1
1255899431978058,void--static,42
1255899431978058,void--unlabeled,119
1255899431978058,object--support--pole,30
1255899431978058,object--sign--advertisement,1
1255899431978058,object--street-light,24
1255899431978058,object--support--utility-pole,1
1255899431978058,object--vehicle--car,1
1255899431978058,human--person--individual,1
1227260955192750,construction--barrier--concrete-block,2
1227260955192750,marking--continuous--solid,7
1227260955192750,construction--flat--road-shoulder,8
1227260955192750,construction--structure--building,8
1227260955192750,nature--sky,28
1227260955192750,construction--flat--road,8
1227260955192750,construction--barrier--wall,8
1227260955192750,construction--barrier--curb,2
1227260955192750,nature--terrain,10
1227260955192750,nature--vegetation,22
1227260955192750,object--wire-group,19
1227260955192750,void--ego-vehicle,7
1227260955192750,void--ground,10
1227260955192750,void--unlabeled,78
1227260955192750,object--support--pole,5
1227260955192750,object--support--utility-pole,3
1227260955192750,object--street-light,3
1227260955192750,animal--ground-animal,1
1086563226390072,construction--barrier--concrete-block,4
1086563226390072,construction--barrier--curb,11
1086563226390072,nature--sky,29
1086563226390072,construction--barrier--wall,10
1086563226390072,construction--flat--road,7
1086563226390072,construction--flat--sidewalk,3
1086563226390072,marking--continuous--solid,3
1086563226390072,nature--terrain,20
1086563226390072,nature--vegetation,18
1086563226390072,object--wire-group,17
1086563226390072,void--ground,10
1086563226390072,void--ego-vehicle,3
1086563226390072,void--unlabeled,54
1086563226390072,object--support--utility-pole,3
1086563226390072,object--support--pole,3
1086563226390072,object--street-light,2
1245989189985195,construction--barrier--wall,8
1245989189985195,construction--flat--road,14
1245989189985195,nature--mountain,13
1245989189985195,marking--continuous--dashed,6
1245989189985195,marking--continuous--solid,9
1245989189985195,nature--sky,19
1245989189985195,nature--terrain,12
1245989189985195,nature--vegetation,26
1245989189985195,void--ego-vehicle,3
1245989189985195,void--unlabeled,144
1245989189985195,object--vehicle--car,7
1245989189985195,object--support--pole,14
1245989189985195,object--traffic-sign--direction-front,2
1245989189985195,object--traffic-sign--front,1
1245989189985195,object--street-light,4
1245989189985195,human--rider--motorcyclist,1
1245989189985195,object--vehicle--truck,1
1245989189985195,object--support--utility-pole,1
1245989189985195,marking--discrete--arrow--straight,1
1245989189985195,human--person--individual,1
1245989189985195,object--vehicle--motorcycle,1
1245989189985195,marking--discrete--crosswalk-zebra,1
1245989189985195,warning--double-curve-first-right--g2,1
1264265964713980,construction--flat--road,36
1264265964713980,nature--sky,23
1264265964713980,marking--continuous--solid,2
1264265964713980,nature--terrain,22
1264265964713980,nature--vegetation,14
1264265964713980,void--ego-vehicle,8
1264265964713980,void--ground,6
1264265964713980,void--static,26
1264265964713980,void--unlabeled,104
1264265964713980,object--support--pole,15
1264265964713980,object--street-light,10
1264265964713980,object--vehicle--car,1
1264265964713980,object--support--utility-pole,2
1264265964713980,animal--ground-animal,1
1264265964713980,animal--bird,1
1264265964713980,object--traffic-sign--front,1
1251450516168858,construction--barrier--curb,2
1251450516168858,construction--flat--road,7
1251450516168858,nature--mountain,13
1251450516168858,nature--sky,4
1251450516168858,nature--vegetation,4
1251450516168858,void--ego-vehicle,2
1251450516168858,marking--continuous--dashed,6
1251450516168858,construction--flat--sidewalk,3
1251450516168858,marking--continuous--solid,9
1251450516168858,void--unlabeled,17
1251450516168858,object--traffic-sign--front,1
1251450516168858,object--support--pole,1
1251450516168858,object--catch-basin,1
1251450516168858,warning--double-curve-first-right--g2,1
1066485358311627,construction--flat--road,25
1066485358311627,marking--continuous--solid,3
1066485358311627,nature--sky,21
1066485358311627,nature--terrain,15
1066485358311627,nature--vegetation,23
1066485358311627,void--unlabeled,109
1066485358311627,void--ego-vehicle,4
1066485358311627,object--street-light,9
1066485358311627,object--support--pole,16
1066485358311627,marking--discrete--crosswalk-zebra,1
1066485358311627,object--vehicle--car,1
1140182234441272,construction--flat--road,38
1140182234441272,marking--continuous--solid,5
1140182234441272,nature--sky,27
1140182234441272,nature--terrain,15
1140182234441272,nature--vegetation,15
1140182234441272,void--ego-vehicle,2
1140182234441272,void--unlabeled,89
1140182234441272,object--support--pole,17
1140182234441272,object--street-light,6
1140182234441272,object--support--utility-pole,1
1140182234441272,human--person--individual,1
1190614774902238,construction--barrier--curb,1
1190614774902238,construction--barrier--fence,5
1190614774902238,construction--flat--sidewalk,1
1190614774902238,marking--continuous--solid,1
1190614774902238,nature--mountain,8
1190614774902238,construction--flat--road,2
1190614774902238,nature--sky,3
1190614774902238,void--unlabeled,13
1190614774902238,object--support--utility-pole,1
1190614774902238,nature--terrain,7
1190614774902238,nature--vegetation,6
1190614774902238,void--ego-vehicle,1
1190614774902238,object--support--pole,5
119312496840713,warning--steep-descent--g3,1
119312496840713,object--support--pole,2
1071526714174049,construction--barrier--concrete-block,4
1071526714174049,nature--sky,30
1071526714174049,construction--flat--road-shoulder,8
1071526714174049,marking--continuous--solid,5
1071526714174049,construction--flat--road,15
1071526714174049,construction--barrier--curb,1
1071526714174049,nature--terrain,15
1071526714174049,nature--vegetation,16
1071526714174049,object--wire-group,28
1071526714174049,void--ego-vehicle,2
1071526714174049,void--ground,12
1071526714174049,void--unlabeled,79
1071526714174049,object--support--utility-pole,6
1071526714174049,object--support--pole,4
1071526714174049,object--street-light,4
1284670786048145,construction--barrier--curb,7
1284670786048145,nature--terrain,6
1284670786048145,nature--sky,7
1284670786048145,nature--vegetation,5
1284670786048145,void--unlabeled,37
1284670786048145,void--ego-vehicle,1
1284670786048145,construction--structure--building,11
1284670786048145,construction--barrier--guard-rail,3
1284670786048145,construction--flat--road,3
1284670786048145,object--vehicle--car,3
1284670786048145,object--support--pole,4
1284670786048145,object--street-light,2
1284670786048145,object--traffic-sign--back,1
1263798084664893,construction--barrier--fence,17
1263798084664893,marking--continuous--solid,1
1263798084664893,construction--flat--road,18
1263798084664893,construction--flat--road-shoulder,4
1263798084664893,nature--sky,14
1263798084664893,nature--terrain,12
1263798084664893,nature--vegetation,13
1263798084664893,void--unlabeled,75
1263798084664893,void--ego-vehicle,6
1263798084664893,object--support--pole,16
1263798084664893,animal--bird,1
1263798084664893,object--traffic-sign--back,1
1263798084664893,object--street-light,8
1071372894623241,construction--flat--road,28
1071372894623241,marking--continuous--solid,5
1071372894623241,marking--discrete--hatched--diagonal,3
1071372894623241,nature--sky,22
1071372894623241,construction--flat--road-shoulder,6
1071372894623241,nature--terrain,15
1071372894623241,nature--vegetation,18
1071372894623241,void--ego-vehicle,10
1071372894623241,void--unlabeled,71
1071372894623241,object--support--pole,7
1071372894623241,object--street-light,3
1071372894623241,object--support--utility-pole,3
1071372894623241,object--bench,1
1272235963791421,construction--barrier--concrete-block,3
1272235963791421,construction--barrier--guard-rail,7
1272235963791421,construction--structure--building,17
1272235963791421,construction--flat--road-shoulder,5
1272235963791421,construction--flat--road,17
1272235963791421,construction--flat--service-lane,2
1272235963791421,marking--continuous--solid,14
1272235963791421,nature--mountain,19
1272235963791421,nature--sky,39
1272235963791421,nature--terrain,18
1272235963791421,nature--vegetation,31
1272235963791421,object--wire-group,28
1272235963791421,void--ego-vehicle,1
1272235963791421,void--ground,7
1272235963791421,void--static,8
1272235963791421,void--unlabeled,172
1272235963791421,object--vehicle--car,7
1272235963791421,object--street-light,15
1272235963791421,object--traffic-sign--front,1
1272235963791421,object--support--pole,10
1272235963791421,human--person--individual,1
1272235963791421,object--support--utility-pole,7
1272235963791421,marking--discrete--stop-line,1
1272235963791421,object--traffic-sign--back,1
1272235963791421,marking--discrete--arrow--straight,1
1272235963791421,object--vehicle--truck,1
1272235963791421,warning--curve-left--g2,1
1209800290241815,construction--barrier--curb,4
1209800290241815,marking--continuous--dashed,10
1209800290241815,construction--flat--road,20
1209800290241815,construction--structure--bridge,1
1209800290241815,nature--mountain,10
1209800290241815,nature--sky,7
1209800290241815,construction--barrier--wall,4
1209800290241815,nature--terrain,16
1209800290241815,nature--vegetation,16
1209800290241815,void--ego-vehicle,1
1209800290241815,void--unlabeled,119
1209800290241815,object--vehicle--car,9
1209800290241815,object--street-light,9
1209800290241815,marking--discrete--arrow--right,1
1209800290241815,object--support--pole,11
1209800290241815,marking--discrete--arrow--straight,1
1209800290241815,object--vehicle--bus,1
1209800290241815,object--traffic-sign--front,2
1209800290241815,marking--discrete--other-marking,1
1213878815925698,construction--barrier--fence,20
1213878815925698,construction--barrier--wall,9
1213878815925698,construction--barrier--curb,6
1213878815925698,construction--flat--road,8
1213878815925698,construction--flat--sidewalk,4
1213878815925698,construction--structure--bridge,9
1213878815925698,marking--continuous--dashed,9
1213878815925698,nature--mountain,10
1213878815925698,nature--sky,23
1213878815925698,nature--terrain,12
1213878815925698,nature--vegetation,38
1213878815925698,object--wire-group,8
1213878815925698,void--ego-vehicle,3
1213878815925698,void--unlabeled,160
1213878815925698,object--vehicle--car,8
1213878815925698,object--support--pole,17
1213878815925698,object--street-light,10
1213878815925698,object--support--utility-pole,4
1213878815925698,object--traffic-sign--front,3
1213878815925698,object--traffic-sign--back,1
1213878815925698,object--sign--advertisement,2
1213878815925698,human--rider--motorcyclist,1
1213878815925698,object--vehicle--motorcycle,1
1213878815925698,marking--discrete--arrow--left,1
1213878815925698,object--manhole,1
1213878815925698,marking--discrete--text--other,1
1213878815925698,marking--discrete--arrow--other,1
1213878815925698,complementary--chevron-left--g1,2
1200797790978807,construction--barrier--concrete-block,2
1200797790978807,construction--barrier--curb,4
1200797790978807,marking--continuous--solid,7
1200797790978807,construction--flat--road-shoulder,7
1200797790978807,construction--flat--sidewalk,4
1200797790978807,nature--sky,34
1200797790978807,construction--flat--road,13
1200797790978807,construction--barrier--wall,5
1200797790978807,nature--terrain,31
1200797790978807,nature--vegetation,17
1200797790978807,object--wire-group,27
1200797790978807,void--ego-vehicle,7
1200797790978807,void--ground,8
1200797790978807,void--unlabeled,73
1200797790978807,object--support--utility-pole,4
1200797790978807,object--support--pole,3
1200797790978807,object--street-light,6
1256769015668439,construction--barrier--guard-rail,15
1256769015668439,construction--flat--road,27
1256769015668439,construction--flat--road-shoulder,3
1256769015668439,construction--flat--service-lane,3
1256769015668439,construction--structure--building,35
1256769015668439,marking--continuous--dashed,1
1256769015668439,marking--continuous--solid,5
1256769015668439,nature--sky,6
1256769015668439,nature--terrain,13
1256769015668439,nature--vegetation,19
1256769015668439,void--ego-vehicle,1
1256769015668439,void--ground,2
1256769015668439,void--unlabeled,183
1256769015668439,object--vehicle--car,4
1256769015668439,object--support--pole,22
1256769015668439,object--street-light,17
1256769015668439,object--sign--advertisement,1
1256769015668439,object--traffic-sign--back,2
1256769015668439,marking--discrete--stop-line,1
1256769015668439,marking--discrete--other-marking,1
1256769015668439,object--support--utility-pole,1
1256769015668439,object--traffic-sign--front,1
1276452973493946,construction--barrier--curb,4
1276452973493946,construction--barrier--wall,9
1276452973493946,construction--flat--road,20
1276452973493946,construction--flat--sidewalk,5
1276452973493946,marking--continuous--dashed,3
1276452973493946,marking--continuous--solid,14
1276452973493946,nature--mountain,14
1276452973493946,nature--sky,18
1276452973493946,nature--terrain,10
1276452973493946,nature--vegetation,30
1276452973493946,void--ego-vehicle,4
1276452973493946,void--unlabeled,124
1276452973493946,object--vehicle--car,9
1276452973493946,object--trash-can,1
1276452973493946,object--traffic-sign--front,1
1276452973493946,object--vehicle--truck,1
1276452973493946,object--traffic-sign--direction-front,1
1276452973493946,object--street-light,4
1276452973493946,object--support--pole,10
1276452973493946,human--rider--motorcyclist,1
1276452973493946,object--vehicle--motorcycle,1
1276452973493946,object--support--utility-pole,3
1276452973493946,object--traffic-cone,1
1276452973493946,marking--discrete--text--other,1
1276452973493946,human--rider--other-rider,1
1276452973493946,marking--discrete--arrow--right,1
1276452973493946,object--support--traffic-sign-frame,1
1276452973493946,object--traffic-sign--direction-back,1
1276452973493946,warning--double-curve-first-right--g2,1
1287248212194119,construction--barrier--concrete-block,6
1287248212194119,marking--continuous--dashed,10
1287248212194119,construction--flat--road,17
1287248212194119,construction--flat--road-shoulder,4
1287248212194119,marking--continuous--solid,14
1287248212194119,construction--barrier--guard-rail,7
1287248212194119,nature--mountain,16
1287248212194119,nature--sky,38
1287248212194119,nature--terrain,14
1287248212194119,nature--vegetation,27
1287248212194119,object--wire-group,21
1287248212194119,void--ego-vehicle,2
1287248212194119,void--unlabeled,144
1287248212194119,object--vehicle--car,8
1287248212194119,object--support--utility-pole,4
1287248212194119,object--support--pole,10
1287248212194119,object--street-light,14
1287248212194119,object--vehicle--truck,1
1287248212194119,object--traffic-sign--front,2
1287248212194119,marking--discrete--text--other,1
1259219648755379,construction--flat--road,23
1259219648755379,marking--continuous--solid,8
1259219648755379,nature--terrain,20
1259219648755379,nature--sky,16
1259219648755379,marking--continuous--dashed,2
1259219648755379,nature--vegetation,8
1259219648755379,void--ego-vehicle,9
1259219648755379,void--unlabeled,53
1259219648755379,object--support--pole,22
1259219648755379,animal--ground-animal,1
1259219648755379,object--vehicle--car,1
1259219648755379,object--street-light,4
1259219648755379,object--support--utility-pole,2
1259219648755379,object--sign--advertisement,1
1259219648755379,object--traffic-sign--back,1
1244006776845896,marking--continuous--dashed,8
1244006776845896,construction--flat--sidewalk,7
1244006776845896,construction--barrier--curb,2
1244006776845896,void--ego-vehicle,3
1244006776845896,marking--continuous--solid,15
1244006776845896,construction--flat--road,8
1244006776845896,nature--mountain,1
1244006776845896,nature--vegetation,4
1244006776845896,nature--sky,2
1244006776845896,void--unlabeled,63
1244006776845896,object--vehicle--car,1
1244006776845896,object--street-light,5
1244006776845896,object--support--pole,9
1244006776845896,marking--discrete--arrow--straight,2
1244006776845896,object--support--utility-pole,1
1253035632613116,construction--barrier--concrete-block,13
1253035632613116,construction--barrier--curb,9
1253035632613116,construction--barrier--wall,14
1253035632613116,construction--flat--road-shoulder,4
1253035632613116,construction--flat--road,11
1253035632613116,construction--flat--sidewalk,4
1253035632613116,marking--continuous--solid,3
1253035632613116,nature--sky,21
1253035632613116,nature--terrain,22
1253035632613116,nature--vegetation,21
1253035632613116,object--wire-group,15
1253035632613116,void--ego-vehicle,2
1253035632613116,void--ground,13
1253035632613116,void--unlabeled,54
1253035632613116,object--support--utility-pole,4
1253035632613116,object--support--pole,6
1253035632613116,object--street-light,5
1238991120754087,construction--barrier--concrete-block,7
1238991120754087,construction--barrier--guard-rail,4
1238991120754087,construction--flat--road,17
1238991120754087,marking--continuous--solid,9
1238991120754087,construction--flat--sidewalk,7
1238991120754087,marking--continuous--dashed,12
1238991120754087,nature--mountain,10
1238991120754087,nature--sky,25
1238991120754087,nature--terrain,9
1238991120754087,nature--vegetation,22
1238991120754087,object--wire-group,4
1238991120754087,void--unlabeled,148
1238991120754087,void--ego-vehicle,1
1238991120754087,object--vehicle--car,8
1238991120754087,object--traffic-sign--direction-front,1
1238991120754087,object--vehicle--truck,1
1238991120754087,object--street-light,12
1238991120754087,object--support--pole,21
1238991120754087,object--vehicle--motorcycle,1
1238991120754087,human--rider--motorcyclist,1
1238991120754087,human--person--individual,1
1238991120754087,object--traffic-sign--front,1
1238991120754087,animal--ground-animal,1
1277440837014648,construction--barrier--curb,9
1277440837014648,void--unlabeled,32
1277440837014648,nature--sky,9
1277440837014648,nature--vegetation,3
1277440837014648,void--ego-vehicle,3
1277440837014648,marking--continuous--solid,6
1277440837014648,construction--barrier--guard-rail,2
1277440837014648,construction--flat--road,3
1277440837014648,object--support--pole,5
1277440837014648,object--vehicle--car,1
1277440837014648,object--street-light,5
1137883290214629,construction--barrier--curb,16
1137883290214629,construction--flat--road,13
1137883290214629,construction--flat--sidewalk,17
1137883290214629,construction--structure--building,19
1137883290214629,nature--sky,18
1137883290214629,nature--terrain,26
1137883290214629,nature--vegetation,8
1137883290214629,object--wire-group,9
1137883290214629,void--ego-vehicle,5
1137883290214629,void--ground,8
1137883290214629,void--unlabeled,121
1137883290214629,object--vehicle--truck,1
1137883290214629,human--person--individual,3
1137883290214629,object--sign--store,3
1137883290214629,object--vehicle--car,6
1137883290214629,object--bench,1
1137883290214629,object--traffic-sign--direction-front,1
1137883290214629,object--support--pole,3
1137883290214629,object--street-light,1
1137883290214629,animal--ground-animal,1
1137883290214629,object--sign--advertisement,2
1137883290214629,object--vehicle--wheeled-slow,1
1172982816743504,construction--barrier--curb,18
1172982816743504,construction--flat--road,12
1172982816743504,construction--flat--sidewalk,29
1172982816743504,construction--structure--building,24
1172982816743504,nature--sky,15
1172982816743504,nature--terrain,15
1172982816743504,nature--vegetation,17
1172982816743504,object--wire-group,23
1172982816743504,void--static,17
1172982816743504,void--ego-vehicle,1
1172982816743504,void--unlabeled,55
1172982816743504,object--vehicle--car,3
1172982816743504,object--sign--store,2
1172982816743504,object--support--pole,2
1172982816743504,object--street-light,1
1172982816743504,object--sign--advertisement,2
1172982816743504,object--vehicle--truck,1
1172982816743504,object--traffic-sign--direction-front,1
1172982816743504,human--person--individual,1
1172982816743504,human--rider--bicyclist,1
1172982816743504,object--support--utility-pole,1
1172982816743504,object--vehicle--bicycle,1
1006170477023989,construction--barrier--curb,34
1006170477023989,construction--flat--road,27
1006170477023989,construction--flat--sidewalk,31
1006170477023989,construction--flat--traffic-island,5
1006170477023989,construction--structure--building,34
1006170477023989,nature--sky,15
1006170477023989,nature--terrain,25
1006170477023989,nature--vegetation,16
1006170477023989,object--wire-group,20
1006170477023989,void--ego-vehicle,1
1006170477023989,void--unlabeled,60
1006170477023989,object--vehicle--car,2
1006170477023989,human--person--individual,3
1006170477023989,object--traffic-sign--direction-front,1
1006170477023989,object--sign--store,5
1006170477023989,object--support--pole,4
1006170477023989,object--trash-can,1
1006170477023989,object--vehicle--motorcycle,1
1006170477023989,object--vehicle--truck,2
1006170477023989,object--street-light,1
1446053459581492,construction--flat--road,10
1446053459581492,construction--flat--sidewalk,8
1446053459581492,construction--structure--building,17
1446053459581492,nature--sky,7
1446053459581492,nature--terrain,10
1446053459581492,nature--vegetation,2
1446053459581492,object--wire-group,13
1446053459581492,void--ego-vehicle,1
1446053459581492,void--unlabeled,63
1446053459581492,object--vehicle--car,5
1446053459581492,object--street-light,2
1446053459581492,object--support--pole,1
1446053459581492,object--traffic-sign--direction-front,1
1446053459581492,object--sign--store,1
1446053459581492,object--sign--information,1
178942834111924,object--sign--store,1
178942834111924,object--support--utility-pole,1
178942834111924,object--support--pole,3
110149411997128,construction--barrier--curb,20
110149411997128,construction--flat--pedestrian-area,8
110149411997128,construction--flat--road,21
110149411997128,construction--flat--sidewalk,27
110149411997128,construction--structure--building,33
110149411997128,nature--sky,10
110149411997128,nature--terrain,12
110149411997128,nature--vegetation,14
110149411997128,object--wire-group,11
110149411997128,void--ego-vehicle,1
110149411997128,void--static,34
110149411997128,void--unlabeled,183
110149411997128,human--person--individual,5
110149411997128,object--vehicle--car,7
110149411997128,object--street-light,8
110149411997128,object--sign--advertisement,5
110149411997128,object--support--pole,13
110149411997128,object--sign--store,9
110149411997128,object--trash-can,2
110149411997128,object--vehicle--truck,1
110149411997128,human--rider--motorcyclist,1
110149411997128,object--support--utility-pole,1
110149411997128,object--vehicle--motorcycle,1
110149411997128,object--banner,1
110149411997128,object--bench,1
1267636880831064,construction--barrier--curb,22
1267636880831064,construction--flat--road,12
1267636880831064,construction--flat--sidewalk,13
1267636880831064,construction--structure--building,15
1267636880831064,nature--sky,12
1267636880831064,nature--terrain,10
1267636880831064,nature--vegetation,13
1267636880831064,object--wire-group,20
1267636880831064,void--ego-vehicle,1
1267636880831064,void--unlabeled,71
1267636880831064,object--vehicle--car,4
1267636880831064,object--street-light,1
1267636880831064,object--sign--store,1
1267636880831064,object--traffic-sign--direction-front,1
1267636880831064,object--support--pole,3
1267636880831064,object--traffic-sign--front,2
1267636880831064,object--traffic-light--general-upright-back,1
1267636880831064,object--traffic-light--general-upright-side,1
128112703354093,construction--flat--road,6
128112703354093,construction--flat--sidewalk,13
128112703354093,construction--structure--building,19
128112703354093,nature--terrain,8
128112703354093,nature--sky,5
128112703354093,nature--vegetation,3
128112703354093,object--wire-group,15
128112703354093,void--ego-vehicle,1
128112703354093,void--unlabeled,61
128112703354093,object--vehicle--car,5
128112703354093,object--street-light,1
128112703354093,object--support--pole,2
128112703354093,object--traffic-sign--direction-front,1
128112703354093,object--sign--store,1
128112703354093,object--vehicle--other-vehicle,1
168584565185214,object--sign--store,1
168584565185214,object--sign--advertisement,1
132163266241443,construction--barrier--curb,15
132163266241443,construction--structure--building,17
132163266241443,construction--flat--sidewalk,11
132163266241443,construction--flat--road,9
132163266241443,nature--sky,10
132163266241443,nature--terrain,8
132163266241443,nature--vegetation,11
132163266241443,object--wire-group,21
132163266241443,void--unlabeled,65
132163266241443,void--ego-vehicle,1
132163266241443,object--vehicle--car,4
132163266241443,object--street-light,1
132163266241443,object--traffic-sign--direction-front,1
132163266241443,object--sign--store,3
132163266241443,object--support--pole,2
132163266241443,object--traffic-light--general-upright-side,1
1351107162405642,construction--barrier--curb,15
1351107162405642,construction--barrier--wall,7
1351107162405642,construction--flat--road,21
1351107162405642,construction--flat--sidewalk,21
1351107162405642,construction--flat--traffic-island,8
1351107162405642,construction--structure--building,21
1351107162405642,nature--sky,10
1351107162405642,nature--terrain,15
1351107162405642,nature--vegetation,18
1351107162405642,object--wire-group,12
1351107162405642,void--ego-vehicle,1
1351107162405642,void--static,16
1351107162405642,void--unlabeled,86
1351107162405642,object--sign--store,7
1351107162405642,object--vehicle--car,4
1351107162405642,human--person--individual,2
1351107162405642,object--traffic-sign--direction-front,1
1351107162405642,object--support--pole,2
1351107162405642,object--sign--advertisement,1
1351107162405642,object--support--utility-pole,1
1627940304387270,construction--barrier--curb,7
1627940304387270,construction--flat--sidewalk,16
1627940304387270,construction--flat--traffic-island,5
1627940304387270,construction--flat--road,15
1627940304387270,construction--structure--building,17
1627940304387270,nature--sky,9
1627940304387270,nature--terrain,15
1627940304387270,nature--vegetation,11
1627940304387270,object--wire-group,14
1627940304387270,void--ego-vehicle,1
1627940304387270,void--unlabeled,72
1627940304387270,object--vehicle--car,3
1627940304387270,object--traffic-sign--direction-front,1
1627940304387270,object--vehicle--bus,2
1627940304387270,object--sign--store,2
1627940304387270,object--support--pole,2
1627940304387270,object--vehicle--truck,1
134387789565934,construction--flat--road,7
134387789565934,construction--structure--building,20
134387789565934,construction--flat--sidewalk,7
134387789565934,nature--sky,6
134387789565934,nature--terrain,11
134387789565934,nature--vegetation,9
134387789565934,object--wire-group,11
134387789565934,void--ego-vehicle,1
134387789565934,void--unlabeled,67
134387789565934,object--vehicle--car,6
134387789565934,object--traffic-sign--direction-front,1
134387789565934,object--support--pole,1
134387789565934,object--street-light,1
134387789565934,object--sign--store,1
134387789565934,object--fire-hydrant,1
134387789565934,human--person--individual,1
1132029257628876,construction--barrier--curb,53
1132029257628876,construction--barrier--guard-rail,12
1132029257628876,construction--barrier--wall,28
1132029257628876,construction--flat--road,49
1132029257628876,construction--flat--sidewalk,24
1132029257628876,construction--flat--traffic-island,5
1132029257628876,construction--structure--building,17
1132029257628876,nature--sky,9
1132029257628876,nature--vegetation,24
1132029257628876,object--wire-group,10
1132029257628876,void--ego-vehicle,6
1132029257628876,void--ground,16
1132029257628876,void--static,25
1132029257628876,void--unlabeled,135
1132029257628876,object--vehicle--car,6
1132029257628876,object--street-light,7
1132029257628876,object--sign--store,5
1132029257628876,object--support--pole,8
1132029257628876,human--person--individual,6
1132029257628876,object--sign--advertisement,2
1132029257628876,object--support--utility-pole,2
1393547031397313,construction--barrier--curb,20
1393547031397313,construction--flat--road,9
1393547031397313,construction--flat--sidewalk,18
1393547031397313,construction--structure--building,26
1393547031397313,construction--barrier--guard-rail,2
1393547031397313,nature--sky,17
1393547031397313,nature--terrain,20
1393547031397313,nature--vegetation,7
1393547031397313,object--wire-group,11
1393547031397313,void--unlabeled,83
1393547031397313,void--ego-vehicle,1
1393547031397313,object--traffic-sign--direction-front,1
1393547031397313,object--vehicle--car,1
1393547031397313,object--sign--store,5
1393547031397313,object--street-light,2
1393547031397313,object--support--pole,3
1393547031397313,human--person--individual,1
1393547031397313,object--bench,1
1393547031397313,object--vehicle--motorcycle,1
1393547031397313,object--support--utility-pole,1
1393547031397313,object--vehicle--other-vehicle,1
1054707425310378,construction--barrier--fence,5
1054707425310378,construction--structure--building,10
1054707425310378,nature--vegetation,6
1054707425310378,void--dynamic,9
1054707425310378,void--ground,1
1054707425310378,void--static,17
1054707425310378,void--unlabeled,23
1054707425310378,object--sign--store,1
1054707425310378,object--banner,2
1054707425310378,object--street-light,1
153204757620907,construction--barrier--curb,6
153204757620907,construction--flat--road,16
153204757620907,construction--flat--sidewalk,12
153204757620907,construction--structure--building,20
153204757620907,nature--sky,22
153204757620907,nature--terrain,10
153204757620907,nature--vegetation,10
153204757620907,object--wire-group,5
153204757620907,void--ego-vehicle,3
153204757620907,void--unlabeled,80
153204757620907,object--vehicle--car,5
153204757620907,object--traffic-sign--direction-front,1
153204757620907,object--bench,1
153204757620907,object--sign--store,3
153204757620907,object--sign--advertisement,3
153204757620907,object--traffic-sign--information-parking,1
153204757620907,object--vehicle--other-vehicle,1
153204757620907,object--support--utility-pole,1
153204757620907,marking--discrete--other-marking,1
131699632332061,object--street-light,1
131699632332061,object--sign--store,6
131699632332061,object--sign--advertisement,1
117462031192552,construction--barrier--curb,17
117462031192552,construction--flat--sidewalk,10
117462031192552,construction--flat--road,10
117462031192552,construction--structure--building,26
117462031192552,nature--sky,6
117462031192552,nature--terrain,11
117462031192552,nature--vegetation,6
117462031192552,object--wire-group,18
117462031192552,void--unlabeled,70
117462031192552,void--ego-vehicle,1
117462031192552,object--vehicle--car,4
117462031192552,object--bench,1
117462031192552,object--support--pole,1
117462031192552,object--street-light,2
117462031192552,object--traffic-sign--direction-front,1
117462031192552,object--sign--store,1
1671335249952649,construction--barrier--curb,18
1671335249952649,construction--flat--road,11
1671335249952649,construction--flat--sidewalk,21
1671335249952649,construction--flat--traffic-island,11
1671335249952649,construction--structure--building,22
1671335249952649,nature--sky,12
1671335249952649,nature--terrain,11
1671335249952649,nature--vegetation,19
1671335249952649,object--wire-group,12
1671335249952649,void--ego-vehicle,1
1671335249952649,void--ground,12
1671335249952649,void--unlabeled,52
1671335249952649,object--vehicle--car,2
1671335249952649,object--sign--store,3
1671335249952649,object--support--pole,2
1671335249952649,object--traffic-sign--direction-front,1
1671335249952649,object--trash-can,1
1671335249952649,object--vehicle--bus,1
1671335249952649,object--sign--advertisement,3
1671335249952649,object--vehicle--motorcycle,1
1671335249952649,object--support--utility-pole,1
1671335249952649,human--rider--bicyclist,1
1671335249952649,object--vehicle--bicycle,1
163844266489584,construction--barrier--curb,6
163844266489584,construction--barrier--fence,18
163844266489584,construction--barrier--wall,8
163844266489584,construction--structure--building,17
163844266489584,construction--flat--road,2
163844266489584,construction--flat--sidewalk,6
163844266489584,nature--sky,7
163844266489584,nature--vegetation,4
163844266489584,object--wire-group,15
163844266489584,void--dynamic,9
163844266489584,void--ego-vehicle,1
163844266489584,void--unlabeled,26
163844266489584,object--sign--store,1
163844266489584,object--street-light,1
163844266489584,object--support--utility-pole,1
163844266489584,object--vehicle--motorcycle,1
163844266489584,object--traffic-sign--back,1
163844266489584,object--sign--advertisement,2
163844266489584,object--catch-basin,1
163844266489584,object--sign--information,1
163844266489584,object--support--pole,1
163844266489584,construction--flat--driveway,1
189812903684421,construction--barrier--curb,24
189812903684421,construction--flat--road,32
189812903684421,construction--flat--sidewalk,36
189812903684421,construction--structure--building,36
189812903684421,nature--sky,24
189812903684421,nature--terrain,23
189812903684421,nature--vegetation,15
189812903684421,object--wire-group,15
189812903684421,void--ego-vehicle,2
189812903684421,void--ground,26
189812903684421,void--static,39
189812903684421,void--unlabeled,204
189812903684421,object--vehicle--car,16
189812903684421,object--support--utility-pole,3
189812903684421,object--sign--store,12
189812903684421,human--person--individual,5
189812903684421,object--vehicle--other-vehicle,1
189812903684421,object--street-light,9
189812903684421,object--bench,2
189812903684421,object--support--pole,9
189812903684421,object--sign--advertisement,6
189812903684421,human--rider--motorcyclist,1
189812903684421,object--banner,2
189812903684421,object--traffic-sign--front,1
158891430353481,construction--barrier--curb,16
158891430353481,construction--flat--road,8
158891430353481,construction--flat--sidewalk,15
158891430353481,construction--flat--traffic-island,2
158891430353481,construction--structure--building,20
158891430353481,nature--sky,10
158891430353481,nature--terrain,16
158891430353481,nature--vegetation,9
158891430353481,object--wire-group,8
158891430353481,void--ego-vehicle,1
158891430353481,void--unlabeled,68
158891430353481,object--vehicle--car,2
158891430353481,object--sign--store,4
158891430353481,object--traffic-sign--direction-front,1
158891430353481,object--vehicle--bus,1
158891430353481,object--support--pole,1
158891430353481,object--street-light,2
158891430353481,object--sign--advertisement,2
158891430353481,object--support--utility-pole,1
158891430353481,object--vehicle--other-vehicle,1
176877318433392,construction--barrier--curb,22
176877318433392,construction--flat--pedestrian-area,21
176877318433392,construction--flat--road,15
176877318433392,construction--flat--sidewalk,30
176877318433392,construction--structure--building,26
176877318433392,nature--sky,14
176877318433392,nature--terrain,14
176877318433392,nature--vegetation,10
176877318433392,object--wire-group,15
176877318433392,void--ego-vehicle,1
176877318433392,void--static,27
176877318433392,void--unlabeled,164
176877318433392,object--vehicle--car,6
176877318433392,object--traffic-sign--back,1
176877318433392,object--street-light,9
176877318433392,object--sign--advertisement,3
176877318433392,human--person--individual,4
176877318433392,object--support--utility-pole,1
176877318433392,object--sign--store,7
176877318433392,object--support--pole,16
176877318433392,object--vehicle--truck,1
176877318433392,object--vehicle--motorcycle,1
176877318433392,human--rider--motorcyclist,1
176877318433392,object--traffic-cone,1
176877318433392,object--trash-can,1
1867314510307812,construction--barrier--curb,13
1867314510307812,construction--flat--road,16
1867314510307812,construction--flat--sidewalk,15
1867314510307812,construction--structure--building,19
1867314510307812,nature--sky,11
1867314510307812,nature--terrain,13
1867314510307812,nature--vegetation,12
1867314510307812,object--wire-group,16
1867314510307812,void--unlabeled,63
1867314510307812,void--ego-vehicle,1
1867314510307812,object--vehicle--car,5
1867314510307812,object--traffic-sign--direction-front,1
1867314510307812,object--street-light,1
1867314510307812,object--sign--store,2
1867314510307812,object--support--pole,3
1867314510307812,object--traffic-sign--front,1
198109549502067,construction--barrier--curb,11
198109549502067,construction--flat--road,10
198109549502067,construction--flat--sidewalk,11
198109549502067,construction--structure--building,18
198109549502067,nature--sky,11
198109549502067,nature--terrain,11
198109549502067,nature--vegetation,6
198109549502067,object--wire-group,15
198109549502067,void--ego-vehicle,1
198109549502067,void--unlabeled,51
198109549502067,object--vehicle--car,4
198109549502067,object--street-light,1
198109549502067,object--traffic-sign--direction-front,1
198109549502067,object--vehicle--other-vehicle,1
198109549502067,object--support--pole,3
198109549502067,object--support--utility-pole,1
198109549502067,object--sign--store,1
198109549502067,object--banner,1
198109549502067,object--sign--advertisement,2
162365053353782,construction--barrier--curb,9
162365053353782,construction--barrier--fence,9
162365053353782,construction--barrier--wall,4
162365053353782,construction--flat--road,2
162365053353782,construction--flat--sidewalk,7
162365053353782,construction--structure--building,20
162365053353782,nature--sky,7
162365053353782,object--wire-group,19
162365053353782,void--dynamic,18
162365053353782,void--ego-vehicle,1
162365053353782,void--unlabeled,45
162365053353782,object--support--utility-pole,1
162365053353782,object--sign--advertisement,1
162365053353782,object--sign--store,3
162365053353782,object--banner,1
162365053353782,object--bench,1
162365053353782,object--support--pole,1
162365053353782,object--street-light,1
599703512028355,construction--barrier--curb,11
599703512028355,construction--flat--sidewalk,15
599703512028355,construction--flat--road,1
599703512028355,construction--structure--building,32
599703512028355,nature--sky,13
599703512028355,nature--vegetation,5
599703512028355,object--wire-group,16
599703512028355,void--ego-vehicle,2
599703512028355,void--unlabeled,153
599703512028355,object--vehicle--car,4
599703512028355,object--sign--store,3
599703512028355,object--sign--advertisement,4
599703512028355,object--support--utility-pole,2
599703512028355,marking--discrete--crosswalk-zebra,1
599703512028355,object--support--pole,6
599703512028355,object--street-light,5
599703512028355,human--person--individual,2
599703512028355,object--manhole,1
599703512028355,object--banner,2
599703512028355,object--vehicle--wheeled-slow,1
599703512028355,construction--flat--driveway,1
1212743719352194,construction--barrier--curb,8
1212743719352194,construction--flat--curb-cut,5
1212743719352194,construction--flat--road,6
1212743719352194,construction--flat--sidewalk,11
1212743719352194,construction--structure--building,26
1212743719352194,nature--sand,1
1212743719352194,nature--sky,20
1212743719352194,nature--vegetation,5
1212743719352194,object--wire-group,17
1212743719352194,void--ego-vehicle,2
1212743719352194,void--ground,8
1212743719352194,void--unlabeled,117
1212743719352194,object--vehicle--car,2
1212743719352194,object--sign--advertisement,4
1212743719352194,object--support--utility-pole,3
1212743719352194,human--person--individual,2
1212743719352194,object--sign--store,2
1212743719352194,object--street-light,2
1212743719352194,construction--flat--driveway,2
1212743719352194,object--support--pole,1
174697031984276,construction--flat--road,3
174697031984276,construction--flat--sidewalk,3
174697031984276,construction--structure--building,7
174697031984276,nature--sky,8
174697031984276,object--wire-group,16
174697031984276,void--ground,2
174697031984276,void--unlabeled,36
174697031984276,void--ego-vehicle,2
174697031984276,object--sign--store,1
174697031984276,object--support--utility-pole,3
174697031984276,object--junction-box,1
174697031984276,object--sign--advertisement,1
1032616330701108,construction--barrier--curb,3
1032616330701108,construction--barrier--fence,8
1032616330701108,construction--barrier--wall,2
1032616330701108,construction--flat--road,5
1032616330701108,construction--structure--building,28
1032616330701108,construction--flat--sidewalk,4
1032616330701108,nature--sky,5
1032616330701108,nature--vegetation,8
1032616330701108,object--wire-group,8
1032616330701108,void--dynamic,21
1032616330701108,void--static,18
1032616330701108,void--unlabeled,82
1032616330701108,human--person--individual,2
1032616330701108,object--vehicle--car,1
1032616330701108,object--support--utility-pole,3
1032616330701108,object--traffic-sign--front,1
1032616330701108,object--support--pole,2
1032616330701108,object--sign--advertisement,3
1032616330701108,object--sign--information,1
168554725991796,construction--barrier--curb,15
168554725991796,construction--barrier--wall,12
168554725991796,construction--flat--road,8
168554725991796,construction--flat--sidewalk,10
168554725991796,construction--barrier--fence,3
168554725991796,construction--structure--building,28
168554725991796,nature--sky,10
168554725991796,nature--vegetation,7
168554725991796,object--wire-group,18
168554725991796,void--ego-vehicle,1
168554725991796,void--ground,9
168554725991796,void--static,27
168554725991796,void--unlabeled,176
168554725991796,human--person--individual,5
168554725991796,object--support--utility-pole,6
168554725991796,object--vehicle--car,2
168554725991796,object--vehicle--truck,1
168554725991796,object--street-light,3
168554725991796,object--support--pole,1
168554725991796,marking--discrete--crosswalk-zebra,1
168554725991796,object--sign--advertisement,2
168554725991796,marking--discrete--stop-line,1
168554725991796,object--sign--store,1
168554725991796,object--trash-can,1
1097881943955646,object--sign--store,1
1097881943955646,object--support--utility-pole,1
3505165473139517,construction--barrier--curb,10
3505165473139517,construction--barrier--fence,5
3505165473139517,construction--flat--road,12
3505165473139517,construction--structure--building,35
3505165473139517,construction--flat--sidewalk,14
3505165473139517,construction--flat--traffic-island,7
3505165473139517,nature--sky,32
3505165473139517,nature--terrain,2
3505165473139517,nature--vegetation,20
3505165473139517,object--wire-group,18
3505165473139517,void--ego-vehicle,2
3505165473139517,void--ground,17
3505165473139517,void--static,15
3505165473139517,void--unlabeled,169
3505165473139517,object--vehicle--car,12
3505165473139517,object--street-light,6
3505165473139517,object--sign--store,4
3505165473139517,object--vehicle--motorcycle,2
3505165473139517,object--sign--advertisement,1
3505165473139517,human--person--individual,3
3505165473139517,object--support--pole,2
3505165473139517,object--vehicle--truck,1
3505165473139517,object--support--utility-pole,6
3505165473139517,human--rider--motorcyclist,2
3505165473139517,object--vehicle--other-vehicle,1
3505165473139517,object--vehicle--bus,1
1181766502542280,construction--barrier--curb,23
1181766502542280,construction--flat--road,16
1181766502542280,construction--flat--sidewalk,14
1181766502542280,construction--flat--traffic-island,8
1181766502542280,construction--structure--building,35
1181766502542280,nature--sky,21
1181766502542280,nature--terrain,12
1181766502542280,nature--vegetation,9
1181766502542280,object--wire-group,28
1181766502542280,void--ego-vehicle,4
1181766502542280,void--ground,17
1181766502542280,void--static,31
1181766502542280,void--unlabeled,172
1181766502542280,object--vehicle--car,14
1181766502542280,object--sign--store,6
1181766502542280,human--person--individual,4
1181766502542280,object--street-light,6
1181766502542280,object--sign--advertisement,2
1181766502542280,object--support--utility-pole,7
1181766502542280,object--support--pole,4
1181766502542280,object--vehicle--motorcycle,1
1181766502542280,human--rider--motorcyclist,1
1181766502542280,object--manhole,2
1181766502542280,object--sign--information,2
508639786942211,object--sign--advertisement,1
508639786942211,object--sign--store,1
1771470693300941,construction--barrier--curb,14
1771470693300941,construction--barrier--fence,12
1771470693300941,construction--flat--road,15
1771470693300941,construction--structure--building,33
1771470693300941,nature--sky,21
1771470693300941,nature--terrain,8
1771470693300941,nature--vegetation,9
1771470693300941,object--wire-group,23
1771470693300941,void--dynamic,6
1771470693300941,void--unlabeled,167
1771470693300941,void--ego-vehicle,2
1771470693300941,object--vehicle--motorcycle,2
1771470693300941,object--vehicle--car,8
1771470693300941,object--sign--store,2
1771470693300941,object--street-light,6
1771470693300941,human--rider--motorcyclist,2
1771470693300941,human--person--individual,3
1771470693300941,object--support--utility-pole,9
1771470693300941,object--support--pole,12
1771470693300941,object--vehicle--other-vehicle,1
1771470693300941,object--sign--advertisement,1
145757928114288,construction--barrier--curb,15
145757928114288,construction--barrier--fence,8
145757928114288,construction--flat--curb-cut,6
145757928114288,construction--flat--sidewalk,5
145757928114288,construction--flat--road,5
145757928114288,construction--structure--building,24
145757928114288,nature--sky,18
145757928114288,nature--vegetation,12
145757928114288,object--wire-group,19
145757928114288,void--dynamic,11
145757928114288,void--ego-vehicle,1
145757928114288,void--static,10
145757928114288,void--unlabeled,124
145757928114288,object--vehicle--car,2
145757928114288,human--person--individual,4
145757928114288,object--support--utility-pole,4
145757928114288,object--sign--store,2
145757928114288,object--support--pole,1
145757928114288,marking--discrete--crosswalk-zebra,1
145757928114288,object--street-light,2
145757928114288,object--sign--advertisement,1
145757928114288,object--traffic-sign--front,2
145757928114288,object--traffic-sign--back,1
145757928114288,object--trash-can,1
185238200889922,construction--barrier--curb,8
185238200889922,construction--barrier--fence,16
185238200889922,construction--flat--road,14
185238200889922,construction--flat--sidewalk,14
185238200889922,construction--flat--traffic-island,6
185238200889922,construction--structure--building,40
185238200889922,nature--sky,15
185238200889922,nature--terrain,2
185238200889922,nature--vegetation,10
185238200889922,object--wire-group,20
185238200889922,void--dynamic,9
185238200889922,void--ego-vehicle,4
185238200889922,void--unlabeled,148
185238200889922,object--vehicle--car,12
185238200889922,object--street-light,6
185238200889922,object--support--utility-pole,10
185238200889922,object--vehicle--motorcycle,2
185238200889922,human--rider--motorcyclist,2
185238200889922,object--support--pole,6
185238200889922,object--vehicle--other-vehicle,2
185238200889922,human--person--individual,4
185238200889922,object--sign--store,1
185238200889922,object--sign--advertisement,1
599555468878935,construction--flat--sidewalk,7
599555468878935,construction--structure--building,15
599555468878935,object--wire-group,16
599555468878935,nature--sky,13
599555468878935,construction--barrier--fence,4
599555468878935,construction--flat--road,1
599555468878935,void--ego-vehicle,2
599555468878935,void--static,2
599555468878935,void--unlabeled,105
599555468878935,object--sign--store,3
599555468878935,object--vehicle--car,3
599555468878935,object--vehicle--motorcycle,1
599555468878935,object--support--utility-pole,2
599555468878935,object--street-light,2
599555468878935,object--sign--advertisement,1
599555468878935,object--vehicle--truck,1
599555468878935,object--support--pole,2
599555468878935,human--rider--motorcyclist,1
649049439477030,construction--barrier--fence,3
649049439477030,construction--flat--sidewalk,2
649049439477030,construction--structure--building,24
649049439477030,construction--structure--bridge,1
649049439477030,nature--sky,9
649049439477030,object--wire-group,20
649049439477030,void--dynamic,14
649049439477030,void--static,7
649049439477030,void--unlabeled,59
649049439477030,object--vehicle--car,1
649049439477030,human--person--individual,1
649049439477030,object--sign--store,3
649049439477030,object--support--utility-pole,1
649049439477030,object--manhole,1
649049439477030,object--sign--advertisement,1
649049439477030,object--vehicle--on-rails,1
649049439477030,object--support--pole,1
1261405514778948,construction--barrier--curb,18
1261405514778948,construction--barrier--fence,36
1261405514778948,construction--flat--road,40
1261405514778948,construction--flat--sidewalk,41
1261405514778948,construction--flat--traffic-island,8
1261405514778948,construction--structure--building,60
1261405514778948,nature--sky,23
1261405514778948,nature--terrain,8
1261405514778948,nature--vegetation,17
1261405514778948,object--wire-group,35
1261405514778948,void--ego-vehicle,1
1261405514778948,void--ground,27
1261405514778948,void--unlabeled,308
1261405514778948,object--vehicle--car,14
1261405514778948,object--support--pole,18
1261405514778948,human--person--individual,12
1261405514778948,object--vehicle--motorcycle,1
1261405514778948,object--support--utility-pole,11
1261405514778948,object--sign--advertisement,6
1261405514778948,object--street-light,4
1261405514778948,object--sign--store,6
1261405514778948,human--rider--motorcyclist,1
1261405514778948,object--vehicle--other-vehicle,3
1261405514778948,object--trash-can,1
1416416145763050,construction--structure--building,18
1416416145763050,nature--sky,15
1416416145763050,construction--barrier--curb,2
1416416145763050,construction--flat--road,2
1416416145763050,object--wire-group,6
1416416145763050,void--ground,8
1416416145763050,void--ego-vehicle,2
1416416145763050,void--static,14
1416416145763050,void--unlabeled,72
1416416145763050,object--vehicle--car,3
1416416145763050,object--sign--store,4
1416416145763050,human--person--individual,1
1416416145763050,object--sign--advertisement,2
1416416145763050,object--traffic-sign--back,1
1416416145763050,construction--flat--driveway,1
1416416145763050,object--support--utility-pole,1
1416416145763050,object--support--pole,3
1416416145763050,object--sign--information,1
582256990599012,construction--flat--road,5
582256990599012,construction--structure--building,25
582256990599012,nature--sky,18
582256990599012,construction--flat--sidewalk,4
582256990599012,nature--sand,1
582256990599012,nature--vegetation,4
582256990599012,object--wire-group,15
582256990599012,void--ego-vehicle,3
582256990599012,void--unlabeled,93
582256990599012,void--ground,5
582256990599012,object--sign--advertisement,2
582256990599012,object--support--pole,2
582256990599012,human--person--individual,1
582256990599012,object--sign--store,1
582256990599012,object--support--utility-pole,3
582256990599012,object--street-light,1
582256990599012,object--traffic-sign--direction-front,1
142021111184341,object--sign--advertisement,1
1334920486951629,construction--flat--pedestrian-area,7
1334920486951629,construction--flat--road,10
1334920486951629,construction--flat--sidewalk,15
1334920486951629,construction--structure--building,24
1334920486951629,nature--mountain,5
1334920486951629,nature--sky,7
1334920486951629,object--wire-group,14
1334920486951629,void--dynamic,18
1334920486951629,void--static,7
1334920486951629,void--unlabeled,129
1334920486951629,human--person--individual,7
1334920486951629,object--sign--advertisement,2
1334920486951629,object--sign--store,3
1334920486951629,object--street-light,6
1334920486951629,object--support--pole,7
1334920486951629,object--vehicle--other-vehicle,1
1334920486951629,object--traffic-sign--back,1
1334920486951629,object--support--utility-pole,1
1336071836972627,construction--barrier--curb,29
1336071836972627,construction--barrier--fence,32
1336071836972627,construction--flat--parking,6
1336071836972627,construction--flat--road,35
1336071836972627,construction--flat--sidewalk,23
1336071836972627,construction--flat--traffic-island,10
1336071836972627,construction--structure--building,40
1336071836972627,nature--sky,48
1336071836972627,nature--terrain,9
1336071836972627,nature--vegetation,18
1336071836972627,object--wire-group,28
1336071836972627,void--ego-vehicle,1
1336071836972627,void--static,16
1336071836972627,void--unlabeled,216
1336071836972627,object--vehicle--car,14
1336071836972627,human--person--individual,2
1336071836972627,object--support--utility-pole,5
1336071836972627,object--sign--store,10
1336071836972627,object--traffic-sign--direction-front,1
1336071836972627,object--banner,2
1336071836972627,object--support--pole,10
1336071836972627,object--street-light,2
1336071836972627,object--sign--back,1
1636769113421040,construction--barrier--fence,5
1636769113421040,construction--barrier--wall,4
1636769113421040,construction--flat--road,8
1636769113421040,construction--flat--sidewalk,4
1636769113421040,construction--structure--building,23
1636769113421040,construction--barrier--curb,7
1636769113421040,nature--sky,12
1636769113421040,nature--vegetation,4
1636769113421040,object--wire-group,11
1636769113421040,void--ego-vehicle,2
1636769113421040,void--unlabeled,140
1636769113421040,object--sign--store,1
1636769113421040,human--person--individual,2
1636769113421040,object--sign--advertisement,2
1636769113421040,object--support--utility-pole,2
1636769113421040,object--vehicle--car,2
1636769113421040,object--vehicle--motorcycle,1
1636769113421040,object--support--pole,3
1636769113421040,object--vehicle--other-vehicle,1
1636769113421040,human--rider--motorcyclist,1
1636769113421040,marking--discrete--crosswalk-zebra,1
926084102157693,construction--barrier--curb,5
926084102157693,construction--flat--curb-cut,2
926084102157693,construction--flat--road,3
926084102157693,construction--flat--sidewalk,7
926084102157693,construction--structure--building,19
926084102157693,nature--sky,14
926084102157693,nature--sand,1
926084102157693,nature--vegetation,2
926084102157693,object--wire-group,16
926084102157693,void--ego-vehicle,2
926084102157693,void--unlabeled,144
926084102157693,object--vehicle--car,4
926084102157693,human--person--individual,1
926084102157693,object--sign--advertisement,6
926084102157693,object--support--utility-pole,3
926084102157693,object--sign--store,2
926084102157693,object--street-light,4
926084102157693,object--support--pole,4
926084102157693,marking--discrete--crosswalk-zebra,1
926084102157693,object--banner,2
926084102157693,object--vehicle--bicycle,1
926084102157693,object--junction-box,1
1855412214841028,construction--barrier--fence,6
1855412214841028,construction--flat--road,10
1855412214841028,construction--structure--building,27
1855412214841028,construction--flat--sidewalk,7
1855412214841028,construction--barrier--curb,10
1855412214841028,nature--sky,18
1855412214841028,nature--vegetation,4
1855412214841028,object--wire-group,22
1855412214841028,void--dynamic,12
1855412214841028,void--ego-vehicle,3
1855412214841028,void--static,10
1855412214841028,void--unlabeled,97
1855412214841028,object--vehicle--car,2
1855412214841028,human--person--individual,4
1855412214841028,object--sign--store,2
1855412214841028,object--support--utility-pole,3
1855412214841028,object--vehicle--motorcycle,1
1855412214841028,marking--discrete--crosswalk-zebra,1
1855412214841028,object--support--pole,2
1855412214841028,human--rider--motorcyclist,1
1855412214841028,object--trash-can,1
1855412214841028,object--catch-basin,1
1855412214841028,marking--discrete--stop-line,1
726181842516711,construction--barrier--curb,14
726181842516711,construction--flat--road,16
726181842516711,construction--barrier--fence,6
726181842516711,construction--structure--building,44
726181842516711,construction--flat--traffic-island,6
726181842516711,nature--sky,19
726181842516711,nature--terrain,6
726181842516711,nature--vegetation,7
726181842516711,object--wire-group,21
726181842516711,void--ego-vehicle,3
726181842516711,void--ground,8
726181842516711,void--unlabeled,178
726181842516711,object--vehicle--car,13
726181842516711,object--sign--advertisement,1
726181842516711,object--street-light,7
726181842516711,object--sign--store,3
726181842516711,object--vehicle--motorcycle,2
726181842516711,object--vehicle--truck,1
726181842516711,human--person--individual,5
726181842516711,human--rider--motorcyclist,3
726181842516711,object--support--utility-pole,6
726181842516711,object--support--pole,3
726181842516711,object--vehicle--bus,1
191390460193736,construction--barrier--curb,24
191390460193736,construction--barrier--fence,49
191390460193736,construction--flat--road,25
191390460193736,construction--flat--sidewalk,12
191390460193736,construction--flat--traffic-island,13
191390460193736,construction--structure--building,43
191390460193736,nature--sky,34
191390460193736,nature--terrain,10
191390460193736,nature--vegetation,20
191390460193736,object--wire-group,27
191390460193736,void--ego-vehicle,5
191390460193736,void--ground,44
191390460193736,void--unlabeled,278
191390460193736,object--vehicle--car,19
191390460193736,object--support--utility-pole,12
191390460193736,object--sign--store,5
191390460193736,human--person--individual,15
191390460193736,object--street-light,9
191390460193736,object--support--pole,20
191390460193736,object--vehicle--other-vehicle,5
191390460193736,object--manhole,1
191390460193736,object--sign--advertisement,6
191390460193736,object--vehicle--motorcycle,1
191390460193736,object--sign--back,1
191390460193736,object--banner,2
191390460193736,object--traffic-sign--front,1
889350942341492,construction--barrier--curb,13
889350942341492,construction--flat--sidewalk,12
889350942341492,construction--flat--road,2
889350942341492,construction--structure--building,29
889350942341492,nature--sky,14
889350942341492,nature--vegetation,3
889350942341492,object--wire-group,13
889350942341492,void--ego-vehicle,1
889350942341492,void--unlabeled,180
889350942341492,object--vehicle--car,4
889350942341492,object--manhole,1
889350942341492,object--support--utility-pole,2
889350942341492,object--sign--advertisement,2
889350942341492,object--street-light,4
889350942341492,object--sign--store,2
889350942341492,marking--discrete--crosswalk-zebra,1
889350942341492,object--banner,2
889350942341492,object--support--pole,5
889350942341492,object--vehicle--bicycle,1
889350942341492,human--person--individual,2
889350942341492,marking--discrete--other-marking,1
889350942341492,object--bench,1
1398166184295296,construction--barrier--curb,9
1398166184295296,construction--barrier--fence,4
1398166184295296,construction--structure--building,17
1398166184295296,construction--flat--road,1
1398166184295296,construction--flat--sidewalk,2
1398166184295296,nature--sky,14
1398166184295296,object--wire-group,15
1398166184295296,void--ego-vehicle,1
1398166184295296,void--ground,12
1398166184295296,void--unlabeled,75
1398166184295296,object--vehicle--car,3
1398166184295296,human--person--individual,1
1398166184295296,object--support--utility-pole,4
1398166184295296,object--vehicle--truck,1
1398166184295296,object--street-light,1
1398166184295296,object--banner,2
1398166184295296,object--sign--store,2
1398166184295296,object--support--pole,1
1398166184295296,construction--flat--driveway,1
1398166184295296,object--traffic-sign--direction-front,1
195875849731172,construction--barrier--curb,16
195875849731172,construction--barrier--fence,21
195875849731172,construction--flat--road,23
195875849731172,construction--flat--sidewalk,18
195875849731172,construction--structure--building,51
195875849731172,nature--sky,23
195875849731172,nature--terrain,7
195875849731172,nature--vegetation,24
195875849731172,object--wire-group,44
195875849731172,void--dynamic,19
195875849731172,void--ego-vehicle,2
195875849731172,void--ground,28
195875849731172,void--unlabeled,254
195875849731172,object--vehicle--car,23
195875849731172,object--street-light,7
195875849731172,human--person--individual,11
195875849731172,object--support--utility-pole,13
195875849731172,object--sign--store,4
195875849731172,object--vehicle--motorcycle,1
195875849731172,human--rider--motorcyclist,2
195875849731172,marking--discrete--crosswalk-zebra,1
195875849731172,object--manhole,1
195875849731172,object--support--pole,9
195875849731172,object--vehicle--other-vehicle,1
195875849731172,object--sign--advertisement,3
195875849731172,object--trash-can,1
306701440830696,object--support--utility-pole,3
306701440830696,object--street-light,1
1921225421554748,construction--barrier--curb,15
1921225421554748,construction--barrier--fence,25
1921225421554748,construction--flat--road,41
1921225421554748,construction--flat--sidewalk,22
1921225421554748,construction--flat--traffic-island,11
1921225421554748,construction--structure--building,41
1921225421554748,nature--sky,38
1921225421554748,nature--terrain,10
1921225421554748,nature--vegetation,16
1921225421554748,object--wire-group,26
1921225421554748,void--ego-vehicle,2
1921225421554748,void--unlabeled,187
1921225421554748,object--support--utility-pole,5
1921225421554748,object--vehicle--car,14
1921225421554748,object--sign--store,6
1921225421554748,object--sign--advertisement,5
1921225421554748,object--street-light,5
1921225421554748,object--support--pole,8
1921225421554748,human--person--individual,4
1921225421554748,object--traffic-sign--direction-front,1
1921225421554748,object--vehicle--other-vehicle,1
207801205259757,construction--barrier--curb,21
207801205259757,construction--barrier--fence,4
207801205259757,construction--flat--road,11
207801205259757,construction--flat--sidewalk,15
207801205259757,construction--flat--traffic-island,3
207801205259757,construction--structure--building,42
207801205259757,nature--sky,24
207801205259757,nature--terrain,7
207801205259757,nature--vegetation,17
207801205259757,object--wire-group,23
207801205259757,void--ego-vehicle,1
207801205259757,void--ground,13
207801205259757,void--static,16
207801205259757,void--unlabeled,204
207801205259757,object--sign--store,7
207801205259757,object--vehicle--car,12
207801205259757,human--person--individual,1
207801205259757,object--vehicle--motorcycle,3
207801205259757,object--street-light,4
207801205259757,object--sign--advertisement,1
207801205259757,human--rider--motorcyclist,2
207801205259757,object--support--utility-pole,9
207801205259757,object--vehicle--truck,1
207801205259757,object--support--pole,2
207801205259757,object--manhole,1
207801205259757,object--trash-can,1
207801205259757,object--sign--other,1
238081568564886,construction--barrier--curb,15
238081568564886,construction--barrier--fence,10
238081568564886,construction--flat--road,7
238081568564886,construction--barrier--wall,9
238081568564886,construction--flat--curb-cut,4
238081568564886,construction--flat--sidewalk,14
238081568564886,construction--structure--building,27
238081568564886,nature--mountain,5
238081568564886,nature--sky,13
238081568564886,nature--vegetation,5
238081568564886,object--wire-group,18
238081568564886,void--dynamic,9
238081568564886,void--ego-vehicle,2
238081568564886,void--ground,5
238081568564886,void--static,11
238081568564886,void--unlabeled,145
238081568564886,human--person--individual,8
238081568564886,object--support--utility-pole,7
238081568564886,object--vehicle--car,7
238081568564886,object--street-light,3
238081568564886,object--sign--advertisement,2
238081568564886,marking--discrete--crosswalk-zebra,1
238081568564886,object--vehicle--truck,1
238081568564886,object--support--pole,3
238081568564886,object--junction-box,1
238081568564886,marking--discrete--other-marking,1
283259043874638,construction--barrier--curb,1
283259043874638,construction--barrier--fence,6
283259043874638,construction--structure--building,16
283259043874638,object--wire-group,8
283259043874638,void--ego-vehicle,7
283259043874638,construction--barrier--road-side,3
283259043874638,construction--flat--sidewalk,6
283259043874638,construction--flat--road,1
283259043874638,void--unlabeled,61
283259043874638,human--person--individual,1
283259043874638,object--support--utility-pole,1
283259043874638,object--vehicle--car,1
283259043874638,object--traffic-sign--front,1
283259043874638,object--sign--advertisement,2
716400406608337,construction--barrier--curb,17
716400406608337,construction--barrier--fence,22
716400406608337,construction--flat--road,33
716400406608337,construction--flat--sidewalk,24
716400406608337,construction--structure--building,56
716400406608337,nature--sky,36
716400406608337,nature--terrain,15
716400406608337,nature--vegetation,12
716400406608337,object--wire-group,32
716400406608337,void--dynamic,12
716400406608337,void--ego-vehicle,3
716400406608337,void--ground,43
716400406608337,void--unlabeled,321
716400406608337,object--sign--advertisement,6
716400406608337,object--vehicle--car,22
716400406608337,object--sign--store,10
716400406608337,object--street-light,4
716400406608337,human--person--individual,26
716400406608337,object--vehicle--other-vehicle,1
716400406608337,object--support--pole,17
716400406608337,object--support--utility-pole,9
716400406608337,human--rider--motorcyclist,1
716400406608337,object--vehicle--motorcycle,1
716400406608337,object--traffic-sign--front,1
716400406608337,object--trash-can,1
2643852975756894,construction--barrier--curb,8
2643852975756894,construction--barrier--fence,11
2643852975756894,construction--flat--road,13
2643852975756894,construction--flat--sidewalk,14
2643852975756894,construction--barrier--wall,1
2643852975756894,construction--flat--traffic-island,4
2643852975756894,construction--structure--building,48
2643852975756894,nature--sky,21
2643852975756894,nature--vegetation,9
2643852975756894,object--wire-group,27
2643852975756894,void--ego-vehicle,1
2643852975756894,void--unlabeled,199
2643852975756894,object--support--utility-pole,11
2643852975756894,object--vehicle--car,10
2643852975756894,human--person--individual,9
2643852975756894,object--vehicle--truck,3
2643852975756894,object--street-light,7
2643852975756894,object--sign--advertisement,2
2643852975756894,human--rider--motorcyclist,2
2643852975756894,object--vehicle--motorcycle,1
2643852975756894,object--support--pole,5
2643852975756894,animal--bird,1
2643852975756894,object--trash-can,1
193035300025085,construction--flat--sidewalk,7
193035300025085,construction--structure--building,21
193035300025085,nature--sky,18
193035300025085,construction--barrier--curb,5
193035300025085,construction--flat--road,1
193035300025085,object--wire-group,9
193035300025085,void--ego-vehicle,2
193035300025085,void--unlabeled,120
193035300025085,object--vehicle--car,2
193035300025085,human--person--individual,2
193035300025085,object--sign--store,7
193035300025085,object--street-light,2
193035300025085,object--support--utility-pole,3
193035300025085,object--vehicle--truck,1
193035300025085,object--sign--advertisement,1
312371670298278,object--support--pole,1
1034634470400616,object--sign--store,1
1034634470400616,object--sign--advertisement,2
1934248343582497,construction--barrier--fence,5
1934248343582497,construction--structure--building,19
1934248343582497,construction--flat--sidewalk,2
1934248343582497,construction--flat--road,1
1934248343582497,nature--sky,20
1934248343582497,construction--barrier--curb,9
1934248343582497,object--wire-group,16
1934248343582497,void--dynamic,3
1934248343582497,void--ego-vehicle,2
1934248343582497,void--ground,7
1934248343582497,void--unlabeled,69
1934248343582497,object--street-light,1
1934248343582497,object--support--utility-pole,3
1934248343582497,object--vehicle--car,1
1934248343582497,object--vehicle--truck,1
1934248343582497,human--person--individual,1
1934248343582497,construction--flat--driveway,1
1300529303829252,construction--barrier--curb,18
1300529303829252,construction--flat--road,20
1300529303829252,construction--flat--sidewalk,15
1300529303829252,construction--flat--traffic-island,4
1300529303829252,construction--structure--building,38
1300529303829252,nature--sky,34
1300529303829252,nature--vegetation,17
1300529303829252,object--wire-group,30
1300529303829252,void--ego-vehicle,1
1300529303829252,void--ground,10
1300529303829252,void--static,12
1300529303829252,void--unlabeled,179
1300529303829252,object--sign--store,8
1300529303829252,object--vehicle--car,9
1300529303829252,human--person--individual,4
1300529303829252,object--support--pole,9
1300529303829252,object--vehicle--truck,1
1300529303829252,object--street-light,7
1300529303829252,object--support--utility-pole,7
1300529303829252,object--banner,1
1300529303829252,object--manhole,2
1300529303829252,object--vehicle--motorcycle,1
1300529303829252,object--trash-can,1
1300529303829252,human--rider--motorcyclist,1
1300529303829252,object--sign--advertisement,1
1300529303829252,construction--flat--driveway,1
2106023473121658,construction--flat--sidewalk,5
2106023473121658,construction--structure--building,23
2106023473121658,construction--flat--road,1
2106023473121658,construction--barrier--curb,5
2106023473121658,nature--sky,23
2106023473121658,nature--vegetation,1
2106023473121658,object--wire-group,17
2106023473121658,void--ego-vehicle,1
2106023473121658,void--unlabeled,145
2106023473121658,human--person--individual,2
2106023473121658,object--vehicle--car,2
2106023473121658,object--sign--store,6
2106023473121658,object--vehicle--other-vehicle,1
2106023473121658,object--support--utility-pole,4
2106023473121658,object--sign--advertisement,2
2106023473121658,object--vehicle--motorcycle,1
2106023473121658,object--street-light,3
2106023473121658,object--banner,1
2106023473121658,object--support--pole,2
181917997902320,construction--barrier--curb,18
181917997902320,construction--flat--road,22
181917997902320,construction--flat--sidewalk,13
181917997902320,construction--flat--traffic-island,3
181917997902320,construction--structure--building,58
181917997902320,nature--sky,15
181917997902320,nature--vegetation,25
181917997902320,object--wire-group,36
181917997902320,void--dynamic,18
181917997902320,void--ego-vehicle,1
181917997902320,void--ground,16
181917997902320,void--unlabeled,250
181917997902320,object--vehicle--car,22
181917997902320,human--person--individual,6
181917997902320,object--vehicle--motorcycle,1
181917997902320,object--vehicle--truck,3
181917997902320,object--street-light,7
181917997902320,object--vehicle--other-vehicle,5
181917997902320,object--support--utility-pole,9
181917997902320,marking--discrete--crosswalk-zebra,1
181917997902320,object--support--pole,8
181917997902320,object--sign--store,4
181917997902320,object--sign--advertisement,5
181917997902320,human--rider--motorcyclist,1
181917997902320,object--trash-can,2
181917997902320,object--manhole,1
181917997902320,object--catch-basin,1
181917997902320,object--banner,1
181917997902320,marking--discrete--stop-line,1
175420581142593,object--sign--store,2
175420581142593,object--support--pole,1
175420581142593,object--sign--advertisement,1
4840268416049786,construction--barrier--curb,8
4840268416049786,construction--barrier--fence,6
4840268416049786,construction--flat--road,4
4840268416049786,construction--flat--sidewalk,4
4840268416049786,construction--structure--building,27
4840268416049786,construction--flat--parking,1
4840268416049786,nature--mountain,8
4840268416049786,nature--sky,7
4840268416049786,nature--vegetation,11
4840268416049786,object--wire-group,21
4840268416049786,void--ground,3
4840268416049786,void--static,11
4840268416049786,void--unlabeled,84
4840268416049786,object--vehicle--car,6
4840268416049786,object--street-light,3
4840268416049786,object--support--utility-pole,5
4840268416049786,object--support--pole,1
4840268416049786,object--vehicle--truck,1
4840268416049786,object--vehicle--other-vehicle,1
4840268416049786,marking--discrete--stop-line,1
168025738903441,construction--barrier--curb,8
168025738903441,construction--barrier--fence,12
168025738903441,construction--flat--road,6
168025738903441,construction--structure--building,28
168025738903441,construction--flat--sidewalk,5
168025738903441,construction--barrier--wall,3
168025738903441,nature--sky,6
168025738903441,nature--vegetation,17
168025738903441,void--car-mount,8
168025738903441,void--dynamic,25
168025738903441,void--ego-vehicle,4
168025738903441,void--static,13
168025738903441,void--unlabeled,97
168025738903441,human--person--individual,4
168025738903441,object--vehicle--car,1
168025738903441,object--traffic-sign--front,1
168025738903441,object--support--utility-pole,3
168025738903441,object--sign--advertisement,2
168025738903441,object--bench,1
168025738903441,object--sign--store,1
168025738903441,object--street-light,1
168025738903441,object--sign--information,1
168025738903441,object--support--pole,1
140104718135325,object--sign--advertisement,2
510837636708758,construction--flat--driveway,1
510837636708758,object--support--utility-pole,2
510837636708758,object--sign--store,2
510837636708758,object--street-light,1
3820958878008885,object--sign--store,1
3820958878008885,object--sign--advertisement,2
140660161378455,object--sign--store,1
229452399488897,construction--barrier--curb,13
229452399488897,construction--barrier--fence,7
229452399488897,construction--flat--road,14
229452399488897,construction--flat--sidewalk,9
229452399488897,construction--structure--building,46
229452399488897,construction--flat--traffic-island,1
229452399488897,nature--sky,14
229452399488897,nature--vegetation,7
229452399488897,object--wire-group,15
229452399488897,void--ego-vehicle,1
229452399488897,void--ground,10
229452399488897,void--unlabeled,177
229452399488897,object--vehicle--car,14
229452399488897,object--sign--store,4
229452399488897,object--sign--advertisement,2
229452399488897,object--street-light,6
229452399488897,object--vehicle--motorcycle,2
229452399488897,human--person--individual,3
229452399488897,object--support--pole,3
229452399488897,human--rider--motorcyclist,2
229452399488897,object--support--utility-pole,4
229452399488897,object--vehicle--bus,1
229452399488897,object--banner,1
229452399488897,object--trash-can,1
164785699714928,construction--barrier--curb,19
164785699714928,construction--barrier--wall,13
164785699714928,construction--barrier--fence,16
164785699714928,construction--flat--road,18
164785699714928,construction--flat--sidewalk,15
164785699714928,construction--structure--building,47
164785699714928,construction--flat--traffic-island,2
164785699714928,nature--sky,19
164785699714928,nature--vegetation,14
164785699714928,object--wire-group,23
164785699714928,void--ego-vehicle,1
164785699714928,void--unlabeled,208
164785699714928,object--vehicle--car,9
164785699714928,human--person--individual,11
164785699714928,object--vehicle--truck,2
164785699714928,object--vehicle--motorcycle,2
164785699714928,object--support--utility-pole,11
164785699714928,object--street-light,9
164785699714928,human--rider--motorcyclist,2
164785699714928,object--support--pole,5
164785699714928,object--sign--store,2
164785699714928,marking--discrete--crosswalk-zebra,1
216497017589129,construction--barrier--curb,10
216497017589129,construction--flat--road,13
216497017589129,construction--barrier--fence,7
216497017589129,construction--flat--traffic-island,1
216497017589129,construction--structure--building,37
216497017589129,nature--sky,23
216497017589129,nature--vegetation,5
216497017589129,object--wire-group,14
216497017589129,void--ego-vehicle,2
216497017589129,void--ground,4
216497017589129,void--unlabeled,191
216497017589129,object--vehicle--car,15
216497017589129,object--street-light,5
216497017589129,object--sign--advertisement,2
216497017589129,object--sign--store,3
216497017589129,human--person--individual,2
216497017589129,object--vehicle--truck,1
216497017589129,object--vehicle--motorcycle,2
216497017589129,object--support--pole,3
216497017589129,human--rider--motorcyclist,2
216497017589129,object--support--utility-pole,5
216497017589129,object--traffic-sign--back,2
216497017589129,object--junction-box,1
742870050759485,construction--barrier--curb,12
742870050759485,construction--flat--curb-cut,1
742870050759485,construction--flat--road,5
742870050759485,construction--flat--sidewalk,13
742870050759485,construction--structure--building,22
742870050759485,nature--sky,17
742870050759485,nature--vegetation,6
742870050759485,object--wire-group,11
742870050759485,void--ego-vehicle,1
742870050759485,void--unlabeled,124
742870050759485,object--vehicle--car,5
742870050759485,object--support--utility-pole,2
742870050759485,object--sign--store,3
742870050759485,object--street-light,2
742870050759485,object--sign--advertisement,6
742870050759485,object--support--pole,1
742870050759485,marking--discrete--crosswalk-zebra,1
742870050759485,object--manhole,1
742870050759485,object--banner,1
742870050759485,human--person--individual,2
3058135637786046,construction--barrier--fence,15
3058135637786046,construction--barrier--wall,9
3058135637786046,construction--flat--sidewalk,8
3058135637786046,construction--structure--building,22
3058135637786046,construction--barrier--curb,4
3058135637786046,construction--flat--road,12
3058135637786046,nature--sky,16
3058135637786046,nature--vegetation,6
3058135637786046,object--wire-group,23
3058135637786046,void--ground,7
3058135637786046,void--static,20
3058135637786046,void--unlabeled,37
3058135637786046,object--support--utility-pole,3
3058135637786046,object--street-light,1
3058135637786046,construction--flat--driveway,1
199953215970404,construction--structure--building,15
199953215970404,construction--flat--sidewalk,5
199953215970404,nature--sky,10
199953215970404,object--wire-group,15
199953215970404,construction--flat--road,3
199953215970404,construction--barrier--fence,2
199953215970404,void--ego-vehicle,2
199953215970404,void--ground,8
199953215970404,void--unlabeled,96
199953215970404,object--vehicle--car,2
199953215970404,object--sign--store,1
199953215970404,object--support--utility-pole,3
199953215970404,object--support--pole,1
199953215970404,object--vehicle--truck,1
199953215970404,object--street-light,2
199953215970404,object--sign--advertisement,1
199953215970404,object--traffic-sign--direction-front,1
1860877867645422,construction--barrier--fence,13
1860877867645422,construction--barrier--curb,15
1860877867645422,construction--flat--road,8
1860877867645422,construction--flat--sidewalk,13
1860877867645422,construction--structure--building,42
1860877867645422,marking--continuous--solid,3
1860877867645422,nature--sky,15
1860877867645422,nature--vegetation,4
1860877867645422,object--wire-group,20
1860877867645422,void--ego-vehicle,3
1860877867645422,void--static,13
1860877867645422,void--unlabeled,146
1860877867645422,human--person--individual,4
1860877867645422,object--street-light,3
1860877867645422,object--vehicle--car,2
1860877867645422,object--sign--advertisement,1
1860877867645422,object--vehicle--truck,1
1860877867645422,marking--discrete--crosswalk-zebra,1
1860877867645422,object--traffic-sign--front,1
1860877867645422,object--support--pole,3
1860877867645422,object--support--utility-pole,3
1860877867645422,marking--discrete--other-marking,1
488782059141560,object--support--pole,1
213545131339964,construction--structure--building,25
213545131339964,nature--sky,12
213545131339964,construction--flat--sidewalk,4
213545131339964,object--wire-group,11
213545131339964,construction--flat--road,1
213545131339964,construction--barrier--fence,1
213545131339964,void--ego-vehicle,2
213545131339964,void--ground,8
213545131339964,void--unlabeled,67
213545131339964,object--vehicle--truck,2
213545131339964,object--support--utility-pole,2
213545131339964,object--vehicle--car,1
213545131339964,object--street-light,1
213545131339964,object--banner,2
213545131339964,object--support--pole,1
213545131339964,object--sign--store,1
595265242480607,construction--barrier--curb,21
595265242480607,construction--barrier--fence,22
595265242480607,construction--flat--road,10
595265242480607,construction--flat--sidewalk,9
595265242480607,construction--flat--traffic-island,1
595265242480607,construction--structure--building,45
595265242480607,nature--sky,22
595265242480607,nature--vegetation,14
595265242480607,object--wire-group,18
595265242480607,void--ego-vehicle,1
595265242480607,void--static,14
595265242480607,void--unlabeled,175
595265242480607,object--vehicle--truck,2
595265242480607,object--vehicle--car,7
595265242480607,human--person--individual,8
595265242480607,object--support--utility-pole,8
595265242480607,object--vehicle--other-vehicle,1
595265242480607,object--street-light,9
595265242480607,object--manhole,1
595265242480607,object--sign--advertisement,2
595265242480607,human--rider--motorcyclist,2
595265242480607,object--vehicle--motorcycle,1
595265242480607,object--support--pole,2
595265242480607,object--bench,1
595265242480607,object--traffic-sign--front,1
595265242480607,animal--bird,1
1329281151187509,construction--barrier--curb,17
1329281151187509,construction--flat--sidewalk,18
1329281151187509,construction--flat--road,11
1329281151187509,construction--flat--traffic-island,3
1329281151187509,construction--structure--building,37
1329281151187509,nature--sky,29
1329281151187509,nature--vegetation,9
1329281151187509,object--wire-group,16
1329281151187509,void--ego-vehicle,3
1329281151187509,void--ground,10
1329281151187509,void--static,16
1329281151187509,void--unlabeled,177
1329281151187509,object--vehicle--car,10
1329281151187509,human--person--individual,3
1329281151187509,object--street-light,7
1329281151187509,object--sign--store,6
1329281151187509,object--sign--advertisement,4
1329281151187509,object--manhole,2
1329281151187509,object--support--utility-pole,7
1329281151187509,human--rider--motorcyclist,1
1329281151187509,object--vehicle--motorcycle,2
1329281151187509,object--junction-box,1
1329281151187509,object--support--pole,5
1329281151187509,object--vehicle--truck,2
1329281151187509,object--sign--information,1
677247570397344,construction--flat--road,5
677247570397344,construction--flat--sidewalk,3
677247570397344,construction--structure--building,18
677247570397344,object--wire-group,9
677247570397344,nature--sky,10
677247570397344,void--ego-vehicle,5
677247570397344,void--static,9
677247570397344,void--unlabeled,30
677247570397344,object--support--pole,1
677247570397344,object--sign--advertisement,2
677247570397344,object--vehicle--bus,1
677247570397344,object--banner,1
677247570397344,object--parking-meter,1
623110028914247,construction--barrier--fence,5
623110028914247,construction--barrier--wall,11
623110028914247,construction--flat--road,13
623110028914247,construction--flat--sidewalk,8
623110028914247,construction--structure--building,22
623110028914247,nature--sky,26
623110028914247,nature--vegetation,4
623110028914247,object--wire-group,31
623110028914247,void--dynamic,6
623110028914247,void--ground,3
623110028914247,void--static,20
623110028914247,void--unlabeled,79
623110028914247,object--vehicle--car,1
623110028914247,object--sign--store,1
623110028914247,object--vehicle--motorcycle,1
623110028914247,object--street-light,2
623110028914247,object--support--utility-pole,5
623110028914247,object--support--pole,1
623110028914247,object--vehicle--truck,1
623110028914247,object--sign--advertisement,1
623110028914247,object--traffic-sign--back,1
597269048587237,construction--barrier--curb,16
597269048587237,construction--flat--road,37
597269048587237,construction--barrier--fence,25
597269048587237,construction--flat--sidewalk,16
597269048587237,construction--structure--building,48
597269048587237,nature--sky,34
597269048587237,nature--vegetation,12
597269048587237,object--wire-group,27
597269048587237,void--dynamic,36
597269048587237,void--ego-vehicle,3
597269048587237,void--ground,40
597269048587237,void--static,30
597269048587237,void--unlabeled,350
597269048587237,object--vehicle--other-vehicle,8
597269048587237,object--vehicle--car,20
597269048587237,human--person--individual,23
597269048587237,object--support--utility-pole,8
597269048587237,object--street-light,7
597269048587237,object--support--pole,11
597269048587237,object--sign--store,12
597269048587237,object--sign--advertisement,5
597269048587237,object--traffic-sign--front,2
4590057137675286,object--support--utility-pole,1
742274524132465,construction--barrier--curb,22
742274524132465,construction--barrier--fence,12
742274524132465,construction--flat--road,21
742274524132465,construction--flat--sidewalk,11
742274524132465,construction--flat--traffic-island,6
742274524132465,construction--structure--building,43
742274524132465,nature--sky,19
742274524132465,nature--terrain,4
742274524132465,nature--vegetation,13
742274524132465,object--wire-group,26
742274524132465,void--dynamic,13
742274524132465,void--ego-vehicle,3
742274524132465,void--unlabeled,196
742274524132465,object--support--utility-pole,10
742274524132465,object--vehicle--car,9
742274524132465,object--vehicle--motorcycle,1
742274524132465,human--person--individual,7
742274524132465,object--street-light,6
742274524132465,object--support--pole,9
742274524132465,object--sign--store,1
742274524132465,human--rider--motorcyclist,1
742274524132465,object--sign--advertisement,1
282736773925834,construction--barrier--curb,4
282736773925834,construction--flat--road,4
282736773925834,construction--structure--building,9
282736773925834,object--wire-group,4
282736773925834,construction--flat--sidewalk,2
282736773925834,void--unlabeled,26
282736773925834,construction--barrier--wall,10
282736773925834,void--ground,2
282736773925834,object--vehicle--car,1
209381628348721,construction--structure--building,17
209381628348721,nature--sky,13
209381628348721,void--dynamic,5
209381628348721,object--wire-group,10
209381628348721,construction--flat--road,6
209381628348721,void--ego-vehicle,2
209381628348721,void--ground,2
209381628348721,void--static,11
209381628348721,void--unlabeled,73
209381628348721,object--vehicle--car,3
209381628348721,object--sign--store,3
209381628348721,human--person--individual,2
209381628348721,object--sign--advertisement,3
209381628348721,object--support--utility-pole,1
209381628348721,object--support--pole,1
209381628348721,object--catch-basin,1
723472625925758,construction--barrier--curb,10
723472625925758,construction--flat--road,18
723472625925758,construction--flat--sidewalk,10
723472625925758,construction--structure--building,44
723472625925758,construction--flat--traffic-island,2
723472625925758,nature--sky,24
723472625925758,nature--vegetation,8
723472625925758,object--wire-group,26
723472625925758,void--ego-vehicle,2
723472625925758,void--unlabeled,203
723472625925758,object--vehicle--truck,3
723472625925758,object--vehicle--car,11
723472625925758,object--street-light,9
723472625925758,human--person--individual,8
723472625925758,object--support--pole,4
723472625925758,object--sign--advertisement,4
723472625925758,object--support--utility-pole,7
723472625925758,human--rider--motorcyclist,3
723472625925758,object--sign--store,2
723472625925758,object--vehicle--motorcycle,1
723472625925758,object--vehicle--bus,1
170155489143296,construction--flat--road,4
170155489143296,construction--flat--sidewalk,5
170155489143296,construction--structure--building,21
170155489143296,nature--sand,3
170155489143296,nature--sky,18
170155489143296,object--wire-group,17
170155489143296,void--ego-vehicle,4
170155489143296,void--ground,6
170155489143296,void--static,9
170155489143296,void--unlabeled,74
170155489143296,human--person--individual,1
170155489143296,object--sign--advertisement,2
170155489143296,object--street-light,3
170155489143296,animal--bird,1
170155489143296,object--support--utility-pole,4
170155489143296,object--support--pole,2
170155489143296,object--manhole,1
170155489143296,object--sign--store,1
1375607176341615,construction--barrier--curb,26
1375607176341615,construction--barrier--fence,12
1375607176341615,construction--flat--road,18
1375607176341615,construction--flat--sidewalk,15
1375607176341615,construction--flat--traffic-island,7
1375607176341615,construction--structure--building,29
1375607176341615,nature--sky,48
1375607176341615,nature--terrain,12
1375607176341615,nature--vegetation,34
1375607176341615,object--wire-group,26
1375607176341615,void--ego-vehicle,2
1375607176341615,void--static,17
1375607176341615,void--unlabeled,209
1375607176341615,object--sign--store,7
1375607176341615,object--trash-can,2
1375607176341615,object--vehicle--car,17
1375607176341615,object--support--utility-pole,3
1375607176341615,human--person--individual,4
1375607176341615,object--support--pole,6
1375607176341615,object--street-light,1
1375607176341615,object--traffic-sign--direction-front,1
1375607176341615,object--sign--advertisement,3
1375607176341615,object--vehicle--truck,1
594717942532131,construction--barrier--curb,25
594717942532131,construction--barrier--fence,15
594717942532131,construction--flat--road,32
594717942532131,construction--flat--sidewalk,16
594717942532131,construction--flat--traffic-island,5
594717942532131,construction--structure--building,61
594717942532131,nature--sky,17
594717942532131,nature--terrain,5
594717942532131,nature--vegetation,19
594717942532131,object--wire-group,24
594717942532131,void--dynamic,15
594717942532131,void--ego-vehicle,1
594717942532131,void--static,10
594717942532131,void--unlabeled,202
594717942532131,object--vehicle--car,7
594717942532131,object--support--utility-pole,12
594717942532131,human--person--individual,9
594717942532131,object--vehicle--motorcycle,1
594717942532131,object--street-light,8
594717942532131,object--vehicle--truck,1
594717942532131,object--sign--store,2
594717942532131,human--rider--motorcyclist,1
594717942532131,object--support--pole,3
594717942532131,object--traffic-sign--temporary-front,1
594717942532131,object--vehicle--other-vehicle,1
469261094338664,object--support--pole,1
469261094338664,object--support--utility-pole,1
603439097925240,construction--barrier--curb,17
603439097925240,construction--flat--road,14
603439097925240,construction--flat--sidewalk,5
603439097925240,construction--flat--traffic-island,2
603439097925240,construction--structure--building,34
603439097925240,nature--sky,20
603439097925240,nature--vegetation,10
603439097925240,object--wire-group,17
603439097925240,void--ego-vehicle,1
603439097925240,void--ground,11
603439097925240,void--unlabeled,188
603439097925240,object--vehicle--car,11
603439097925240,object--vehicle--truck,2
603439097925240,object--vehicle--other-vehicle,1
603439097925240,object--street-light,5
603439097925240,object--support--utility-pole,6
603439097925240,object--sign--store,2
603439097925240,object--sign--advertisement,1
603439097925240,human--person--individual,3
603439097925240,object--vehicle--motorcycle,2
603439097925240,human--rider--motorcyclist,2
603439097925240,object--support--pole,7
726774432455438,construction--flat--sidewalk,7
726774432455438,construction--flat--road,4
726774432455438,construction--structure--building,23
726774432455438,construction--barrier--curb,6
726774432455438,nature--sky,17
726774432455438,nature--vegetation,6
726774432455438,object--wire-group,13
726774432455438,void--ego-vehicle,2
726774432455438,void--static,12
726774432455438,void--unlabeled,137
726774432455438,object--vehicle--car,3
726774432455438,object--vehicle--motorcycle,1
726774432455438,object--support--utility-pole,4
726774432455438,object--street-light,2
726774432455438,object--sign--store,4
726774432455438,object--sign--advertisement,1
726774432455438,object--banner,1
726774432455438,object--support--pole,1
726774432455438,human--rider--motorcyclist,1
726774432455438,human--person--individual,1
533418847820416,object--sign--store,1
533418847820416,object--support--utility-pole,1
3707374552823186,construction--barrier--curb,18
3707374552823186,construction--barrier--fence,12
3707374552823186,construction--barrier--wall,5
3707374552823186,construction--flat--road,17
3707374552823186,construction--flat--sidewalk,10
3707374552823186,construction--flat--traffic-island,4
3707374552823186,construction--structure--building,52
3707374552823186,nature--sky,21
3707374552823186,nature--vegetation,11
3707374552823186,object--wire-group,29
3707374552823186,void--unlabeled,175
3707374552823186,void--ego-vehicle,2
3707374552823186,object--vehicle--car,12
3707374552823186,object--support--utility-pole,10
3707374552823186,human--person--individual,8
3707374552823186,object--vehicle--truck,2
3707374552823186,object--street-light,8
3707374552823186,object--sign--advertisement,4
3707374552823186,object--bench,1
3707374552823186,object--support--pole,6
3707374552823186,object--vehicle--motorcycle,1
3707374552823186,human--rider--motorcyclist,1
744094134095578,construction--barrier--curb,13
744094134095578,construction--barrier--fence,12
744094134095578,construction--flat--road,17
744094134095578,construction--flat--traffic-island,1
744094134095578,construction--flat--sidewalk,5
744094134095578,construction--structure--building,45
744094134095578,nature--sky,17
744094134095578,nature--vegetation,14
744094134095578,object--wire-group,33
744094134095578,void--dynamic,5
744094134095578,void--ego-vehicle,3
744094134095578,void--unlabeled,188
744094134095578,object--vehicle--car,12
744094134095578,human--person--individual,8
744094134095578,object--support--utility-pole,10
744094134095578,object--vehicle--truck,2
744094134095578,object--street-light,7
744094134095578,human--rider--motorcyclist,2
744094134095578,object--vehicle--motorcycle,2
744094134095578,object--manhole,1
744094134095578,object--support--pole,4
744094134095578,marking--discrete--crosswalk-zebra,1
744094134095578,object--traffic-sign--front,1
744094134095578,object--catch-basin,1
744094134095578,object--sign--store,1
744094134095578,object--vehicle--bus,1
744094134095578,object--sign--advertisement,1
712270696424721,construction--flat--road,6
712270696424721,construction--barrier--curb,2
712270696424721,construction--flat--sidewalk,10
712270696424721,construction--structure--building,32
712270696424721,nature--mountain,1
712270696424721,nature--sky,7
712270696424721,nature--vegetation,1
712270696424721,object--wire-group,9
712270696424721,void--dynamic,25
712270696424721,void--ground,5
712270696424721,void--static,21
712270696424721,void--unlabeled,78
712270696424721,human--person--individual,6
712270696424721,object--vehicle--car,1
712270696424721,object--support--utility-pole,2
712270696424721,object--sign--advertisement,1
712270696424721,object--support--pole,2
653040439229341,construction--barrier--curb,3
653040439229341,construction--flat--road,1
653040439229341,construction--flat--sidewalk,4
653040439229341,construction--structure--building,10
653040439229341,nature--sky,7
653040439229341,object--wire-group,12
653040439229341,void--dynamic,6
653040439229341,void--ground,4
653040439229341,void--static,10
653040439229341,void--unlabeled,28
653040439229341,human--person--individual,3
653040439229341,object--vehicle--car,1
653040439229341,object--sign--advertisement,1
737580321314777,construction--barrier--curb,16
737580321314777,construction--barrier--fence,10
737580321314777,construction--flat--curb-cut,8
737580321314777,construction--flat--road,6
737580321314777,construction--flat--sidewalk,11
737580321314777,construction--structure--building,37
737580321314777,nature--mountain,3
737580321314777,nature--sky,11
737580321314777,nature--vegetation,7
737580321314777,object--wire-group,9
737580321314777,void--dynamic,13
737580321314777,void--ego-vehicle,2
737580321314777,void--unlabeled,161
737580321314777,object--vehicle--car,7
737580321314777,object--support--utility-pole,5
737580321314777,human--person--individual,5
737580321314777,object--street-light,5
737580321314777,marking--discrete--crosswalk-zebra,1
737580321314777,object--sign--advertisement,2
737580321314777,object--sign--store,2
737580321314777,object--manhole,1
737580321314777,object--junction-box,1
737580321314777,object--support--pole,2
737580321314777,object--vehicle--bus,1
730344332210670,construction--barrier--fence,6
730344332210670,construction--barrier--curb,8
730344332210670,construction--barrier--wall,4
730344332210670,construction--flat--road,8
730344332210670,construction--flat--sidewalk,5
730344332210670,construction--structure--building,23
730344332210670,nature--sky,10
730344332210670,nature--vegetation,6
730344332210670,object--wire-group,13
730344332210670,void--ego-vehicle,1
730344332210670,void--unlabeled,89
730344332210670,human--person--individual,3
730344332210670,object--sign--store,3
730344332210670,object--support--utility-pole,3
730344332210670,marking--discrete--crosswalk-zebra,1
730344332210670,object--vehicle--other-vehicle,1
730344332210670,object--vehicle--motorcycle,1
730344332210670,object--sign--advertisement,2
730344332210670,object--junction-box,1
730344332210670,object--vehicle--car,1
730344332210670,human--rider--motorcyclist,1
1970182239985158,construction--barrier--fence,4
1970182239985158,construction--flat--road,11
1970182239985158,construction--structure--building,11
1970182239985158,construction--flat--sidewalk,10
1970182239985158,nature--sky,18
1970182239985158,object--wire-group,21
1970182239985158,void--ego-vehicle,2
1970182239985158,void--ground,4
1970182239985158,void--unlabeled,73
1970182239985158,object--vehicle--truck,1
1970182239985158,object--traffic-sign--direction-front,1
1970182239985158,object--support--utility-pole,3
1970182239985158,object--street-light,1
2547719038718139,construction--barrier--curb,4
2547719038718139,construction--flat--road,4
2547719038718139,construction--flat--sidewalk,3
2547719038718139,construction--structure--building,17
2547719038718139,nature--sky,9
2547719038718139,object--wire-group,14
2547719038718139,construction--barrier--fence,2
2547719038718139,nature--vegetation,2
2547719038718139,void--ego-vehicle,3
2547719038718139,void--ground,7
2547719038718139,void--static,8
2547719038718139,void--unlabeled,54
2547719038718139,object--sign--advertisement,2
2547719038718139,object--vehicle--car,4
2547719038718139,object--support--utility-pole,1
2547719038718139,object--street-light,1
2547719038718139,object--traffic-sign--back,1
2547719038718139,object--sign--store,1
168152812649302,construction--barrier--fence,6
168152812649302,construction--flat--road,7
168152812649302,construction--flat--sidewalk,7
168152812649302,construction--structure--building,14
168152812649302,nature--sky,14
168152812649302,nature--mountain,2
168152812649302,nature--vegetation,10
168152812649302,object--wire-group,22
168152812649302,void--ground,7
168152812649302,void--ego-vehicle,1
168152812649302,void--unlabeled,177
168152812649302,object--vehicle--car,10
168152812649302,object--sign--advertisement,4
168152812649302,object--support--utility-pole,9
168152812649302,object--vehicle--truck,4
168152812649302,object--vehicle--other-vehicle,4
168152812649302,object--street-light,5
168152812649302,object--junction-box,1
168152812649302,object--support--pole,2
168152812649302,object--manhole,1
663232535560875,construction--barrier--curb,11
663232535560875,construction--barrier--fence,34
663232535560875,construction--barrier--wall,5
663232535560875,construction--flat--road,7
663232535560875,construction--structure--building,28
663232535560875,nature--mountain,5
663232535560875,nature--sky,30
663232535560875,nature--vegetation,9
663232535560875,object--wire-group,22
663232535560875,void--ego-vehicle,2
663232535560875,void--ground,9
663232535560875,void--static,7
663232535560875,void--unlabeled,129
663232535560875,object--vehicle--car,6
663232535560875,object--vehicle--truck,2
663232535560875,object--street-light,1
663232535560875,object--support--utility-pole,9
663232535560875,object--support--pole,2
663232535560875,object--banner,1
663232535560875,object--vehicle--other-vehicle,1
763589894921043,construction--barrier--curb,21
763589894921043,construction--flat--parking,11
763589894921043,construction--barrier--wall,7
763589894921043,construction--flat--parking-aisle,3
763589894921043,construction--flat--road,8
763589894921043,construction--flat--sidewalk,14
763589894921043,construction--structure--building,14
763589894921043,nature--sky,11
763589894921043,object--wire-group,10
763589894921043,void--ego-vehicle,1
763589894921043,void--static,13
763589894921043,void--unlabeled,85
763589894921043,object--traffic-cone,1
763589894921043,object--vehicle--car,4
763589894921043,object--traffic-sign--direction-front,2
763589894921043,object--support--pole,3
763589894921043,object--street-light,6
763589894921043,marking--discrete--other-marking,2
763589894921043,object--support--utility-pole,2
763589894921043,object--sign--information,1
763589894921043,object--sign--advertisement,1
202078009166636,construction--barrier--curb,25
202078009166636,construction--flat--road,27
202078009166636,construction--flat--sidewalk,16
202078009166636,construction--flat--traffic-island,11
202078009166636,construction--structure--building,30
202078009166636,nature--sky,14
202078009166636,nature--terrain,11
202078009166636,nature--vegetation,18
202078009166636,object--wire-group,17
202078009166636,void--ego-vehicle,2
202078009166636,void--ground,16
202078009166636,void--unlabeled,222
202078009166636,object--vehicle--car,14
202078009166636,human--person--individual,6
202078009166636,object--support--pole,11
202078009166636,object--street-light,9
202078009166636,object--support--utility-pole,7
202078009166636,object--sign--store,1
202078009166636,object--vehicle--other-vehicle,1
202078009166636,object--banner,1
202078009166636,object--junction-box,1
202078009166636,object--traffic-sign--temporary-front,1
202078009166636,object--vehicle--truck,1
202078009166636,construction--flat--driveway,1
202078009166636,object--sign--advertisement,1
1410212073103181,construction--barrier--curb,10
1410212073103181,construction--flat--parking,6
1410212073103181,construction--flat--road,13
1410212073103181,construction--flat--sidewalk,16
1410212073103181,construction--flat--traffic-island,8
1410212073103181,construction--structure--building,45
1410212073103181,nature--sky,46
1410212073103181,nature--terrain,6
1410212073103181,nature--vegetation,15
1410212073103181,object--wire-group,38
1410212073103181,void--ego-vehicle,2
1410212073103181,void--ground,11
1410212073103181,void--unlabeled,287
1410212073103181,object--vehicle--car,12
1410212073103181,human--person--individual,10
1410212073103181,object--street-light,8
1410212073103181,object--support--utility-pole,14
1410212073103181,object--support--pole,3
1410212073103181,object--sign--advertisement,4
1410212073103181,object--sign--store,7
1410212073103181,object--vehicle--truck,1
1410212073103181,animal--bird,1
1410212073103181,object--vehicle--other-vehicle,1
1410212073103181,object--traffic-sign--back,1
584086016730752,construction--barrier--curb,5
584086016730752,construction--barrier--fence,2
584086016730752,construction--flat--parking,6
584086016730752,construction--flat--road,12
584086016730752,construction--flat--traffic-island,3
584086016730752,construction--flat--sidewalk,7
584086016730752,construction--structure--building,30
584086016730752,nature--sky,13
584086016730752,nature--terrain,5
584086016730752,nature--vegetation,9
584086016730752,object--wire-group,11
584086016730752,void--ego-vehicle,2
584086016730752,void--ground,6
584086016730752,void--unlabeled,174
584086016730752,object--support--utility-pole,6
584086016730752,object--vehicle--car,13
584086016730752,human--person--individual,2
584086016730752,object--street-light,5
584086016730752,object--vehicle--truck,1
584086016730752,object--sign--store,1
584086016730752,object--sign--advertisement,3
584086016730752,object--vehicle--motorcycle,1
584086016730752,object--support--pole,5
584086016730752,animal--bird,1
1209836796301501,construction--barrier--fence,8
1209836796301501,construction--flat--parking,3
1209836796301501,construction--flat--sidewalk,10
1209836796301501,construction--flat--road,2
1209836796301501,construction--structure--building,22
1209836796301501,construction--barrier--wall,5
1209836796301501,nature--sky,8
1209836796301501,object--wire-group,3
1209836796301501,void--ego-vehicle,2
1209836796301501,void--ground,9
1209836796301501,void--unlabeled,91
1209836796301501,object--vehicle--car,3
1209836796301501,object--vehicle--motorcycle,1
1209836796301501,object--support--utility-pole,1
1209836796301501,object--sign--store,1
1209836796301501,human--person--individual,2
1209836796301501,object--sign--advertisement,1
1209836796301501,object--street-light,1
1209836796301501,object--support--pole,4
1209836796301501,construction--flat--driveway,1
1209836796301501,object--traffic-sign--front,1
1209836796301501,object--traffic-sign--direction-front,1
231045309370786,construction--barrier--curb,28
231045309370786,construction--barrier--fence,7
231045309370786,construction--flat--road,14
231045309370786,construction--flat--sidewalk,12
231045309370786,construction--structure--building,18
231045309370786,nature--sky,14
231045309370786,nature--terrain,7
231045309370786,nature--vegetation,15
231045309370786,object--wire-group,12
231045309370786,void--dynamic,8
231045309370786,void--ego-vehicle,2
231045309370786,void--ground,9
231045309370786,void--unlabeled,115
231045309370786,object--vehicle--car,5
231045309370786,object--vehicle--bus,1
231045309370786,object--support--pole,6
231045309370786,human--person--individual,5
231045309370786,object--traffic-sign--direction-front,1
231045309370786,object--street-light,2
494240786057119,construction--barrier--curb,3
494240786057119,construction--barrier--fence,10
494240786057119,construction--flat--road,2
494240786057119,construction--structure--building,12
494240786057119,construction--flat--sidewalk,13
494240786057119,construction--flat--parking,5
494240786057119,nature--sky,8
494240786057119,object--wire-group,8
494240786057119,void--ego-vehicle,2
494240786057119,void--ground,7
494240786057119,void--static,9
494240786057119,void--unlabeled,129
494240786057119,object--vehicle--car,3
494240786057119,object--sign--store,1
494240786057119,object--vehicle--motorcycle,1
494240786057119,object--support--utility-pole,1
494240786057119,human--person--individual,5
494240786057119,object--street-light,1
494240786057119,object--support--pole,1
494240786057119,object--vehicle--bus,1
494240786057119,object--sign--information,1
494240786057119,object--sign--advertisement,1
1342213646630991,construction--barrier--fence,7
1342213646630991,construction--flat--road,1
1342213646630991,construction--barrier--wall,12
1342213646630991,construction--structure--building,27
1342213646630991,construction--flat--sidewalk,4
1342213646630991,nature--mountain,9
1342213646630991,nature--sky,17
1342213646630991,nature--vegetation,8
1342213646630991,object--wire-group,40
1342213646630991,void--ego-vehicle,5
1342213646630991,void--ground,13
1342213646630991,void--static,16
1342213646630991,void--unlabeled,160
1342213646630991,object--vehicle--car,5
1342213646630991,object--vehicle--truck,3
1342213646630991,object--support--utility-pole,11
1342213646630991,object--traffic-cone,1
1342213646630991,object--banner,1
1342213646630991,object--street-light,5
1342213646630991,construction--flat--driveway,1
1342213646630991,object--sign--store,4
1342213646630991,object--sign--advertisement,2
1342213646630991,object--cctv-camera,1
1342213646630991,object--vehicle--other-vehicle,1
1359927961509017,construction--barrier--fence,3
1359927961509017,construction--flat--road,1
1359927961509017,construction--flat--sidewalk,6
1359927961509017,construction--structure--building,9
1359927961509017,nature--sky,8
1359927961509017,object--wire-group,7
1359927961509017,void--ground,5
1359927961509017,void--static,6
1359927961509017,void--unlabeled,54
1359927961509017,void--ego-vehicle,1
1359927961509017,object--traffic-sign--direction-front,1
1359927961509017,object--vehicle--truck,1
1359927961509017,object--support--utility-pole,2
1359927961509017,object--traffic-sign--front,1
109334318707787,construction--barrier--wall,4
109334318707787,construction--barrier--guard-rail,2
109334318707787,construction--flat--sidewalk,5
109334318707787,construction--structure--building,22
109334318707787,construction--flat--road,3
109334318707787,nature--sky,28
109334318707787,object--wire-group,39
109334318707787,void--ego-vehicle,2
109334318707787,void--ground,10
109334318707787,void--static,6
109334318707787,void--unlabeled,129
109334318707787,object--vehicle--car,1
109334318707787,object--vehicle--other-vehicle,1
109334318707787,object--traffic-cone,1
109334318707787,object--vehicle--truck,1
109334318707787,object--street-light,2
109334318707787,object--support--utility-pole,10
109334318707787,object--sign--advertisement,1
109334318707787,object--support--pole,1
1191654098384186,construction--barrier--wall,5
1191654098384186,construction--flat--road,9
1191654098384186,construction--flat--sidewalk,7
1191654098384186,construction--structure--building,7
1191654098384186,nature--sky,27
1191654098384186,nature--vegetation,7
1191654098384186,object--wire-group,35
1191654098384186,void--unlabeled,73
1191654098384186,void--ego-vehicle,2
1191654098384186,human--person--individual,2
1191654098384186,object--support--utility-pole,3
1191654098384186,object--sign--store,1
1191654098384186,object--support--pole,1
136233082438426,construction--barrier--wall,11
136233082438426,construction--barrier--fence,5
136233082438426,construction--flat--parking,4
136233082438426,construction--flat--sidewalk,3
136233082438426,construction--flat--road,3
136233082438426,construction--structure--building,45
136233082438426,nature--mountain,8
136233082438426,nature--sky,36
136233082438426,nature--vegetation,12
136233082438426,object--wire-group,48
136233082438426,void--ego-vehicle,2
136233082438426,void--ground,11
136233082438426,void--static,10
136233082438426,void--unlabeled,162
136233082438426,object--vehicle--car,6
136233082438426,object--vehicle--truck,3
136233082438426,object--support--utility-pole,12
136233082438426,object--traffic-cone,1
136233082438426,object--street-light,4
136233082438426,object--sign--store,3
136233082438426,object--sign--advertisement,4
136233082438426,construction--flat--driveway,1
136233082438426,object--support--pole,4
136233082438426,object--vehicle--other-vehicle,1
566118405478088,construction--barrier--fence,29
566118405478088,construction--barrier--wall,16
566118405478088,construction--flat--road,5
566118405478088,construction--structure--building,36
566118405478088,nature--mountain,8
566118405478088,nature--sky,37
566118405478088,nature--vegetation,13
566118405478088,object--wire-group,29
566118405478088,void--dynamic,4
566118405478088,void--ego-vehicle,1
566118405478088,void--ground,2
566118405478088,void--static,30
566118405478088,void--unlabeled,119
566118405478088,object--vehicle--car,5
566118405478088,object--vehicle--truck,2
566118405478088,object--street-light,3
566118405478088,object--support--utility-pole,9
566118405478088,object--banner,1
566118405478088,object--sign--advertisement,2
566118405478088,object--traffic-sign--front,1
566118405478088,object--support--pole,2
566118405478088,object--sign--information,1
513514607610404,construction--barrier--fence,12
513514607610404,construction--flat--parking,2
513514607610404,construction--flat--sidewalk,5
513514607610404,construction--flat--road,2
513514607610404,construction--structure--building,66
513514607610404,nature--mountain,10
513514607610404,nature--sky,15
513514607610404,nature--vegetation,5
513514607610404,object--wire-group,40
513514607610404,void--ego-vehicle,1
513514607610404,void--ground,13
513514607610404,void--unlabeled,124
513514607610404,object--vehicle--car,4
513514607610404,object--street-light,3
513514607610404,human--person--individual,2
513514607610404,object--support--utility-pole,8
513514607610404,object--vehicle--truck,1
513514607610404,object--vehicle--motorcycle,2
513514607610404,object--support--pole,4
513514607610404,object--trash-can,1
513514607610404,object--traffic-sign--back,1
513514607610404,animal--bird,1
587370409942096,construction--barrier--fence,19
587370409942096,construction--barrier--wall,11
587370409942096,construction--structure--building,8
587370409942096,construction--flat--road,4
587370409942096,nature--sky,15
587370409942096,object--wire-group,11
587370409942096,void--dynamic,7
587370409942096,void--ego-vehicle,12
587370409942096,void--ground,8
587370409942096,void--unlabeled,82
587370409942096,object--vehicle--car,1
587370409942096,object--traffic-sign--direction-front,1
587370409942096,object--street-light,2
587370409942096,object--vehicle--truck,2
587370409942096,object--support--utility-pole,3
587370409942096,object--support--pole,3
577346060787480,construction--barrier--fence,12
577346060787480,construction--barrier--wall,8
577346060787480,construction--flat--road,7
577346060787480,construction--structure--building,14
577346060787480,nature--sky,11
577346060787480,construction--flat--sidewalk,3
577346060787480,object--wire-group,18
577346060787480,void--dynamic,10
577346060787480,void--ego-vehicle,4
577346060787480,void--ground,9
577346060787480,void--static,17
577346060787480,void--unlabeled,102
577346060787480,object--vehicle--car,4
577346060787480,object--support--utility-pole,3
577346060787480,object--traffic-sign--direction-front,1
577346060787480,object--vehicle--truck,1
577346060787480,object--support--pole,3
577346060787480,object--street-light,1
194737943200674,construction--barrier--fence,10
194737943200674,construction--barrier--wall,7
194737943200674,construction--flat--road,11
194737943200674,construction--flat--sidewalk,10
194737943200674,construction--flat--parking,1
194737943200674,construction--structure--building,12
194737943200674,nature--sky,11
194737943200674,nature--vegetation,3
194737943200674,object--wire-group,21
194737943200674,void--dynamic,12
194737943200674,void--ego-vehicle,6
194737943200674,void--ground,20
194737943200674,void--static,8
194737943200674,void--unlabeled,99
194737943200674,object--vehicle--car,3
194737943200674,object--vehicle--truck,1
194737943200674,object--support--utility-pole,3
194737943200674,object--traffic-sign--direction-front,1
194737943200674,object--street-light,1
194737943200674,object--support--pole,2
194737943200674,object--sign--advertisement,1
882771836328592,construction--barrier--fence,5
882771836328592,construction--barrier--wall,4
882771836328592,construction--flat--road,10
882771836328592,construction--flat--sidewalk,14
882771836328592,construction--structure--building,25
882771836328592,construction--barrier--curb,7
882771836328592,nature--sky,31
882771836328592,nature--terrain,6
882771836328592,nature--vegetation,6
882771836328592,object--wire-group,32
882771836328592,void--ego-vehicle,1
882771836328592,void--ground,6
882771836328592,void--static,39
882771836328592,void--unlabeled,59
882771836328592,object--sign--advertisement,2
882771836328592,object--support--utility-pole,2
882771836328592,object--traffic-sign--information-parking,1
882771836328592,object--banner,1
882771836328592,object--sign--store,1
882771836328592,object--support--pole,2
882771836328592,object--cctv-camera,1
5992394214161197,construction--barrier--fence,15
5992394214161197,construction--flat--sidewalk,7
5992394214161197,construction--barrier--wall,1
5992394214161197,construction--structure--building,25
5992394214161197,construction--flat--road,3
5992394214161197,nature--mountain,8
5992394214161197,nature--sky,34
5992394214161197,nature--vegetation,6
5992394214161197,object--wire-group,24
5992394214161197,void--ego-vehicle,1
5992394214161197,void--ground,5
5992394214161197,void--static,32
5992394214161197,void--unlabeled,132
5992394214161197,object--vehicle--car,3
5992394214161197,object--vehicle--truck,3
5992394214161197,object--street-light,6
5992394214161197,object--support--utility-pole,10
5992394214161197,object--support--pole,1
871071863963112,construction--barrier--fence,12
871071863963112,construction--barrier--guard-rail,1
871071863963112,construction--barrier--wall,8
871071863963112,construction--flat--road,4
871071863963112,construction--structure--building,33
871071863963112,construction--flat--sidewalk,4
871071863963112,nature--mountain,6
871071863963112,nature--sky,52
871071863963112,nature--vegetation,21
871071863963112,object--wire-group,48
871071863963112,void--ego-vehicle,1
871071863963112,void--ground,9
871071863963112,void--static,20
871071863963112,void--unlabeled,152
871071863963112,object--vehicle--car,5
871071863963112,object--vehicle--truck,3
871071863963112,object--vehicle--other-vehicle,1
871071863963112,object--street-light,8
871071863963112,object--support--utility-pole,9
871071863963112,construction--flat--driveway,1
871071863963112,object--support--pole,4
871071863963112,object--junction-box,1
871071863963112,human--person--individual,1
871071863963112,object--sign--advertisement,2
1818444978541668,construction--barrier--curb,8
1818444978541668,construction--barrier--fence,3
1818444978541668,construction--barrier--wall,9
1818444978541668,construction--flat--sidewalk,5
1818444978541668,construction--flat--road,7
1818444978541668,construction--structure--building,16
1818444978541668,nature--sky,18
1818444978541668,nature--vegetation,3
1818444978541668,object--wire-group,16
1818444978541668,void--ego-vehicle,2
1818444978541668,void--ground,4
1818444978541668,void--static,17
1818444978541668,void--unlabeled,20
1818444978541668,object--support--pole,2
1818444978541668,object--sign--store,2
1818444978541668,object--support--utility-pole,1
147372191553191,construction--barrier--curb,14
147372191553191,construction--barrier--fence,15
147372191553191,construction--barrier--wall,19
147372191553191,construction--flat--curb-cut,5
147372191553191,construction--flat--parking,4
147372191553191,construction--flat--rail-track,2
147372191553191,construction--flat--road,6
147372191553191,construction--flat--sidewalk,16
147372191553191,construction--structure--bridge,3
147372191553191,construction--structure--building,27
147372191553191,construction--structure--tunnel,2
147372191553191,nature--sky,12
147372191553191,object--wire-group,19
147372191553191,void--ego-vehicle,4
147372191553191,void--ground,8
147372191553191,void--static,29
147372191553191,void--unlabeled,112
147372191553191,object--traffic-cone,2
147372191553191,object--traffic-sign--direction-front,1
147372191553191,object--vehicle--car,7
147372191553191,object--sign--advertisement,3
147372191553191,object--support--utility-pole,1
147372191553191,object--street-light,4
147372191553191,human--person--individual,1
147372191553191,object--banner,1
147372191553191,object--sign--store,1
147372191553191,object--support--pole,1
147372191553191,marking--discrete--other-marking,1
883472819623374,construction--barrier--fence,6
883472819623374,construction--flat--road,7
883472819623374,construction--flat--sidewalk,5
883472819623374,construction--structure--building,28
883472819623374,nature--sky,7
883472819623374,object--wire-group,20
883472819623374,void--ego-vehicle,11
883472819623374,void--ground,5
883472819623374,void--unlabeled,50
883472819623374,object--support--utility-pole,2
883472819623374,object--traffic-sign--direction-front,1
883472819623374,object--vehicle--truck,1
883472819623374,object--traffic-sign--front,1
120436837512135,construction--barrier--curb,11
120436837512135,construction--flat--road,17
120436837512135,construction--barrier--wall,7
120436837512135,construction--barrier--fence,8
120436837512135,construction--flat--sidewalk,15
120436837512135,construction--flat--traffic-island,7
120436837512135,construction--structure--building,15
120436837512135,nature--mountain,1
120436837512135,nature--sky,12
120436837512135,nature--terrain,13
120436837512135,nature--vegetation,10
120436837512135,object--wire-group,9
120436837512135,void--ego-vehicle,1
120436837512135,void--static,3
120436837512135,void--unlabeled,81
120436837512135,object--vehicle--car,4
120436837512135,object--traffic-sign--direction-front,1
120436837512135,object--support--pole,3
120436837512135,object--sign--advertisement,2
120436837512135,object--street-light,2
880484516365526,construction--barrier--fence,12
880484516365526,construction--barrier--wall,13
880484516365526,construction--flat--sidewalk,3
880484516365526,construction--flat--road,4
880484516365526,construction--structure--building,40
880484516365526,nature--mountain,6
880484516365526,nature--sky,30
880484516365526,nature--terrain,3
880484516365526,nature--vegetation,11
880484516365526,object--wire-group,37
880484516365526,void--ego-vehicle,3
880484516365526,void--ground,8
880484516365526,void--static,21
880484516365526,void--unlabeled,184
880484516365526,object--vehicle--truck,3
880484516365526,object--vehicle--car,6
880484516365526,object--support--utility-pole,11
880484516365526,object--vehicle--other-vehicle,1
880484516365526,object--street-light,8
880484516365526,object--support--pole,6
880484516365526,object--traffic-sign--front,1
880484516365526,object--sign--advertisement,2
880484516365526,object--sign--store,1
880484516365526,construction--flat--driveway,1
246018681106328,construction--barrier--fence,10
246018681106328,construction--structure--building,14
246018681106328,nature--sky,20
246018681106328,construction--flat--road,4
246018681106328,construction--flat--sidewalk,1
246018681106328,object--wire-group,14
246018681106328,void--ego-vehicle,5
246018681106328,void--ground,4
246018681106328,void--unlabeled,49
246018681106328,object--support--utility-pole,3
246018681106328,object--traffic-sign--direction-front,1
246018681106328,object--vehicle--car,1
733442985048882,construction--barrier--curb,20
733442985048882,construction--barrier--fence,7
733442985048882,construction--barrier--wall,5
733442985048882,construction--flat--road,9
733442985048882,construction--flat--sidewalk,10
733442985048882,construction--structure--building,31
733442985048882,nature--mountain,12
733442985048882,nature--sky,18
733442985048882,nature--vegetation,22
733442985048882,object--wire-group,48
733442985048882,void--ego-vehicle,4
733442985048882,void--ground,12
733442985048882,void--unlabeled,159
733442985048882,object--sign--advertisement,2
733442985048882,object--vehicle--car,10
733442985048882,object--vehicle--truck,5
733442985048882,object--support--utility-pole,11
733442985048882,object--street-light,5
733442985048882,object--support--pole,3
733442985048882,object--vehicle--other-vehicle,3
733442985048882,human--person--individual,2
146749674945877,construction--barrier--curb,4
146749674945877,construction--barrier--fence,5
146749674945877,construction--flat--road,3
146749674945877,construction--flat--sidewalk,6
146749674945877,construction--structure--building,10
146749674945877,nature--sky,8
146749674945877,object--wire-group,7
146749674945877,void--ground,22
146749674945877,void--ego-vehicle,2
146749674945877,void--static,11
146749674945877,void--unlabeled,53
146749674945877,object--vehicle--car,1
146749674945877,object--sign--store,1
146749674945877,object--traffic-sign--front,1
146749674945877,object--support--utility-pole,1
146749674945877,object--support--pole,2
146749674945877,object--traffic-sign--direction-front,1
146749674945877,object--street-light,1
146749674945877,object--cctv-camera,1
748907863500538,construction--barrier--fence,20
748907863500538,construction--barrier--wall,10
748907863500538,construction--flat--road,11
748907863500538,construction--flat--sidewalk,6
748907863500538,construction--structure--building,19
748907863500538,nature--sky,21
748907863500538,object--wire-group,11
748907863500538,void--ego-vehicle,5
748907863500538,void--ground,3
748907863500538,void--unlabeled,74
748907863500538,object--traffic-sign--direction-front,1
748907863500538,object--vehicle--truck,2
748907863500538,object--support--utility-pole,1
748907863500538,object--support--pole,1
748907863500538,object--traffic-sign--front,1
748907863500538,object--street-light,1
748907863500538,object--cctv-camera,1
748907863500538,object--sign--advertisement,1
145024561768360,construction--barrier--fence,8
145024561768360,construction--barrier--wall,3
145024561768360,construction--flat--road,6
145024561768360,construction--flat--sidewalk,2
145024561768360,construction--structure--building,44
145024561768360,nature--mountain,7
145024561768360,nature--sky,23
145024561768360,nature--vegetation,9
145024561768360,object--wire-group,43
145024561768360,void--dynamic,16
145024561768360,void--ego-vehicle,2
145024561768360,void--ground,18
145024561768360,void--unlabeled,188
145024561768360,object--vehicle--car,11
145024561768360,human--person--individual,1
145024561768360,object--support--utility-pole,13
145024561768360,object--vehicle--truck,2
145024561768360,object--traffic-cone,1
145024561768360,object--street-light,5
145024561768360,object--vehicle--other-vehicle,3
145024561768360,object--sign--advertisement,8
145024561768360,object--vehicle--motorcycle,2
145024561768360,object--sign--store,2
145024561768360,object--support--pole,8
145024561768360,construction--flat--driveway,2
145024561768360,object--traffic-sign--front,1
145024561768360,object--trash-can,1
172217665143716,construction--barrier--fence,36
172217665143716,construction--barrier--wall,10
172217665143716,construction--flat--road,3
172217665143716,construction--flat--sidewalk,6
172217665143716,construction--structure--building,38
172217665143716,nature--mountain,10
172217665143716,nature--sky,33
172217665143716,nature--vegetation,4
172217665143716,object--wire-group,42
172217665143716,void--ego-vehicle,1
172217665143716,void--ground,16
172217665143716,void--static,24
172217665143716,void--unlabeled,140
172217665143716,object--vehicle--car,6
172217665143716,object--vehicle--truck,2
172217665143716,object--support--utility-pole,10
172217665143716,object--street-light,4
172217665143716,human--person--individual,2
172217665143716,object--support--pole,2
172217665143716,construction--flat--driveway,1
172217665143716,object--traffic-sign--front,1
956396092037621,construction--barrier--fence,7
956396092037621,construction--barrier--wall,7
956396092037621,construction--flat--road,5
956396092037621,nature--sand,3
956396092037621,void--ego-vehicle,2
956396092037621,void--unlabeled,73
956396092037621,void--ground,8
956396092037621,nature--sky,4
956396092037621,object--vehicle--truck,3
956396092037621,object--support--pole,1
956396092037621,object--traffic-sign--direction-front,1
956396092037621,object--banner,1
956396092037621,object--street-light,1
894096371899943,construction--barrier--fence,4
894096371899943,construction--flat--sidewalk,7
894096371899943,construction--structure--building,9
894096371899943,nature--sky,12
894096371899943,construction--flat--road,2
894096371899943,object--wire-group,14
894096371899943,void--ego-vehicle,5
894096371899943,void--ground,6
894096371899943,void--unlabeled,33
894096371899943,object--support--utility-pole,2
894096371899943,object--traffic-sign--direction-front,2
894096371899943,object--vehicle--truck,1
894096371899943,construction--flat--driveway,1
894096371899943,object--support--pole,1
524071169808944,construction--barrier--curb,10
524071169808944,construction--flat--sidewalk,14
524071169808944,construction--structure--building,34
524071169808944,construction--barrier--fence,2
524071169808944,construction--flat--parking,5
524071169808944,construction--flat--road,4
524071169808944,nature--sky,14
524071169808944,nature--terrain,5
524071169808944,nature--vegetation,17
524071169808944,object--wire-group,21
524071169808944,void--ego-vehicle,2
524071169808944,void--ground,7
524071169808944,void--unlabeled,207
524071169808944,object--vehicle--car,14
524071169808944,human--person--individual,4
524071169808944,object--support--utility-pole,12
524071169808944,object--street-light,6
524071169808944,object--sign--store,3
524071169808944,object--vehicle--truck,2
524071169808944,object--sign--advertisement,2
524071169808944,object--vehicle--motorcycle,1
524071169808944,object--support--pole,1
524071169808944,marking--discrete--other-marking,1
515600720651712,construction--barrier--curb,17
515600720651712,construction--barrier--fence,8
515600720651712,construction--barrier--wall,5
515600720651712,construction--flat--road,29
515600720651712,construction--flat--sidewalk,22
515600720651712,construction--structure--building,21
515600720651712,nature--sky,18
515600720651712,nature--terrain,7
515600720651712,nature--vegetation,20
515600720651712,object--wire-group,7
515600720651712,void--ego-vehicle,1
515600720651712,void--ground,9
515600720651712,void--unlabeled,148
515600720651712,object--support--pole,3
515600720651712,human--person--individual,5
515600720651712,object--vehicle--car,6
515600720651712,object--support--utility-pole,3
515600720651712,object--traffic-sign--direction-front,1
515600720651712,object--sign--store,1
515600720651712,object--street-light,2
515600720651712,object--vehicle--motorcycle,1
515600720651712,object--mailbox,1
515600720651712,object--junction-box,1
587992403216155,construction--barrier--fence,15
587992403216155,construction--barrier--wall,15
587992403216155,construction--flat--road,8
587992403216155,construction--structure--building,16
587992403216155,nature--sky,17
587992403216155,object--wire-group,18
587992403216155,void--dynamic,12
587992403216155,void--ego-vehicle,3
587992403216155,void--ground,2
587992403216155,void--static,12
587992403216155,void--unlabeled,93
587992403216155,object--vehicle--car,1
587992403216155,object--support--utility-pole,2
587992403216155,object--vehicle--truck,2
587992403216155,object--traffic-sign--direction-front,1
587992403216155,object--support--pole,2
587992403216155,object--cctv-camera,1
1405522510279240,construction--barrier--fence,3
1405522510279240,construction--flat--sidewalk,16
1405522510279240,construction--flat--road,2
1405522510279240,construction--barrier--wall,2
1405522510279240,construction--structure--building,8
1405522510279240,nature--sky,17
1405522510279240,nature--vegetation,4
1405522510279240,object--wire-group,15
1405522510279240,void--ego-vehicle,2
1405522510279240,void--ground,8
1405522510279240,void--static,9
1405522510279240,void--unlabeled,46
1405522510279240,object--vehicle--car,1
1405522510279240,object--sign--store,2
1405522510279240,object--support--utility-pole,2
1405522510279240,construction--flat--driveway,2
1405522510279240,object--street-light,1
5964102603684450,construction--barrier--curb,2
5964102603684450,construction--structure--building,11
5964102603684450,construction--barrier--fence,2
5964102603684450,construction--flat--sidewalk,2
5964102603684450,construction--flat--road,1
5964102603684450,nature--sky,12
5964102603684450,nature--vegetation,3
5964102603684450,object--wire-group,4
5964102603684450,void--unlabeled,56
5964102603684450,void--ego-vehicle,2
5964102603684450,object--vehicle--car,3
5964102603684450,object--sign--advertisement,1
5964102603684450,object--support--pole,1
1138940056773990,construction--barrier--fence,6
1138940056773990,construction--barrier--wall,14
1138940056773990,construction--flat--road,4
1138940056773990,construction--flat--sidewalk,6
1138940056773990,construction--structure--building,37
1138940056773990,nature--mountain,8
1138940056773990,nature--sky,21
1138940056773990,nature--vegetation,17
1138940056773990,object--wire-group,21
1138940056773990,void--dynamic,5
1138940056773990,void--ego-vehicle,10
1138940056773990,void--ground,13
1138940056773990,void--static,19
1138940056773990,void--unlabeled,185
1138940056773990,object--vehicle--truck,4
1138940056773990,object--vehicle--other-vehicle,1
1138940056773990,object--vehicle--car,3
1138940056773990,object--support--utility-pole,11
1138940056773990,object--street-light,7
1138940056773990,object--sign--advertisement,1
1138940056773990,object--support--pole,5
1138940056773990,object--cctv-camera,1
1138940056773990,object--sign--store,1
1138940056773990,marking--discrete--other-marking,1
1138940056773990,object--traffic-sign--front,1
1138940056773990,human--rider--motorcyclist,1
595945915732402,construction--barrier--curb,5
595945915732402,construction--flat--road,12
595945915732402,construction--flat--sidewalk,10
595945915732402,construction--structure--building,19
595945915732402,nature--sky,16
595945915732402,nature--snow,3
595945915732402,nature--terrain,1
595945915732402,nature--vegetation,11
595945915732402,object--wire-group,12
595945915732402,void--ego-vehicle,2
595945915732402,void--ground,8
595945915732402,void--unlabeled,26
595945915732402,human--person--individual,2
595945915732402,object--support--utility-pole,1
1287928255096071,construction--barrier--curb,6
1287928255096071,construction--barrier--fence,17
1287928255096071,construction--barrier--guard-rail,2
1287928255096071,construction--barrier--wall,16
1287928255096071,construction--structure--building,30
1287928255096071,construction--flat--sidewalk,4
1287928255096071,construction--flat--road,1
1287928255096071,nature--mountain,9
1287928255096071,nature--sky,25
1287928255096071,nature--vegetation,13
1287928255096071,object--wire-group,36
1287928255096071,void--ego-vehicle,7
1287928255096071,void--ground,11
1287928255096071,void--unlabeled,155
1287928255096071,object--vehicle--car,4
1287928255096071,object--vehicle--other-vehicle,1
1287928255096071,object--street-light,5
1287928255096071,object--support--utility-pole,10
1287928255096071,object--support--pole,1
1287928255096071,object--vehicle--truck,3
1287928255096071,object--sign--advertisement,3
1287928255096071,object--sign--store,1
1287928255096071,construction--flat--driveway,1
1334720837383749,construction--barrier--curb,10
1334720837383749,construction--flat--road,12
1334720837383749,construction--flat--sidewalk,20
1334720837383749,construction--barrier--guard-rail,5
1334720837383749,construction--barrier--wall,1
1334720837383749,construction--flat--traffic-island,2
1334720837383749,construction--structure--building,28
1334720837383749,nature--sky,14
1334720837383749,nature--terrain,9
1334720837383749,nature--vegetation,10
1334720837383749,object--wire-group,8
1334720837383749,void--ego-vehicle,3
1334720837383749,void--ground,8
1334720837383749,void--unlabeled,92
1334720837383749,object--vehicle--car,3
1334720837383749,object--sign--advertisement,5
1334720837383749,object--traffic-sign--direction-front,1
1334720837383749,object--banner,1
1334720837383749,object--support--pole,3
1334720837383749,human--person--individual,1
1334720837383749,object--vehicle--caravan,1
1217932859112420,construction--barrier--curb,7
1217932859112420,construction--barrier--fence,5
1217932859112420,construction--structure--building,21
1217932859112420,construction--flat--parking,2
1217932859112420,construction--flat--sidewalk,7
1217932859112420,construction--flat--road,3
1217932859112420,nature--sky,12
1217932859112420,nature--vegetation,4
1217932859112420,object--wire-group,13
1217932859112420,void--ego-vehicle,3
1217932859112420,void--ground,4
1217932859112420,void--unlabeled,54
1217932859112420,object--vehicle--car,4
1217932859112420,object--support--utility-pole,1
1217932859112420,object--vehicle--truck,1
1217932859112420,object--sign--store,1
617481376894848,construction--barrier--fence,11
617481376894848,construction--structure--building,26
617481376894848,nature--mountain,11
617481376894848,construction--barrier--wall,8
617481376894848,construction--flat--road,2
617481376894848,construction--flat--sidewalk,2
617481376894848,nature--sky,25
617481376894848,nature--vegetation,5
617481376894848,object--wire-group,42
617481376894848,void--ego-vehicle,2
617481376894848,void--ground,4
617481376894848,void--static,18
617481376894848,void--unlabeled,173
617481376894848,object--vehicle--car,4
617481376894848,object--support--utility-pole,6
617481376894848,object--vehicle--truck,4
617481376894848,object--sign--advertisement,1
617481376894848,object--street-light,8
617481376894848,object--support--pole,6
617481376894848,object--junction-box,2
617481376894848,human--rider--motorcyclist,1
617481376894848,object--mailbox,1
617481376894848,human--person--individual,1
617481376894848,object--sign--store,3
620107833282964,construction--barrier--curb,3
620107833282964,construction--barrier--wall,6
620107833282964,construction--flat--road,16
620107833282964,construction--barrier--guard-rail,1
620107833282964,construction--flat--sidewalk,9
620107833282964,construction--structure--building,17
620107833282964,nature--sky,26
620107833282964,object--wire-group,30
620107833282964,void--ground,5
620107833282964,void--ego-vehicle,2
620107833282964,void--static,29
620107833282964,void--unlabeled,81
620107833282964,object--support--utility-pole,2
620107833282964,object--traffic-cone,2
620107833282964,object--sign--advertisement,3
620107833282964,object--trash-can,1
620107833282964,object--vehicle--truck,1
620107833282964,object--street-light,1
620107833282964,object--sign--store,1
620107833282964,object--cctv-camera,1
620107833282964,object--support--pole,1
620107833282964,object--catch-basin,1
620107833282964,object--banner,1
6308822102502980,construction--barrier--curb,5
6308822102502980,construction--barrier--fence,5
6308822102502980,construction--flat--road,4
6308822102502980,construction--structure--building,13
6308822102502980,object--wire-group,7
6308822102502980,nature--sky,7
6308822102502980,nature--vegetation,6
6308822102502980,construction--flat--parking,2
6308822102502980,construction--flat--sidewalk,3
6308822102502980,void--ego-vehicle,3
6308822102502980,void--unlabeled,76
6308822102502980,object--vehicle--car,3
6308822102502980,human--person--individual,1
6308822102502980,object--support--utility-pole,2
6308822102502980,object--sign--store,1
6308822102502980,object--vehicle--other-vehicle,1
1162488694459144,construction--barrier--fence,12
1162488694459144,construction--barrier--wall,12
1162488694459144,construction--flat--road,11
1162488694459144,construction--structure--building,34
1162488694459144,construction--flat--sidewalk,3
1162488694459144,nature--sky,8
1162488694459144,object--wire-group,15
1162488694459144,nature--vegetation,1
1162488694459144,void--dynamic,12
1162488694459144,void--ego-vehicle,1
1162488694459144,void--static,20
1162488694459144,void--unlabeled,45
1162488694459144,object--sign--advertisement,2
1162488694459144,object--support--utility-pole,2
1162488694459144,object--support--pole,1
1162488694459144,object--traffic-sign--temporary-front,1
1272658159956363,construction--barrier--fence,30
1272658159956363,construction--barrier--wall,12
1272658159956363,construction--flat--road,6
1272658159956363,construction--flat--sidewalk,12
1272658159956363,construction--structure--building,10
1272658159956363,nature--sky,15
1272658159956363,object--wire-group,24
1272658159956363,void--dynamic,20
1272658159956363,void--ego-vehicle,2
1272658159956363,void--ground,7
1272658159956363,void--static,11
1272658159956363,void--unlabeled,107
1272658159956363,object--vehicle--car,3
1272658159956363,object--support--utility-pole,2
1272658159956363,object--traffic-sign--direction-front,1
1272658159956363,object--vehicle--truck,1
1272658159956363,object--support--pole,5
1272658159956363,object--street-light,2
1272658159956363,object--cctv-camera,1
146556251633745,construction--flat--road,3
146556251633745,construction--flat--sidewalk,7
146556251633745,construction--barrier--curb,3
146556251633745,construction--barrier--fence,3
146556251633745,construction--barrier--wall,2
146556251633745,construction--structure--building,23
146556251633745,void--ego-vehicle,5
146556251633745,nature--sky,4
146556251633745,object--wire-group,2
146556251633745,void--ground,12
146556251633745,void--unlabeled,56
146556251633745,object--vehicle--car,2
146556251633745,object--sign--store,1
146556251633745,object--support--utility-pole,1
146556251633745,human--person--individual,2
146556251633745,object--sign--advertisement,1
146556251633745,object--support--pole,2
146556251633745,object--traffic-sign--front,1
146556251633745,object--sign--information,1
146556251633745,object--street-light,1
1549518498873069,construction--barrier--fence,14
1549518498873069,object--wire-group,20
1549518498873069,construction--barrier--wall,8
1549518498873069,construction--flat--road,8
1549518498873069,construction--structure--building,2
1549518498873069,nature--sky,11
1549518498873069,void--ego-vehicle,1
1549518498873069,void--ground,10
1549518498873069,void--unlabeled,99
1549518498873069,object--support--utility-pole,2
1549518498873069,object--vehicle--car,3
1549518498873069,object--vehicle--motorcycle,1
1549518498873069,object--vehicle--truck,2
1549518498873069,human--rider--motorcyclist,1
1549518498873069,object--street-light,2
1549518498873069,object--traffic-sign--direction-front,1
1549518498873069,object--support--pole,1
894342115207021,construction--barrier--fence,9
894342115207021,construction--barrier--wall,6
894342115207021,construction--flat--road,6
894342115207021,construction--structure--building,6
894342115207021,nature--sky,27
894342115207021,object--wire-group,16
894342115207021,void--dynamic,5
894342115207021,void--ego-vehicle,4
894342115207021,void--ground,4
894342115207021,void--unlabeled,69
894342115207021,object--traffic-sign--direction-front,1
894342115207021,object--vehicle--truck,1
894342115207021,object--support--utility-pole,4
894342115207021,object--support--pole,1
894342115207021,object--vehicle--other-vehicle,1
894342115207021,object--street-light,3
461847029411085,construction--barrier--curb,8
461847029411085,construction--flat--road,13
461847029411085,construction--flat--sidewalk,9
461847029411085,construction--barrier--wall,7
461847029411085,construction--structure--building,30
461847029411085,nature--sky,32
461847029411085,nature--vegetation,9
461847029411085,object--wire-group,21
461847029411085,void--ego-vehicle,1
461847029411085,void--static,10
461847029411085,void--unlabeled,64
461847029411085,object--support--utility-pole,2
461847029411085,object--traffic-cone,1
461847029411085,object--sign--advertisement,2
461847029411085,human--person--individual,1
461847029411085,object--traffic-sign--direction-front,2
461847029411085,object--support--pole,1
461847029411085,object--street-light,1
461847029411085,object--manhole,1
461847029411085,marking--discrete--other-marking,1
1565505230599527,construction--barrier--fence,8
1565505230599527,construction--flat--sidewalk,5
1565505230599527,nature--mountain,8
1565505230599527,construction--flat--road,7
1565505230599527,construction--structure--building,17
1565505230599527,nature--sky,11
1565505230599527,nature--vegetation,11
1565505230599527,object--wire-group,28
1565505230599527,void--ego-vehicle,4
1565505230599527,void--ground,9
1565505230599527,void--static,27
1565505230599527,void--unlabeled,141
1565505230599527,object--support--utility-pole,10
1565505230599527,object--vehicle--car,9
1565505230599527,object--vehicle--truck,2
1565505230599527,object--sign--advertisement,7
1565505230599527,human--person--individual,2
1565505230599527,object--street-light,6
1565505230599527,object--vehicle--trailer,1
1565505230599527,object--support--pole,3
1565505230599527,object--sign--other,1
733780328234666,construction--barrier--fence,15
733780328234666,construction--barrier--wall,8
733780328234666,construction--flat--road,4
733780328234666,construction--flat--sidewalk,7
733780328234666,nature--sky,8
733780328234666,construction--structure--building,8
733780328234666,object--wire-group,22
733780328234666,void--dynamic,15
733780328234666,void--ego-vehicle,4
733780328234666,void--ground,7
733780328234666,void--static,14
733780328234666,void--unlabeled,93
733780328234666,object--support--utility-pole,3
733780328234666,object--vehicle--car,4
733780328234666,object--support--pole,3
733780328234666,object--traffic-sign--direction-front,1
733780328234666,object--vehicle--truck,1
733780328234666,object--street-light,1
1155270898425685,construction--barrier--curb,13
1155270898425685,construction--barrier--fence,3
1155270898425685,construction--flat--road,10
1155270898425685,construction--flat--parking,8
1155270898425685,construction--barrier--wall,3
1155270898425685,construction--flat--sidewalk,5
1155270898425685,construction--structure--building,24
1155270898425685,construction--flat--traffic-island,6
1155270898425685,nature--mountain,6
1155270898425685,nature--sky,7
1155270898425685,nature--terrain,8
1155270898425685,nature--vegetation,16
1155270898425685,object--wire-group,16
1155270898425685,void--ego-vehicle,1
1155270898425685,void--static,2
1155270898425685,void--unlabeled,108
1155270898425685,object--vehicle--car,5
1155270898425685,object--vehicle--motorcycle,1
1155270898425685,object--street-light,5
1155270898425685,object--support--utility-pole,3
1155270898425685,object--support--pole,6
1155270898425685,object--banner,1
1155270898425685,human--rider--motorcyclist,1
1155270898425685,object--vehicle--other-vehicle,1
1155270898425685,object--sign--advertisement,1
1155270898425685,object--sign--store,1
1155270898425685,human--person--individual,2
1155270898425685,object--manhole,1
1060324624925150,construction--barrier--curb,12
1060324624925150,construction--flat--road,13
1060324624925150,construction--flat--sidewalk,13
1060324624925150,construction--flat--traffic-island,7
1060324624925150,construction--structure--building,28
1060324624925150,nature--sky,42
1060324624925150,nature--terrain,19
1060324624925150,nature--vegetation,24
1060324624925150,object--wire-group,30
1060324624925150,void--ego-vehicle,1
1060324624925150,void--ground,10
1060324624925150,void--unlabeled,126
1060324624925150,object--support--utility-pole,9
1060324624925150,object--vehicle--car,10
1060324624925150,object--support--pole,4
1060324624925150,object--vehicle--bus,1
1060324624925150,object--sign--advertisement,4
1060324624925150,object--street-light,5
1060324624925150,object--catch-basin,1
6614446548584761,construction--barrier--wall,4
6614446548584761,construction--flat--parking,2
6614446548584761,construction--flat--road,1
6614446548584761,construction--flat--sidewalk,5
6614446548584761,construction--structure--building,42
6614446548584761,nature--mountain,4
6614446548584761,nature--sky,17
6614446548584761,nature--vegetation,3
6614446548584761,object--wire-group,41
6614446548584761,void--ego-vehicle,3
6614446548584761,void--ground,13
6614446548584761,void--unlabeled,139
6614446548584761,object--vehicle--car,3
6614446548584761,object--support--utility-pole,11
6614446548584761,object--vehicle--truck,2
6614446548584761,object--street-light,5
6614446548584761,human--person--individual,1
6614446548584761,object--support--pole,1
1645893905833508,construction--barrier--fence,11
1645893905833508,construction--barrier--wall,8
1645893905833508,construction--flat--road,3
1645893905833508,construction--structure--building,9
1645893905833508,nature--sky,26
1645893905833508,nature--sand,5
1645893905833508,object--wire-group,15
1645893905833508,void--dynamic,4
1645893905833508,void--ego-vehicle,8
1645893905833508,void--ground,12
1645893905833508,void--unlabeled,72
1645893905833508,object--vehicle--truck,2
1645893905833508,object--traffic-sign--direction-front,1
1645893905833508,object--support--utility-pole,1
1645893905833508,object--support--pole,4
1645893905833508,object--street-light,1
548228643808383,construction--barrier--curb,4
548228643808383,construction--barrier--fence,11
548228643808383,construction--barrier--wall,13
548228643808383,construction--flat--road,5
548228643808383,construction--flat--sidewalk,5
548228643808383,construction--structure--building,43
548228643808383,nature--mountain,6
548228643808383,nature--sky,31
548228643808383,nature--vegetation,7
548228643808383,object--wire-group,34
548228643808383,void--ego-vehicle,1
548228643808383,void--ground,8
548228643808383,void--static,10
548228643808383,void--unlabeled,165
548228643808383,object--vehicle--car,4
548228643808383,object--vehicle--truck,2
548228643808383,object--vehicle--other-vehicle,1
548228643808383,object--support--utility-pole,10
548228643808383,object--street-light,3
548228643808383,object--support--pole,3
548228643808383,object--sign--store,2
548228643808383,object--sign--advertisement,2
158675323658928,construction--barrier--curb,14
158675323658928,construction--barrier--fence,6
158675323658928,construction--barrier--wall,18
158675323658928,construction--flat--road,19
158675323658928,construction--flat--sidewalk,16
158675323658928,construction--structure--building,22
158675323658928,nature--sky,18
158675323658928,nature--terrain,6
158675323658928,nature--vegetation,15
158675323658928,object--wire-group,13
158675323658928,void--dynamic,14
158675323658928,void--ground,4
158675323658928,void--ego-vehicle,1
158675323658928,void--unlabeled,115
158675323658928,object--vehicle--bus,1
158675323658928,object--vehicle--car,5
158675323658928,object--support--pole,2
158675323658928,object--street-light,1
158675323658928,human--person--individual,2
158675323658928,object--traffic-sign--direction-front,1
158675323658928,object--support--utility-pole,1
158675323658928,object--sign--advertisement,1
868033124301593,construction--barrier--fence,9
868033124301593,construction--barrier--wall,7
868033124301593,construction--flat--sidewalk,11
868033124301593,construction--structure--building,12
868033124301593,construction--flat--road,11
868033124301593,nature--sky,20
868033124301593,nature--terrain,1
868033124301593,nature--vegetation,11
868033124301593,object--wire-group,25
868033124301593,void--ego-vehicle,2
868033124301593,void--unlabeled,76
868033124301593,human--person--individual,1
868033124301593,object--banner,1
868033124301593,object--support--pole,4
1246288436271848,construction--flat--road,3
1246288436271848,construction--barrier--fence,2
1246288436271848,construction--barrier--curb,3
1246288436271848,construction--structure--building,8
1246288436271848,construction--flat--sidewalk,4
1246288436271848,nature--sky,9
1246288436271848,void--unlabeled,62
1246288436271848,object--wire-group,3
1246288436271848,nature--vegetation,3
1246288436271848,void--ego-vehicle,2
1246288436271848,object--vehicle--car,4
1246288436271848,object--sign--advertisement,2
207603768516398,construction--barrier--fence,3
207603768516398,construction--flat--road,7
207603768516398,construction--flat--sidewalk,8
207603768516398,construction--structure--building,11
207603768516398,nature--sky,33
207603768516398,nature--vegetation,11
207603768516398,object--wire-group,13
207603768516398,void--ego-vehicle,2
207603768516398,void--static,8
207603768516398,void--unlabeled,36
207603768516398,object--sign--store,3
207603768516398,object--support--pole,1
510108441198088,construction--barrier--curb,6
510108441198088,construction--flat--road,6
510108441198088,construction--barrier--fence,5
510108441198088,construction--flat--sidewalk,5
510108441198088,construction--structure--building,31
510108441198088,nature--mountain,5
510108441198088,nature--sky,25
510108441198088,nature--vegetation,11
510108441198088,object--wire-group,56
510108441198088,void--ego-vehicle,2
510108441198088,void--ground,9
510108441198088,void--static,21
510108441198088,void--unlabeled,173
510108441198088,human--person--individual,3
510108441198088,object--vehicle--car,11
510108441198088,object--street-light,4
510108441198088,object--support--utility-pole,11
510108441198088,object--sign--advertisement,6
510108441198088,object--vehicle--truck,2
510108441198088,object--vehicle--wheeled-slow,2
510108441198088,object--support--pole,3
510108441198088,object--trash-can,1
510108441198088,human--rider--motorcyclist,1
510108441198088,object--vehicle--motorcycle,1
510108441198088,object--vehicle--trailer,1
510108441198088,object--mailbox,1
510108441198088,object--traffic-sign--front,1
182946724435381,construction--barrier--curb,4
182946724435381,construction--barrier--fence,3
182946724435381,construction--barrier--wall,4
182946724435381,construction--flat--parking,3
182946724435381,construction--flat--road,7
182946724435381,construction--flat--sidewalk,12
182946724435381,construction--structure--building,27
182946724435381,construction--flat--traffic-island,2
182946724435381,nature--sky,13
182946724435381,nature--terrain,4
182946724435381,nature--vegetation,19
182946724435381,object--wire-group,9
182946724435381,void--ego-vehicle,2
182946724435381,void--ground,9
182946724435381,void--unlabeled,176
182946724435381,object--vehicle--car,10
182946724435381,human--person--individual,4
182946724435381,object--support--pole,5
182946724435381,object--street-light,8
182946724435381,object--support--utility-pole,8
182946724435381,object--traffic-sign--front,1
182946724435381,object--sign--store,3
182946724435381,object--sign--advertisement,2
182946724435381,object--traffic-sign--back,1
1646873695726881,construction--barrier--fence,6
1646873695726881,construction--flat--road,11
1646873695726881,construction--structure--building,13
1646873695726881,construction--flat--sidewalk,10
1646873695726881,nature--sky,9
1646873695726881,object--wire-group,14
1646873695726881,void--ego-vehicle,6
1646873695726881,void--ground,11
1646873695726881,void--unlabeled,64
1646873695726881,object--support--utility-pole,3
1646873695726881,object--traffic-sign--direction-front,1
1646873695726881,object--vehicle--truck,1
1646873695726881,object--street-light,1
928217991689644,construction--barrier--curb,9
928217991689644,construction--barrier--fence,9
928217991689644,construction--barrier--wall,7
928217991689644,construction--flat--road,7
928217991689644,construction--flat--sidewalk,9
928217991689644,construction--structure--building,20
928217991689644,nature--sky,28
928217991689644,nature--vegetation,6
928217991689644,object--wire-group,26
928217991689644,void--ego-vehicle,2
928217991689644,void--static,13
928217991689644,void--unlabeled,36
928217991689644,object--banner,1
928217991689644,object--sign--store,2
928217991689644,object--support--pole,1
202478889135786,construction--barrier--fence,12
202478889135786,construction--barrier--wall,25
202478889135786,construction--flat--road,3
202478889135786,construction--flat--sidewalk,5
202478889135786,construction--structure--building,43
202478889135786,nature--mountain,6
202478889135786,nature--sky,35
202478889135786,nature--vegetation,5
202478889135786,object--wire-group,54
202478889135786,void--ego-vehicle,2
202478889135786,void--ground,9
202478889135786,void--static,37
202478889135786,void--unlabeled,154
202478889135786,object--vehicle--truck,2
202478889135786,object--vehicle--car,3
202478889135786,human--person--individual,2
202478889135786,object--street-light,3
202478889135786,object--support--utility-pole,11
202478889135786,object--sign--information,1
202478889135786,object--support--pole,1
1278256779776826,construction--barrier--curb,7
1278256779776826,construction--flat--parking,1
1278256779776826,construction--flat--sidewalk,9
1278256779776826,construction--structure--building,21
1278256779776826,construction--barrier--fence,2
1278256779776826,construction--flat--road,1
1278256779776826,nature--sky,8
1278256779776826,nature--vegetation,1
1278256779776826,object--wire-group,12
1278256779776826,void--ego-vehicle,2
1278256779776826,void--unlabeled,77
1278256779776826,object--vehicle--car,3
1278256779776826,object--sign--store,1
1278256779776826,object--vehicle--motorcycle,1
1278256779776826,human--person--individual,2
1278256779776826,object--support--utility-pole,2
1278256779776826,human--rider--motorcyclist,1
1278256779776826,object--sign--advertisement,1
310955417250470,object--support--pole,1
310955417250470,object--support--utility-pole,1
1123171935021123,construction--barrier--curb,12
1123171935021123,construction--barrier--fence,10
1123171935021123,construction--barrier--wall,4
1123171935021123,construction--flat--road,15
1123171935021123,construction--flat--traffic-island,10
1123171935021123,construction--structure--building,31
1123171935021123,nature--sky,25
1123171935021123,nature--vegetation,13
1123171935021123,object--wire-group,28
1123171935021123,void--ego-vehicle,1
1123171935021123,void--ground,23
1123171935021123,void--unlabeled,180
1123171935021123,object--vehicle--car,12
1123171935021123,object--street-light,7
1123171935021123,object--support--utility-pole,9
1123171935021123,object--support--pole,9
1123171935021123,human--person--individual,3
1123171935021123,object--sign--advertisement,3
1123171935021123,object--vehicle--bus,1
578551844212750,construction--barrier--curb,19
578551844212750,construction--flat--parking,12
578551844212750,construction--flat--sidewalk,12
578551844212750,construction--barrier--wall,5
578551844212750,construction--flat--road,7
578551844212750,construction--flat--traffic-island,11
578551844212750,construction--structure--building,30
578551844212750,nature--sky,34
578551844212750,nature--terrain,5
578551844212750,nature--vegetation,15
578551844212750,object--wire-group,15
578551844212750,void--ego-vehicle,1
578551844212750,void--unlabeled,209
578551844212750,human--person--individual,5
578551844212750,object--vehicle--car,12
578551844212750,object--sign--store,3
578551844212750,object--street-light,6
578551844212750,object--sign--advertisement,3
578551844212750,object--support--utility-pole,12
578551844212750,object--traffic-sign--back,1
578551844212750,object--vehicle--truck,1
578551844212750,animal--bird,1
578551844212750,object--support--pole,2
598583885097713,construction--barrier--curb,10
598583885097713,construction--flat--road,13
598583885097713,construction--flat--sidewalk,14
598583885097713,construction--flat--traffic-island,3
598583885097713,construction--structure--building,7
598583885097713,nature--sky,10
598583885097713,nature--terrain,5
598583885097713,nature--vegetation,12
598583885097713,object--wire-group,12
598583885097713,void--ego-vehicle,6
598583885097713,void--ground,7
598583885097713,void--unlabeled,78
598583885097713,object--banner,1
598583885097713,object--vehicle--car,3
598583885097713,object--sign--advertisement,2
598583885097713,object--support--utility-pole,2
598583885097713,object--traffic-sign--direction-front,1
598583885097713,object--support--pole,1
219089307259929,construction--barrier--curb,6
219089307259929,construction--barrier--fence,2
219089307259929,construction--barrier--wall,10
219089307259929,construction--barrier--guard-rail,2
219089307259929,construction--flat--road,15
219089307259929,construction--structure--building,26
219089307259929,construction--flat--traffic-island,2
219089307259929,construction--flat--sidewalk,1
219089307259929,nature--mountain,6
219089307259929,nature--sky,18
219089307259929,nature--terrain,8
219089307259929,nature--vegetation,15
219089307259929,object--wire-group,14
219089307259929,void--dynamic,4
219089307259929,void--ego-vehicle,1
219089307259929,void--unlabeled,111
219089307259929,object--vehicle--car,7
219089307259929,object--support--utility-pole,4
219089307259929,object--street-light,5
219089307259929,object--sign--advertisement,2
219089307259929,object--support--pole,7
219089307259929,object--traffic-sign--front,1
219089307259929,human--person--individual,1
595003875836173,construction--barrier--curb,2
595003875836173,construction--barrier--fence,20
595003875836173,construction--flat--road,5
595003875836173,construction--barrier--wall,9
595003875836173,construction--flat--sidewalk,3
595003875836173,construction--structure--building,14
595003875836173,nature--sky,8
595003875836173,object--wire-group,16
595003875836173,void--ego-vehicle,2
595003875836173,void--ground,7
595003875836173,void--static,11
595003875836173,void--unlabeled,67
595003875836173,object--vehicle--car,2
595003875836173,human--person--individual,1
595003875836173,object--support--utility-pole,1
595003875836173,object--support--pole,2
595003875836173,object--sign--store,1
602470281325284,construction--barrier--fence,3
602470281325284,construction--barrier--wall,8
602470281325284,nature--sky,10
602470281325284,construction--flat--road,2
602470281325284,construction--flat--curb-cut,6
602470281325284,construction--flat--sidewalk,6
602470281325284,construction--structure--building,13
602470281325284,nature--vegetation,5
602470281325284,object--wire-group,12
602470281325284,void--ego-vehicle,2
602470281325284,void--ground,4
602470281325284,void--unlabeled,48
602470281325284,object--support--utility-pole,1
602470281325284,object--vehicle--car,1
602470281325284,object--street-light,1
602470281325284,object--sign--store,1
602470281325284,construction--flat--driveway,1
526772596239693,construction--barrier--curb,2
526772596239693,construction--barrier--wall,7
526772596239693,construction--flat--curb-cut,2
526772596239693,construction--structure--building,17
526772596239693,nature--sky,10
526772596239693,construction--flat--road,2
526772596239693,construction--flat--sidewalk,5
526772596239693,nature--vegetation,15
526772596239693,object--wire-group,5
526772596239693,void--ego-vehicle,1
526772596239693,void--static,4
526772596239693,void--unlabeled,36
526772596239693,object--vehicle--car,1
526772596239693,object--support--utility-pole,1
526772596239693,object--sign--store,2
598691138427131,construction--barrier--wall,3
598691138427131,construction--flat--road,5
598691138427131,construction--structure--building,10
598691138427131,nature--sky,11
598691138427131,construction--flat--sidewalk,9
598691138427131,object--wire-group,9
598691138427131,nature--terrain,4
598691138427131,nature--vegetation,2
598691138427131,void--ego-vehicle,2
598691138427131,void--ground,13
598691138427131,void--unlabeled,40
598691138427131,object--support--utility-pole,2
598691138427131,object--sign--advertisement,2
598691138427131,object--support--pole,1
598691138427131,object--sign--store,1
598691138427131,object--sign--information,1
474511098120524,construction--barrier--curb,18
474511098120524,construction--barrier--guard-rail,9
474511098120524,construction--barrier--wall,12
474511098120524,construction--flat--road,31
474511098120524,construction--flat--sidewalk,35
474511098120524,construction--flat--traffic-island,2
474511098120524,construction--structure--building,27
474511098120524,nature--sky,21
474511098120524,nature--terrain,9
474511098120524,nature--vegetation,22
474511098120524,object--wire-group,16
474511098120524,void--ego-vehicle,1
474511098120524,void--ground,27
474511098120524,void--static,5
474511098120524,void--unlabeled,136
474511098120524,object--vehicle--car,7
474511098120524,human--person--individual,6
474511098120524,object--vehicle--bus,1
474511098120524,object--traffic-sign--direction-front,1
474511098120524,object--vehicle--motorcycle,1
474511098120524,object--support--pole,5
474511098120524,object--support--utility-pole,1
474511098120524,object--sign--store,1
474511098120524,object--cctv-camera,1
604824054333912,construction--barrier--curb,10
604824054333912,construction--flat--sidewalk,8
604824054333912,construction--barrier--fence,8
604824054333912,construction--barrier--wall,5
604824054333912,construction--flat--road,19
604824054333912,construction--structure--building,32
604824054333912,nature--mountain,6
604824054333912,nature--sky,24
604824054333912,nature--terrain,7
604824054333912,nature--vegetation,20
604824054333912,object--wire-group,17
604824054333912,void--car-mount,3
604824054333912,void--ego-vehicle,2
604824054333912,void--unlabeled,89
604824054333912,object--vehicle--car,7
604824054333912,object--street-light,5
604824054333912,object--support--utility-pole,5
604824054333912,object--support--pole,3
604824054333912,object--sign--advertisement,2
604824054333912,human--person--individual,1
2990040167882216,object--support--pole,1
2990040167882216,object--street-light,1
735092511530904,construction--barrier--curb,5
735092511530904,construction--flat--parking,8
735092511530904,construction--flat--road,13
735092511530904,construction--flat--sidewalk,3
735092511530904,construction--flat--traffic-island,3
735092511530904,construction--structure--building,36
735092511530904,nature--sky,19
735092511530904,nature--terrain,4
735092511530904,nature--vegetation,8
735092511530904,object--wire-group,15
735092511530904,void--car-mount,2
735092511530904,void--ego-vehicle,2
735092511530904,void--ground,8
735092511530904,void--unlabeled,178
735092511530904,object--vehicle--car,14
735092511530904,object--vehicle--motorcycle,1
735092511530904,human--person--individual,3
735092511530904,object--sign--store,2
735092511530904,object--support--utility-pole,6
735092511530904,object--vehicle--truck,1
735092511530904,object--manhole,2
735092511530904,object--street-light,4
735092511530904,object--sign--advertisement,4
735092511530904,object--support--pole,4
735092511530904,object--traffic-sign--back,1
3434639576855204,construction--barrier--curb,3
3434639576855204,construction--flat--curb-cut,1
3434639576855204,construction--flat--sidewalk,5
3434639576855204,construction--flat--road,1
3434639576855204,construction--structure--building,8
3434639576855204,nature--terrain,4
3434639576855204,nature--sky,7
3434639576855204,nature--vegetation,12
3434639576855204,object--wire-group,11
3434639576855204,void--ego-vehicle,2
3434639576855204,void--ground,4
3434639576855204,void--unlabeled,29
3434639576855204,human--person--individual,1
3434639576855204,object--traffic-sign--direction-front,1
3434639576855204,object--sign--store,3
3434639576855204,object--support--utility-pole,2
3434639576855204,object--sign--advertisement,1
3434639576855204,object--support--pole,1
909177736949815,construction--flat--sidewalk,13
909177736949815,construction--barrier--curb,6
909177736949815,construction--flat--road,7
909177736949815,construction--structure--building,20
909177736949815,construction--flat--traffic-island,1
909177736949815,nature--sky,16
909177736949815,nature--vegetation,14
909177736949815,object--wire-group,12
909177736949815,void--ego-vehicle,1
909177736949815,void--ground,8
909177736949815,void--static,20
909177736949815,void--unlabeled,32
909177736949815,object--sign--store,2
909177736949815,object--support--pole,1
595845255417366,construction--barrier--curb,25
595845255417366,construction--barrier--fence,8
595845255417366,construction--flat--road,22
595845255417366,construction--flat--sidewalk,13
595845255417366,construction--flat--traffic-island,14
595845255417366,construction--structure--building,25
595845255417366,nature--sky,18
595845255417366,nature--terrain,9
595845255417366,nature--vegetation,8
595845255417366,object--wire-group,16
595845255417366,void--ground,13
595845255417366,void--ego-vehicle,1
595845255417366,void--unlabeled,129
595845255417366,object--vehicle--car,12
595845255417366,object--street-light,5
595845255417366,object--support--pole,6
595845255417366,object--vehicle--bus,1
595845255417366,object--support--utility-pole,5
595845255417366,construction--flat--driveway,1
595845255417366,human--person--individual,1
595845255417366,object--sign--advertisement,2
595845255417366,object--catch-basin,1
595845255417366,object--vehicle--wheeled-slow,1
732488758424021,construction--barrier--fence,5
732488758424021,construction--barrier--wall,21
732488758424021,construction--flat--sidewalk,5
732488758424021,construction--structure--building,31
732488758424021,construction--flat--road,2
732488758424021,nature--mountain,5
732488758424021,nature--sky,32
732488758424021,nature--vegetation,14
732488758424021,object--wire-group,29
732488758424021,void--ego-vehicle,7
732488758424021,void--ground,11
732488758424021,void--static,24
732488758424021,void--unlabeled,110
732488758424021,object--vehicle--truck,1
732488758424021,object--vehicle--car,5
732488758424021,object--support--utility-pole,11
732488758424021,object--street-light,3
732488758424021,object--sign--advertisement,1
732488758424021,object--banner,1
732488758424021,construction--flat--driveway,1
732488758424021,object--traffic-sign--front,1
937848757220924,construction--barrier--curb,16
937848757220924,construction--barrier--wall,7
937848757220924,construction--flat--road,13
937848757220924,construction--flat--sidewalk,6
937848757220924,construction--structure--building,25
937848757220924,nature--sky,21
937848757220924,nature--vegetation,9
937848757220924,object--wire-group,11
937848757220924,void--ego-vehicle,3
937848757220924,void--ground,2
937848757220924,void--static,10
937848757220924,void--unlabeled,74
937848757220924,object--traffic-cone,2
937848757220924,object--sign--advertisement,1
937848757220924,object--street-light,1
937848757220924,object--support--pole,1
937848757220924,object--traffic-sign--front,1
937848757220924,object--support--utility-pole,1
937848757220924,marking--discrete--other-marking,1
1492604517932514,construction--barrier--curb,3
1492604517932514,construction--barrier--fence,6
1492604517932514,construction--barrier--wall,3
1492604517932514,construction--flat--curb-cut,2
1492604517932514,construction--flat--road,1
1492604517932514,construction--flat--sidewalk,9
1492604517932514,construction--structure--building,12
1492604517932514,nature--sky,6
1492604517932514,nature--vegetation,3
1492604517932514,nature--terrain,3
1492604517932514,object--wire-group,10
1492604517932514,void--ego-vehicle,1
1492604517932514,void--ground,5
1492604517932514,void--unlabeled,33
1492604517932514,object--support--utility-pole,2
1492604517932514,object--sign--advertisement,1
1492604517932514,object--sign--store,1
1492604517932514,object--sign--information,1
593298079335974,construction--barrier--curb,21
593298079335974,construction--barrier--fence,12
593298079335974,construction--flat--road,12
593298079335974,construction--barrier--wall,7
593298079335974,construction--flat--sidewalk,19
593298079335974,construction--structure--building,23
593298079335974,construction--flat--traffic-island,3
593298079335974,nature--sky,28
593298079335974,nature--terrain,3
593298079335974,nature--vegetation,18
593298079335974,object--wire-group,16
593298079335974,void--dynamic,19
593298079335974,void--ego-vehicle,4
593298079335974,void--ground,7
593298079335974,void--static,11
593298079335974,void--unlabeled,127
593298079335974,object--vehicle--car,7
593298079335974,human--person--individual,6
593298079335974,object--traffic-sign--direction-front,1
593298079335974,object--support--utility-pole,1
593298079335974,object--sign--store,1
593298079335974,object--vehicle--motorcycle,1
593298079335974,object--support--pole,3
593298079335974,object--sign--advertisement,1
528658999414655,construction--barrier--curb,7
528658999414655,construction--barrier--fence,22
528658999414655,construction--barrier--wall,4
528658999414655,construction--flat--road,9
528658999414655,construction--flat--sidewalk,16
528658999414655,construction--structure--building,16
528658999414655,nature--sky,6
528658999414655,object--wire-group,8
528658999414655,void--ego-vehicle,2
528658999414655,void--ground,15
528658999414655,void--static,12
528658999414655,void--unlabeled,67
528658999414655,object--vehicle--car,1
528658999414655,human--person--individual,1
528658999414655,object--support--utility-pole,2
528658999414655,object--traffic-sign--direction-front,1
528658999414655,object--street-light,1
528658999414655,object--sign--store,1
528658999414655,object--support--pole,3
528658999414655,object--sign--information,1
4544223148941155,object--support--utility-pole,2
