id_imagen,longitud,latitud,fecha_captura_timestamp,fecha_captura_utc,distrito,zona_estudio,angulo_camara,id_secuencia,url_miniatura,tipo_camara,marca,modelo,es_panoramica,calidad,cantidad_objetos_detectados
1725467038238534,-77.047979967786,-12.103378397633,1727989888594,2024-10-03T21:11:28.594000Z,SAN ISIDRO,san_isidro_01,157.7558101041,Pcjb5nMZB3HA0osXIEyl8r,https://scontent.flim26-1.fna.fbcdn.net/m1/v/t6/An_1J1uFIH2dLi3IQldF7vFDxz0TEJpsI0CiiaP8sdY_pEpg46rFLLOe8GxG3W16YIxlwCXaus6E9EPzfYa2ipz5OlMWFNNpsqzYMUIqhw0T93BXLl4u7no9Sp_QnlXZS4E4_YCkTI3qMZyQGgzhiEw?stp=s1024x576&edm=AOnQwmMEAAAA&_nc_gid=spuPpTwKBjTBf6VAtaN3mw&_nc_oc=AdrvNuYZ0K3wwO3XfUYilrPwF-dtYWGe1iOjp34VW59ikTexbJ6hn1AMw-UJy8RuxUI&ccb=10-5&oh=00_AQJBToZikpi-ovWkF-3J10PIOFQSRn-7wr0anWqf2Sk2zg&oe=6AC9436A&_nc_sid=201bca,perspective,none,none,False,0.639,248
2633416350379749,-77.047941296957,-12.103760751658,1727989891794,2024-10-03T21:11:31.794000Z,SAN ISIDRO,san_isidro_01,171.29884063904,Pcjb5nMZB3HA0osXIEyl8r,https://scontent.flim26-1.fna.fbcdn.net/m1/v/t6/An9SLBGCEyCyO_lLrrb8H1eOwFbOme0NZLK71XAcWsJoN4fp_IL3aBIeMHdcxS3Z9KAynG7DK8yZaAroGo7ZQaZWQJvSBgPhnIdPCSBeYMbN2ZJy1S-z8BHv0G5tppTWm-H_AxBUBZ8m3f3AV0dlmSk?stp=s1024x576&edm=AOnQwmMEAAAA&_nc_gid=spuPpTwKBjTBf6VAtaN3mw&_nc_oc=Adq5qLZJT4iI2hMGVoeQcwQja_LnXw8rTq_wdgC90RXeCi0ISHwrJxS2o_h3SFV_hV8&ccb=10-5&oh=00_AQKYsIaDQdDF8a-3d3LUiEbxOAazYIFxlp9jik75iAruFQ&oe=6AC9367E&_nc_sid=201bca,perspective,none,none,False,0.649,232
1227458295172979,-77.047981827472,-12.103330855474,1727989888194,2024-10-03T21:11:28.194000Z,SAN ISIDRO,san_isidro_01,157.7558101041,Pcjb5nMZB3HA0osXIEyl8r,https://scontent.flim26-1.fna.fbcdn.net/m1/v/t6/An_3fNAaE-vXuEElYyhWKmcO45kUin16o0--QEhgD8BbU63vtqqyM43sW_rKwSmd6D8f1JInPaYxUK3ylx7QfiRCtXt9-lgaVJ7CAC_91xkKdcxS9KDKeFlrZ7FMjEAVQ4xa5UdRC6IPbgBHdybkHIY?stp=s1024x576&edm=AOnQwmMEAAAA&_nc_gid=spuPpTwKBjTBf6VAtaN3mw&_nc_oc=AdpD-gutDEmKjcEqJAESeJ_2hhLWJuaZCmyyPSq3Ztm2JROVp4eLyYUUxZS1j2wXpJ4&ccb=10-5&oh=00_AQL-5YrPUEuWV6mr_Q3p44oLDTxr5Pd1yoSuYA0A-ECX0w&oe=6AC945D3&_nc_sid=201bca,perspective,none,none,False,0.581,294
1075226170351579,-77.051602433367,-12.102520278369,1728144028198,2024-10-05T16:00:28.198000Z,SAN ISIDRO,san_isidro_01,178.68976488517,HWpA3xYVrRNQU0oTcv42lZ,https://scontent.flim26-1.fna.fbcdn.net/m1/v/t6/An-fkLjh-QNhc6GgOaVQo65QIJIq5YCWCBvAmNxvcgPZ4_VokKiKf5ruLiFNV3JEW1PP0xbg9fc1wzO9QZzLnrUJe0EkJzepFHoXWjnsl_ov8vvBg7ZDbLNMV8L1QEAfulmKg5TzZBG60zCDxkiULw?stp=s1024x576&edm=AOnQwmMEAAAA&_nc_gid=spuPpTwKBjTBf6VAtaN3mw&_nc_oc=AdqIfMvKVVYrrawuOeWiaIFLxpxOunaXxvrt37z3dodSGCsQ1Qs4AJVXrpP5YJgnaQY&ccb=10-5&oh=00_AQKtZNklpzCQ9wflZcSt2A2aJI6GEZkNnF3EOq74aX-Zuw&oe=6AC96008&_nc_sid=201bca,perspective,none,none,False,0.611,123
1015085723641010,-77.05144622763,-12.102491084852,1728144027196,2024-10-05T16:00:27.196000Z,SAN ISIDRO,san_isidro_01,177.7941506556,dHVIxWU1ezpaEXGms4JvCr,https://scontent.flim26-1.fna.fbcdn.net/m1/v/t6/An_M_BjWo8lX14hurKZQrBPdaQJLsGmzVFyJHOl9JC7KOm5RLl7jer1DgFxBcKri1bqlkJSbglDDwi1eq-zWK6N52xQ3n9XoSQ5QlXRZqLjpsXLg5jINh5Gk4piX5nYg0E3fOSyEuBeq-_qd8EHyCQ?stp=s1024x576&edm=AOnQwmMEAAAA&_nc_gid=spuPpTwKBjTBf6VAtaN3mw&_nc_oc=AdrelIAUmSQIitsiwgppjsvYyNMOMVfuK0YWg0B_OcFIXYkDxLiZrH0zLwSqZIXidAs&ccb=10-5&oh=00_AQIu6obVVUOmNyMJccDLBgRAkCe4lijzy-X-vUhrFz1zRg&oe=6AC93B3E&_nc_sid=201bca,perspective,none,none,False,0.474,159
1236660840892462,-77.047973754568,-12.103477348557,1727989889394,2024-10-03T21:11:29.394000Z,SAN ISIDRO,san_isidro_01,172.44116042737,Pcjb5nMZB3HA0osXIEyl8r,https://scontent.flim26-1.fna.fbcdn.net/m1/v/t6/An8B29R7jKLxGIquTutjRCEgyFYzK6Kpf2510m3n8jDxwwWjiQXcumSNxQy6SuIBu7xhRaUn_uGO3F2OV7VnaM1CP9Lv33nMgTvfWPPMCUPYF0jZDIaqXyrmTDqNn2doouzhDug3usmQwa1piFCTbrw?stp=s1024x576&edm=AOnQwmMEAAAA&_nc_gid=spuPpTwKBjTBf6VAtaN3mw&_nc_oc=Adq_AkeqLwLITxB77EnSA91dFc7JnKIXZw0_1j0ckJ---gxhkYxSfQuHRxGEoqdqFLs&ccb=10-5&oh=00_AQI0-Fj0KYACjkfP6xNCIGMrJuVrBxatM_lJG1iXAbWPGA&oe=6AC953FC&_nc_sid=201bca,perspective,none,none,False,0.655,229
1264498954983487,-77.0479298877,-12.103806215189,1727989892195,2024-10-03T21:11:32.195000Z,SAN ISIDRO,san_isidro_01,171.39520072142,Pcjb5nMZB3HA0osXIEyl8r,https://scontent.flim26-1.fna.fbcdn.net/m1/v/t6/An8fRNT5PvySdO8NLYyqHq69BcE1ye13HLxd01BDjjIeCrAAOXv6PYUq2KA8ZdmAd7AiEDbzdPZO2YH_rNNVkUQJ9OufvnDwRZJ1FLDlTjsXQ228l2jI9msY5P3A2WRCKsNf7alXSjcBhxibpnYU1Q?stp=s1024x576&edm=AOnQwmMEAAAA&_nc_gid=spuPpTwKBjTBf6VAtaN3mw&_nc_oc=Adq_AWvW27tXYUSw_OIefF3i1dpGISshIdGqvf6gT16wNwr0VRTUqeyjYBC55ukuD60&ccb=10-5&oh=00_AQLrQBhAtz6Sv5ehiuqY_tykOvOccnpNfu-F0x3WJLS8QQ&oe=6AC93F1E&_nc_sid=201bca,perspective,none,none,False,0.608,212
1513665445980666,-77.047910166913,-12.103894994502,1727989892995,2024-10-03T21:11:32.995000Z,SAN ISIDRO,san_isidro_01,171.39520072142,Pcjb5nMZB3HA0osXIEyl8r,https://scontent.flim26-1.fna.fbcdn.net/m1/v/t6/An-hewc1wP6kC2ZVtfmfAsdgUDaiL8gbIkaR6_7_PKKGSv1riyzcvBN_3iX_4HT3WD3pOeMnziBt6PI5ZDvNd9qYyVIV6BtweX575FJl2bJbOJPrzvqOgjTbPEZGtAbAk86URipbJ4QXxPEKAGPXOkI?stp=s1024x576&edm=AOnQwmMEAAAA&_nc_gid=spuPpTwKBjTBf6VAtaN3mw&_nc_oc=AdpaofyQQefY0MPWjKRuiGdV1Any9--rgWI9mcizdH4Nlh3GebglVZN3xJasKG-vy7k&ccb=10-5&oh=00_AQJ7vUAmdV-N_oq1kqG7soHzqOIqGEfPqeon5LJBnIhCvg&oe=6AC93262&_nc_sid=201bca,perspective,none,none,False,0.615,202
540402105363207,-77.047977858509,-12.103426030761,1727989888994,2024-10-03T21:11:28.994000Z,SAN ISIDRO,san_isidro_01,157.7558101041,Pcjb5nMZB3HA0osXIEyl8r,https://scontent.flim26-1.fna.fbcdn.net/m1/v/t6/An_1a6BF9a007y40j9mCELSwqkiHuEu3eTPD_Ey9VbpEkIT6Gak4c1iuJmF59sLUcGXXMly6cWds9aYhG-_JQWmiLlZkKmNvArCJ6EgJdn5zQXqz94-KeQPqtuiU0CiWDU9aZwrOo7fZINsFEh7M-_w?stp=s1024x576&edm=AOnQwmMEAAAA&_nc_gid=spuPpTwKBjTBf6VAtaN3mw&_nc_oc=Adpy0k5CwFEQ9WV32BDDHYk5k00DWGeiUTMxkDwcTRT2gFqu8H3EvEEVqv9K6gp7Z5I&ccb=10-5&oh=00_AQJcHnrFPPOdM5wj9sxZguc-CPUhpe1N53BnCb_IIv5sSQ&oe=6AC94F0B&_nc_sid=201bca,perspective,none,none,False,0.616,215
579098404678372,-77.047948846742,-12.103720183957,1727989891394,2024-10-03T21:11:31.394000Z,SAN ISIDRO,san_isidro_01,171.29884063904,Pcjb5nMZB3HA0osXIEyl8r,https://scontent.flim26-1.fna.fbcdn.net/m1/v/t6/An-ZnGslvWU70xHOauU9M_M9RWf9duiwtLNUxmISRdMAyx0Pzx5R3GjxvUsx8juF6K-djeM4CUpBm3CxeupoYC4v9WcBILbQ8Zis3RNVR2nVkBMAlMR_EtEVrMkIN1Hkku6rt5bZCO_YsolXkKx0JTk?stp=s1024x576&edm=AOnQwmMEAAAA&_nc_gid=spuPpTwKBjTBf6VAtaN3mw&_nc_oc=Ado0tU0XUGm8ceRTPKB0K8cUg-wZZdBMoAJQ5Li_KozINPeWifDFXb0uXRAN2Gkp6r8&ccb=10-5&oh=00_AQJGgD-Z44SUJFB1qMyyNYkQBfg5lqmSHZZarU1RS7-R0g&oe=6AC94D2E&_nc_sid=201bca,perspective,none,none,False,0.622,178
1053123993259922,-77.051367760956,-12.102523101395,1727981101594,2024-10-03T18:45:01.594000Z,SAN ISIDRO,san_isidro_01,7.8593672685049,YbWEMpyKhfsDC7R2Iu4UB1,https://scontent.flim26-1.fna.fbcdn.net/m1/v/t6/An9ONayt-atA-ozMuw4H_SdRErlInAISAolHMo5cqiOCq9A1rpmMQ1DrvD8hZObWQcmgBYGHGY_WBTyUfhLwupThmJ499lUw9_7rcY7mqhtMH6-CM3RXumKmVzSdAax0-a8tkNrL3CK-9pYpdFZ4Fz0?stp=s1024x576&edm=AOnQwmMEAAAA&_nc_gid=spuPpTwKBjTBf6VAtaN3mw&_nc_oc=AdqIkS8h81dXTA-ADxje_sZiRp2q9mHoK6AYTN8GfKbtXTSjKk9d8TiOX64K9DdEcL4&ccb=10-5&oh=00_AQJJXmhdBIxWsBekwHjgJH9XEAP0j-RenrZRaA3itJfrYQ&oe=6AC953F4&_nc_sid=201bca,perspective,none,none,False,0.592,258
1066220184739129,-77.05150501518,-12.102586775863,1728144029799,2024-10-05T16:00:29.799000Z,SAN ISIDRO,san_isidro_01,181.29884551835,HWpA3xYVrRNQU0oTcv42lZ,https://scontent.flim26-1.fna.fbcdn.net/m1/v/t6/An9dljeGAnEZdH_uhLiF88XdqUgM4l24NnV8El2ZwBLHIccPTfiPhAh5joUHvIz8WumYpPAQfOgE79dsCuI_IK8Xfz3fhHN8IRoKvTc7eEv1j7iVYmQVCPyh04ERl6pjWRf6boVY-Bx7n9iBDSaskg?stp=s1024x576&edm=AOnQwmMEAAAA&_nc_gid=spuPpTwKBjTBf6VAtaN3mw&_nc_oc=AdpdvjZ5zUB5YE5NsdMLTm_jxKW1xHXoZqiTUZOZvMS63UO9grjXRwz_lYw3qDPR-ao&ccb=10-5&oh=00_AQIGLUosnTAqh19IwMMHnio0JDb_Onh-dZ5S1Jhahvpywg&oe=6AC94AE1&_nc_sid=201bca,perspective,none,none,False,0.647,121
27415642801412788,-77.047955946818,-12.103674051547,1727989890994,2024-10-03T21:11:30.994000Z,SAN ISIDRO,san_isidro_01,172.90202863033,Pcjb5nMZB3HA0osXIEyl8r,https://scontent.flim26-1.fna.fbcdn.net/m1/v/t6/An9wF-wNQzGh_jVwUDY0jb-0X5IdhuJhCF6tEGrDLmNDIV-8PWaQZoJriDqw1fozjCQ363NFVZLn-C_SzPwRdLANsYdvk02WLZsGZJDSVz4isgaxHGNyTALBtEI2wmciAXLLifa6VPrxvjSotA8eqA?stp=s1024x576&edm=AOnQwmMEAAAA&_nc_gid=spuPpTwKBjTBf6VAtaN3mw&_nc_oc=AdojuvT7mHQwlJ5qi9LRX3oFEIkvL3RKZJaF8GIJePFhQ_mJLi-A8mhQM2xYHpFRG1A&ccb=10-5&oh=00_AQKTbjjqde7FI13eAsLOvztPsdMuicwW8tdVHXSWzA2ugw&oe=6AC94416&_nc_sid=201bca,perspective,none,none,False,0.633,200
1301638147685285,-77.047965645656,-12.103578732898,1727989890194,2024-10-03T21:11:30.194000Z,SAN ISIDRO,san_isidro_01,172.90202863033,Pcjb5nMZB3HA0osXIEyl8r,https://scontent.flim26-1.fna.fbcdn.net/m1/v/t6/An_9PkxtSxryWujeS95x64SNB-p990p-PFMRVwNn1szdTzxBxYBsBLoH6E6q7B2fJPRCPY5KITBgDLcxKPAAsZXtYVXHNNVImD4pfmxjSRCpCZf8sKTXQunTou8f_Z__6w99ruTb1ewXuKobiDqWHQ?stp=s1024x576&edm=AOnQwmMEAAAA&_nc_gid=spuPpTwKBjTBf6VAtaN3mw&_nc_oc=AdqjxqgWnfFhS7Egu2IIfMF8vd2thzWg4wLlCP6ajAK4P-GMqky4Kx_kAXVCBdBoWI8&ccb=10-5&oh=00_AQJNrlhyV6xPonQV0DuiV1qSXMZCTyU26Kw2DN33Ws-aiw&oe=6AC95095&_nc_sid=201bca,perspective,none,none,False,0.633,189
1192092185426226,-77.051460937238,-12.102531908206,1728162067591,2024-10-05T21:01:07.591000Z,SAN ISIDRO,san_isidro_01,187.31507004107,ExF8O94imy7CvdnKo5UXwQ,https://scontent.flim26-1.fna.fbcdn.net/m1/v/t6/An8fbJpNjwm3mo5djG_HoyuPuIJdOSfVZVUIO3YgFlckV88rypLhCwGAEGTQNxmeocj6TYYcJuLoN4fVIqDTxhM7QVaepcHdqF9eD549E7jeaGGMYJO4ZkH4-KTYsHDxk_5nIV4O7-QsirsG7VwuPt8?stp=s1024x576&edm=AOnQwmMEAAAA&_nc_gid=spuPpTwKBjTBf6VAtaN3mw&_nc_oc=Adrryl0TA_D4ETjPLDS6aah974H3rjwtWJW9_NlnxWLhLD0Cqpnz3iDloSCvmnhbu3Q&ccb=10-5&oh=00_AQJh5wOrr17BZ0JwG89uQ0TbsQVbpCW7NROBjpPR99AQOQ&oe=6AC9410E&_nc_sid=201bca,perspective,none,none,False,0.522,141
1481237289255546,-77.04792007406,-12.10385067353,1727989892595,2024-10-03T21:11:32.595000Z,SAN ISIDRO,san_isidro_01,171.39520072142,Pcjb5nMZB3HA0osXIEyl8r,https://scontent.flim26-1.fna.fbcdn.net/m1/v/t6/An_BFgCMtpJ7VDBQKavA7OB2Ea8HuudOqrxN3H9cTW15E9kp2EA3nm94oxJTgGZFyIIUjruq7tvZYPhE0s_7zzHSCS69ZVeh9peP6fNXnJmcuAjWdIchAuBkVfVTA8z1OcZE27ZRfkTJPWsY6eup8g?stp=s1024x576&edm=AOnQwmMEAAAA&_nc_gid=spuPpTwKBjTBf6VAtaN3mw&_nc_oc=AdoMkQ5fJDXjMALOkcM6a4pyJ7ou4wZxTO36pKZN7uJZESFQNy6iKlykh20aYyO6M5U&ccb=10-5&oh=00_AQKRUvEJ_gLY9uj476t3Nc6jdMPa-zCObwIPfZUOLMzq2g&oe=6AC95E8F&_nc_sid=201bca,perspective,none,none,False,0.642,210
1093282692377562,-77.05153281535,-12.102508759954,1727984922999,2024-10-03T19:48:42.999000Z,SAN ISIDRO,san_isidro_01,188.28353261979,SLGtlBx2gQjzUuq4RmIHbC,https://scontent.flim26-1.fna.fbcdn.net/m1/v/t6/An_viaKdnu2lwO-jgH3Cog1ltz3_46IEavzL5kGJaRs7z3A_LTABHa3Prv0Cw7vUYaOM3eawU3ZV_kc6WmeUAjXIGl4g0QnsvOpuQHqdsufvca-tpoWnCEcL9p-KIC9GiJQURcPODqdn6l58G75iNg?stp=s1024x576&edm=AOnQwmMEAAAA&_nc_gid=spuPpTwKBjTBf6VAtaN3mw&_nc_oc=Adp9lb3vwwjoBs9V2CWIpns7V3Ipl5Td9pyu-g93NMs0SNeEAgctornWM7nezuEfBGo&ccb=10-5&oh=00_AQJDnr6whnbyJ7vDdR08B74SrXqQrsaZcenHeTH6Uk7fXg&oe=6AC93CAA&_nc_sid=201bca,perspective,none,none,False,0.63,353
1093632498941411,-77.051504469384,-12.102570454922,1727984924590,2024-10-03T19:48:44.590000Z,SAN ISIDRO,san_isidro_01,195.63343921626,Y0Slx2iMneaTWmyUuv6ELj,https://scontent.flim26-1.fna.fbcdn.net/m1/v/t6/An9oMbYsi_T8ippB54OdZqHSUfj9bd_dLyiYYrqfAC3XcxUb1PxeslV1Dw3sjnY1a0P8gEBJ01jp1SI73qnVWVpzZkirW9QUgJSvASMgbXNzSN9PqsI7Ij8rcwVtra7GuUqB6ys0aBu-VK4PQnbPHQ?stp=s1024x576&edm=AOnQwmMEAAAA&_nc_gid=spuPpTwKBjTBf6VAtaN3mw&_nc_oc=AdqiBzcv1S81AlUdX0kLJWsvVGcuXTFh7sIetDHr_gqs1yCOGr3b6gAQ6b6zjqshHKc&ccb=10-5&oh=00_AQJuCT2bgZBv5wqJsRMBwXbomzwEkcnE4p75-du3iPe45A&oe=6AC93149&_nc_sid=201bca,perspective,none,none,False,0.665,115
1222734388949146,-77.051537563075,-12.102543847614,1727984923599,2024-10-03T19:48:43.599000Z,SAN ISIDRO,san_isidro_01,185.73441856726,SLGtlBx2gQjzUuq4RmIHbC,https://scontent.flim26-1.fna.fbcdn.net/m1/v/t6/An_KVGzEmCQXPqFL_7MANfBYw9VQTUNj8avziT2wodXQDoXY_woP4gJHP4JQUf4ZorEw4xX5cvpwOvLySxZWUTztmP9WO4pYOcfAollC7xxDPYRYxTyAUhsBhHNU3DWhyhHqZmNNKBM2QSp3T5P4gQ?stp=s1024x576&edm=AOnQwmMEAAAA&_nc_gid=spuPpTwKBjTBf6VAtaN3mw&_nc_oc=AdqLXw57txxjYh7X7lu22AQf0LNS9c4r0403kImNqUjnLEo3qakxdNZHQEnWUHeJZO4&ccb=10-5&oh=00_AQK3LGnI0i-edfhX2dQfzvNhyOC3mal6_njQ5I3iO5gzLw&oe=6AC944EE&_nc_sid=201bca,perspective,none,none,False,0.593,327
1221449898491431,-77.051456512164,-12.102617306025,1670164549600,2022-12-04T14:35:49.600000Z,SAN ISIDRO,san_isidro_01,276.43,mDTzXA2koZCxBRfqJHjOIU,https://scontent.flim26-1.fna.fbcdn.net/m1/v/t6/An_YpKxCIfxEY5lCpSqIyIJjftNSEVG41xq8fVEl5ZQWtTpDJFDaTsl7e2XfJo-6Z447OckUIWEjHVUoijkY3Syzwq7Q0mfuOSO5EhfubHU4FXO3THjCN0mQcQxCGmzNihaGna3d-eOCb2dERDuJjtw?stp=s1024x576&edm=AOnQwmMEAAAA&_nc_gid=spuPpTwKBjTBf6VAtaN3mw&_nc_oc=AdrODigeK43PyP0NfwnBvNctRaTZ61GaQDoGAATBJOicf0WFwqU9JiYfd6uA7TjN-10&ccb=10-5&oh=00_AQJMOwKg4yINBOeqr4y1QEi5pTGDqZrIDUrRDJzqunEv6Q&oe=6AC92E61&_nc_sid=201bca,perspective,none,none,False,0.336,136
1627193104673079,-77.047963758934,-12.103627424197,1727989890595,2024-10-03T21:11:30.595000Z,SAN ISIDRO,san_isidro_01,172.90202863033,Pcjb5nMZB3HA0osXIEyl8r,https://scontent.flim26-1.fna.fbcdn.net/m1/v/t6/An_0KBB_UuCMWLpW9iWnc5cLs4ingaBXiEwi1JNhFcAuvat_aIbwF7dXalV9qxCMRhD27ayCNb8ZYcSvGN3K-eNJXD0q9whcXwqjM8uNWcUQad74ZNseVw0sLRazjHOuP2rew23CkovfDLVepVfD0MY?stp=s1024x576&edm=AOnQwmMEAAAA&_nc_gid=spuPpTwKBjTBf6VAtaN3mw&_nc_oc=Adre-dL-rnj3_d8_pGn8aL3WxIlRapm9ptfo_TY6az9ewnNZI4mAOQlrtIyfxz15qyQ&ccb=10-5&oh=00_AQI5ej78Wpn97i8xJYHbzUtRmMH2uyAG-eOBH0VleEI2jw&oe=6AC94CFE&_nc_sid=201bca,perspective,none,none,False,0.639,182
1265557521420915,-77.051398147312,-12.102555862766,1728133886598,2024-10-05T13:11:26.598000Z,SAN ISIDRO,san_isidro_01,2.7025206104533,cThZwJDxM9EfjaIULnikA8,https://scontent.flim26-1.fna.fbcdn.net/m1/v/t6/An9gfoN-WTFXSqtu9UB9oXYIWbXDT9gKe0VXZBgegASz_enp4KPVLJR7NuJ6AhMpxZZhdyteVcd2fkcWL5fdj3gazn2xHC9nNLlPqDqsKQi2XGY2kjdxZyxIwXfF_FCOaa9AqdEUJqxE9Zp_hDKHgK4?stp=s1024x576&edm=AOnQwmMEAAAA&_nc_gid=spuPpTwKBjTBf6VAtaN3mw&_nc_oc=AdoOTURxodVItsbyslus0iZimNWOXIx8EZVaBZdBiMMRWLSAyRp-01gWvrdOpf2RiR4&ccb=10-5&oh=00_AQLSAWkGvfD-VlJ1Ck6vU3EKHXM4lNOmV3sjVqjaTBIoyg&oe=6AC94966&_nc_sid=201bca,perspective,none,none,False,0.697,240
1337601507596898,-77.047972812711,-12.103527457124,1727989889794,2024-10-03T21:11:29.794000Z,SAN ISIDRO,san_isidro_01,172.44116042737,Pcjb5nMZB3HA0osXIEyl8r,https://scontent.flim26-1.fna.fbcdn.net/m1/v/t6/An-gJR3L8GNoxYJgRQ1VkHg-NfvRxfwewfXeJa6pc-OLiIMzZssueS-eblVixZZqKgwzK_iA1o__den3bh3-a2r9zCh3DV3hxX0M6I9YQXWPbo7zHT871DI1UBaGKnCjysF5XEyv-GqBSGfKFQI_TJY?stp=s1024x576&edm=AOnQwmMEAAAA&_nc_gid=spuPpTwKBjTBf6VAtaN3mw&_nc_oc=AdriDsUrAlghknNazR4ioyyxdmp3JEwrNwUQvDwqJW5ALf5Yf63o8ALxf--H6qAfI1k&ccb=10-5&oh=00_AQJLuWiIAm30BT7pzDTtDdnhQpbCp1R13KwKmpBDDs9fsA&oe=6AC9492C&_nc_sid=201bca,perspective,none,none,False,0.635,192
1985646111879431,-77.047982312503,-12.103285448206,1727989887794,2024-10-03T21:11:27.794000Z,SAN ISIDRO,san_isidro_01,158.50108202579,Pcjb5nMZB3HA0osXIEyl8r,https://scontent.flim26-1.fna.fbcdn.net/m1/v/t6/An_tikX3Gvb1Wy6dubuJBl5Ea54c1Pp6PdN_TdMkH7-4zgNImwdWz-wueisDBO0wW5pfQfWv7S5le7IS2j8bOuxoNN6z9nZP6pyxA1z7lFojnh8aFvswJC5nU06BWH-ueQjQYySYDxxs0VbJCk77CQ?stp=s1024x576&edm=AOnQwmMEAAAA&_nc_gid=spuPpTwKBjTBf6VAtaN3mw&_nc_oc=AdrGu8ouAFIQJWW8gp_saze12rdbpdky3M4lNijZjbSundDCn5jOHQ-4OEa0Oe-cr1M&ccb=10-5&oh=00_AQIb8op3sRTiz5Tz_UR-u0wmPg6hdmknMcDda-ghz2lB2g&oe=6AC940A4&_nc_sid=201bca,perspective,none,none,False,0.631,270
1542060023337596,-77.047889554545,-12.103959777243,1727989893595,2024-10-03T21:11:33.595000Z,SAN ISIDRO,san_isidro_01,170.03153328956,Pcjb5nMZB3HA0osXIEyl8r,https://scontent.flim26-1.fna.fbcdn.net/m1/v/t6/An94BddSclpzMoSbsRzi5pu-vSgA_8EYnNxe950iaMHnJah7DGJTlmcIJtWBeJybZYRVQnMqQWNcc9LQJztCMDhtKw18fs2swTZkvQ1vYLqs4yEAYGPC6eWSabkHQHwCjVCQyKu755vBcbE-xzQ0ZJ0?stp=s1024x576&edm=AOnQwmMEAAAA&_nc_gid=spuPpTwKBjTBf6VAtaN3mw&_nc_oc=Ado4IMe9HKBdJBlN8F0FgL4NUG4TbpLxGINNn_S_IqYT0ZvJyoCjGH0GyLQRC_zYNUU&ccb=10-5&oh=00_AQKzDAvHV7f4Q77Qfnu5Ueu3z47o0-BOh3iD5A_PZWue0g&oe=6AC94F50&_nc_sid=201bca,perspective,none,none,False,0.633,203
1094833465331526,-77.051504487522,-12.102493826305,1727984923190,2024-10-03T19:48:43.190000Z,SAN ISIDRO,san_isidro_01,192.61501063684,Y0Slx2iMneaTWmyUuv6ELj,https://scontent.flim26-1.fna.fbcdn.net/m1/v/t6/An8Z2H4khJ8qooFku1jx2ZKfMI5nbzcFbArw4uIyFP4dp5bTiC2ni0WevFZO2tr-sQ41qSm3ByQlEmtsIUiG72Xx7T2ol1nzwyCHbZCfLPQBA_K8biB1Kdmv6YwNGcDOea1dF_vgaiMg_ehgHG2ULQ?stp=s1024x576&edm=AOnQwmMEAAAA&_nc_gid=spuPpTwKBjTBf6VAtaN3mw&_nc_oc=AdqQ68iLRt8le1qbw6Z5qFizSz2TvXJTlAYnbmpxCCC3RH0HbzgvMJMxcSuF7SEPLRM&ccb=10-5&oh=00_AQKO4fWzUk-xR6SZ8CLUqk9Qg-4qUm8d3My9Lh_D1-n-Tg&oe=6AC957B9&_nc_sid=201bca,perspective,none,none,False,0.644,174
1067256015184352,-77.046897046395,-12.096846052242,1727973823593,2024-10-03T16:43:43.593000Z,SAN ISIDRO,san_isidro_03,177.74329422073,my7bBeJuOUM9lH1kpzdG6n,https://scontent.flim26-1.fna.fbcdn.net/m1/v/t6/An9XIvpPWlPMBWwVvihAZQFeXjFkLB_eTjkhR-nkwCQfQk6OhYy4vEvJ-Hl-U94zmCnFL5qqMSqcOwq3aFPDROOkk9mO9IEDDrsebpPgOWUn3IU0kN7NTOE3NJRoTbVho6Dy0q-7hCDONHgUX_s48_w?stp=s1024x576&edm=AOnQwmMEAAAA&_nc_gid=YaOFCo4iktoZyu-MH5zWPw&_nc_oc=AdqRkKvXkKHfWs91EgyEIvThrSs4b6U4NNMhCr4P7C5gEpScYQ0Osda0c9eYfctORxU&ccb=10-5&oh=00_AQLtkS3h_-MGT7HTrRGDwnkwYutfS-DRcqFHLmaO-EYRSw&oe=6AC93BC0&_nc_sid=201bca,perspective,none,none,False,0.626,303
1011050750776127,-77.046613820123,-12.097247709292,1727975120196,2024-10-03T17:05:20.196000Z,SAN ISIDRO,san_isidro_03,80.95354066797,Mb1Iq3zhtV6BZxEQiyHnKv,https://scontent.flim26-1.fna.fbcdn.net/m1/v/t6/An_vjbjpWArGloDFFL2eSbc5n7QXH-d7x3UY4vHIzNzqSKNt100kZmnc0SN-9qQU16c3HUyzoP8X4srSAsIBILnXuckxqrPKHDyXSW1OKWmuWqrCa-XVy1EMbjoaaOC-EjmN3S1lx5wrXtHSz50Cuw?stp=s1024x576&edm=AOnQwmMEAAAA&_nc_gid=YaOFCo4iktoZyu-MH5zWPw&_nc_oc=AdoErkwFhz2Ukvp6_nw98d7SwHjXmX7K41Ziy04wzG9mS5v__yR9XzPg_0mKMMJzs_4&ccb=10-5&oh=00_AQLM_jO535y18jHcAJPl8cH5ABdzpO4rSLb7ecxx55yhkQ&oe=6AC95463&_nc_sid=201bca,perspective,none,none,False,0.613,262
1036690995030423,-77.046938140514,-12.097225316559,1727975115396,2024-10-03T17:05:15.396000Z,SAN ISIDRO,san_isidro_03,47.413788563689,sHVOiIBDvwbgNTJmZuU8cr,https://scontent.flim26-1.fna.fbcdn.net/m1/v/t6/An9fjzMaFhsL0QMnJFxRCU99p2UmC-UGHUesL534dHPCt3Pcs0Qfd6ybeU-CBxDLVQUpTN7k_vz0TCBBJUBZ4kPbBkZXWLm_5C7VyU6YbigC3cRgwDEKp90VuP1Qz6aOIeWHeXu6jNYlc91oK-nysg?stp=s1024x576&edm=AOnQwmMEAAAA&_nc_gid=YaOFCo4iktoZyu-MH5zWPw&_nc_oc=Adpe9GQOxuJzpCzGnnp2twVLIHhIgOtp6sUTYwp-grO07iKcsRLJRfrL5Wos-wAWegk&ccb=10-5&oh=00_AQIMT7eyN31PTV46dQasdGzkGVk2Cvg6sC-P0lFNn0SXLw&oe=6AC96253&_nc_sid=201bca,perspective,none,none,False,0.692,460
1113182263737678,-77.046998313663,-12.097318388799,1727973832996,2024-10-03T16:43:52.996000Z,SAN ISIDRO,san_isidro_03,264.64257709545,dQBZokjqCau4xzIb8p5SGY,https://scontent.flim26-1.fna.fbcdn.net/m1/v/t6/An9qBklMAc6KkvnXlp_iGqL_YN-HA3MEWCmKBd41U7V9UBKfd9gk_yB5iDggammKnybU37nJuCqsRqSoUIMmtzaBvPDABb9eDRE8MTnUTF4mifX-cc6LvS_WCagOUgADeG9-gkkBF-5NhHyn-tU2sA?stp=s1024x576&edm=AOnQwmMEAAAA&_nc_gid=YaOFCo4iktoZyu-MH5zWPw&_nc_oc=AdoQnL3kQXRY6bpWPFcWTuH-42La3EPxLW4LPRPfbpxB29MrAv3wuZu-cVDyqclD0eQ&ccb=10-5&oh=00_AQK3RdU-tLbhIzFHj1PBjm0XnDXISFT5NLk3-tAuqaIn2g&oe=6AC94EDF&_nc_sid=201bca,perspective,none,none,False,0.327,129
1248297126220413,-77.046865492807,-12.097020066719,1727973824995,2024-10-03T16:43:44.995000Z,SAN ISIDRO,san_isidro_03,173.89687980318,xg1MucsORv4Uk0PH2jntGf,https://scontent.flim26-1.fna.fbcdn.net/m1/v/t6/An9MqLyHbgVo9kJpHRTe-6LefanlL2KTULOZMri26KJO8D2xqxqNK8KVE7ms9cFyXyjiwzMY8kwvF9dCliqso0qk8g2MkD9yjooUl04wB5gh9-ReWhavuN9_rOXIifSpjebZfKLJ1-hs3ed5jxBelLc?stp=s1024x576&edm=AOnQwmMEAAAA&_nc_gid=YaOFCo4iktoZyu-MH5zWPw&_nc_oc=AdpAnREuV0O4wMyJ73Grg1m34tSDrByng0153q3YxAOv7Cl4zrrVhfj2yQpgZIaPXlA&ccb=10-5&oh=00_AQKoWFao37nREOslqLrpbXHuSv--TRJ4s2H5Bel5zEdr9g&oe=6AC95A02&_nc_sid=201bca,perspective,none,none,False,0.654,218
1225290615424728,-77.046871970958,-12.097442685306,1727975096793,2024-10-03T17:04:56.793000Z,SAN ISIDRO,san_isidro_03,353.37936626399,Nz9cHDqYI0e5ShVU8MZByW,https://scontent.flim26-1.fna.fbcdn.net/m1/v/t6/An-U7XuD7w4xWesQTGYRvpMKs0Zmzz1G0m7tABtQfbnqZXHHRnvQ3rgYOOIynNgsumZV6H1wnXf2JyNIKiNxCchG2QNV4hl3GORg7bznzGJAWinaTwnEAuF2XCaBTPV6NhRDAU5ISSeY7CmBEtsbD2g?stp=s1024x576&edm=AOnQwmMEAAAA&_nc_gid=YaOFCo4iktoZyu-MH5zWPw&_nc_oc=AdrevTGT9T0JkP1E3vcfRzOgYVJa6fjhTeemgqmEPLUw-llHmdOQxjk3oeqVetZGrAI&ccb=10-5&oh=00_AQKWfs1A4Hc1wHWW_6p7bUu-8lLS7U2KVGs8vv9MF-smug&oe=6AC95F19&_nc_sid=201bca,perspective,none,none,False,0.628,143
1180743439469066,-77.046856012043,-12.09682713313,1670167055200,2022-12-04T15:17:35.200000Z,SAN ISIDRO,san_isidro_03,261.5,MTO04QJpS1DbN7RtrEcl8d,https://scontent.flim26-1.fna.fbcdn.net/m1/v/t6/An-W4RecOj_YS-68gRGxsZfmbyxwtbGFQEEF_F0dkVzZfb5texdD_VE-4htv8mDnUqeJqj4ReJq5pTEQCWX3wEb6EHPlouWiHrZ9hCWQmzHMTYkkDwPQ56iwu75kNeaDup7QEzYZ1Yb5IQL-i9foDA?stp=s1024x576&edm=AOnQwmMEAAAA&_nc_gid=YaOFCo4iktoZyu-MH5zWPw&_nc_oc=AdpLJaz2E2Y3xFI-01Dn0o4AHRimciv4-FlWBcSng-kbYp3aF22L6VkIuRUJlqmLAq0&ccb=10-5&oh=00_AQLWPA3KIGB-sLpMH5SZe_gcdYVbfXSiSOnTdI7Wqnvfrg&oe=6AC93E91&_nc_sid=201bca,perspective,none,none,False,0.672,140
1224008968872877,-77.046851687617,-12.09702795393,1727973824794,2024-10-03T16:43:44.794000Z,SAN ISIDRO,san_isidro_03,177.03171727926,dQBZokjqCau4xzIb8p5SGY,https://scontent.flim26-1.fna.fbcdn.net/m1/v/t6/An-KfQsB21Zp88b-yMXn2-UcqtiYXBIHCH6TgTPtwfz5GZeou2C-K1EJGyIBkNA-VHNQJmBrY2es-czzPSbDDZlpYxcSvYivltUYjnqGMi3HWn0vsTOvqXiZraWkd6eK-PiiPzvP6j07GJcxhKDqTMs?stp=s1024x576&edm=AOnQwmMEAAAA&_nc_gid=YaOFCo4iktoZyu-MH5zWPw&_nc_oc=AdrqpFgxHEoCDdfldRddigJEY-jfGSkirQb5poGZU-qHvzwp03Wunu5jfJNpW5tDPvY&ccb=10-5&oh=00_AQKwuRF8ff2tON_STXwKrI-ZOEynhaJwJXyMRaQQ1WBGCA&oe=6AC92CD8&_nc_sid=201bca,perspective,none,none,False,0.641,155
1248475056282697,-77.0468319816,-12.0972964962,1727975114996,2024-10-03T17:05:14.996000Z,SAN ISIDRO,san_isidro_03,30.429645167173,Nz9cHDqYI0e5ShVU8MZByW,https://scontent.flim26-1.fna.fbcdn.net/m1/v/t6/An8DOuM8dtykffoXXRQ38hdE67TE3W-riF6u1-kvDvoEeZnseS7AHO83hMqDdzYvRC_-_i9RYk_5byHckDKpUZ2TVkKKQ6Fe5BMotFBMvzsjhDbaiRiZ9J-Nu2JeMzqvXjZst2KNA0CDupX4n3BbbMc?stp=s1024x576&edm=AOnQwmMEAAAA&_nc_gid=YaOFCo4iktoZyu-MH5zWPw&_nc_oc=AdoVYVSPC8U6GyQi49gGs86PZaKjpwJL2yAXcjGv-uVyfEhpbH5iG9S_zFSgnUqI00o&ccb=10-5&oh=00_AQJJQD8XyMBb0NUIX9-p8bxijyZWLUeMe70QjYbNc2m2OQ&oe=6AC95C28&_nc_sid=201bca,perspective,none,none,False,0.732,382
1231156731456567,-77.046893782335,-12.096702556682,1727973821593,2024-10-03T16:43:41.593000Z,SAN ISIDRO,san_isidro_03,175.50334196692,my7bBeJuOUM9lH1kpzdG6n,https://scontent.flim26-1.fna.fbcdn.net/m1/v/t6/An8CiNvIt096MyPYdgBamt7SCNYkXN3JPHO2ofKFwKbuOcATOF5HJ5JyPUSdlOjUAj_owE8-U3nEp4sehWJGXc6eycv_X4Chop4q79aq6rdw59LgcqvMjUBebihtaGnru710e0sN4xVCqhTUDtndzQ?stp=s1024x576&edm=AOnQwmMEAAAA&_nc_gid=YaOFCo4iktoZyu-MH5zWPw&_nc_oc=AdoyuYmQmc0lI43VYZosuBnOtRzNb3CqU2s9_IFBO5E1tD9UiSiJhrhik_P9otRiyBM&ccb=10-5&oh=00_AQK99o56jMtdcf0k7Nf2RhyPMb5-VaWZ9xJCvrVTTeEXjQ&oe=6AC953A5&_nc_sid=201bca,perspective,none,none,False,0.658,312
1296528161713437,-77.047016810281,-12.097271143051,1727973832395,2024-10-03T16:43:52.395000Z,SAN ISIDRO,san_isidro_03,263.61406216383,my7bBeJuOUM9lH1kpzdG6n,https://scontent.flim26-1.fna.fbcdn.net/m1/v/t6/An8hz5s8nKBbXb3oE-S4VtRRa1kpsp6WrgmjiRvz0be8rRt_At4hkMFY3-llgVUC7i3eSW0zFemnzrM_mEVXNwwshf8G75sbdqh0xDq_CPupLoTIZrvENx6m60wCN68yisERuIDUSMwQ7QENsli2Rg?stp=s1024x576&edm=AOnQwmMEAAAA&_nc_gid=YaOFCo4iktoZyu-MH5zWPw&_nc_oc=AdotB0Qt9ws5WBRiWeAif8pLHsMnyKmQSgfXd4BaKwy7_no8RSZwV79QXx4QgYq6PrI&ccb=10-5&oh=00_AQIILarxpBHVvA7u_t4eoTjN31QMpN5HmHB7WGx3qvdhZQ&oe=6AC94640&_nc_sid=201bca,perspective,none,none,False,0.595,254
1000386854065843,-77.046621727078,-12.097271437771,1468430280000,2016-07-13T17:18:00Z,SAN ISIDRO,san_isidro_03,84.763745908297,V4nqFL9vkoTYoXmAsj0kqg,https://scontent.flim26-1.fna.fbcdn.net/m1/v/t6/An-QxzkgtnOPgF3hwhCLBxx5oVSBCm8tmtTvfz9fx8rXmojcnl04p2r4FMY0ecKw8w1izFU5BY3FqmOHjnLONTqPU8i-IrQjNEF4cJmZ8C305fK_HZGSMZ2chsO6LdNb1cX4kX--EmsAAiSYUIdkvQ?stp=s1024x576&edm=AOnQwmMEAAAA&_nc_gid=YaOFCo4iktoZyu-MH5zWPw&_nc_oc=AdpbezkpJRZHTLMTx9c8ltSlwFmb1BK_5H6qo3K_KgBov2-lfBxB9xHclL0FzZCmTYo&ccb=10-5&oh=00_AQISR3eHZ8aqxuTpRjWDq4D1TOCM2BXnfFUPHhT0tiWMIw&oe=6AC9535A&_nc_sid=201bca,perspective,GARMIN,VIRB-ELITE,False,0.516,2
1006991110279227,-77.046604824031,-12.097315852315,1670167035600,2022-12-04T15:17:15.600000Z,SAN ISIDRO,san_isidro_03,270,bBI2yJZlrx3LFm8ekjvRTz,https://scontent.flim26-1.fna.fbcdn.net/m1/v/t6/An_hRcC7PvRBQcZvIV8ICo2xTyeOqpgOlfJeOlIumDJJOu8ZOH3uvRiZCOdpNP2w_6qwOsNQD0z0Bi8cyYVqlB5HdWKfUUX3JsVIDc0uXJ-bvx8cJmX7UmjhoXVVlAT555HE7zVl7e4Qx1keSm0cFQ?stp=s1024x576&edm=AOnQwmMEAAAA&_nc_gid=YaOFCo4iktoZyu-MH5zWPw&_nc_oc=AdpTD96XzPkgt_UU8vw5YCO1Sa83M02qJqWrMbtka8x0PdxAsdbN5GYZPWxRTPf01D4&ccb=10-5&oh=00_AQLU4Wl2vcs7cLHJ1f4PJQtiLeLr8aLonv4c1irveUVv6w&oe=6AC947A1&_nc_sid=201bca,perspective,none,none,False,0.663,250
1278093569852056,-77.046980968087,-12.097042982868,1727973826000,2024-10-03T16:43:46Z,SAN ISIDRO,san_isidro_03,172.85,uvxBOpHrU9fzn5LWj0Zk3T,https://scontent.flim26-1.fna.fbcdn.net/m1/v/t6/An9qDlNB2LNCUxSNgB3n8rP7pxpzY1fEwqJSCE_jgP9IKpdGuwtNuWsgzI9C-_l-4QdcvIgkh0J64gj8K8Uu2_Nsfq49WadYf_k1pCXgrELHY-CdbbnKLRQ-bWKNKJ7YUtH48HzCHWfZ5JdvS1t78A?stp=s1024x512&edm=AOnQwmMEAAAA&_nc_gid=YaOFCo4iktoZyu-MH5zWPw&_nc_oc=AdqSNIfKnIOkijB5GjUiLUrjwW8xy4V1cEZprcWHsVIFPyswDk4DmspjnTv-B4dTgV8&ccb=10-5&oh=00_AQL4jcIJ8kwK77TnqXyIUpcOy9dGP8_sZxS20IjPqYfs0A&oe=6AC92EAA&_nc_sid=201bca,spherical,GoPro,GoPro Max,True,0.857,492
1052648873262633,-77.046494956272,-12.097250484492,1727975122397,2024-10-03T17:05:22.397000Z,SAN ISIDRO,san_isidro_03,82.020520992359,sHVOiIBDvwbgNTJmZuU8cr,https://scontent.flim26-1.fna.fbcdn.net/m1/v/t6/An9FrBo1m8yn18GFHP3-AabHXiwfSPNdPOTYgLp_pYqiIhwISzw78GEKUhQJs95n-l0qEaswskhoGq9yrr6j1yoAtBjzlN95hJykA2I5-qQpVrYBpjT4bV6ajP4t0vHbrqTVU3OLE4uOVk_jI91fTg?stp=s1024x576&edm=AOnQwmMEAAAA&_nc_gid=YaOFCo4iktoZyu-MH5zWPw&_nc_oc=AdpiSL4DRLNS0UTnKZzxGW3Jfw64i__tiFB6NgMlX6cadqxGmxtfXFimGTej-QQ53Jg&ccb=10-5&oh=00_AQJNUGrrpYL7HvCE5osRll66jN7bOQkOg0eHuac0BvIHOA&oe=6AC9489F&_nc_sid=201bca,perspective,none,none,False,0.491,123
1056858156108275,-77.046900139815,-12.096935060063,1727973824793,2024-10-03T16:43:44.793000Z,SAN ISIDRO,san_isidro_03,176.55317712219,my7bBeJuOUM9lH1kpzdG6n,https://scontent.flim26-1.fna.fbcdn.net/m1/v/t6/An8dL6cXYvH7MLEhGR1Bgy9yNpce_DXyps4h6BzLAj9g0I2kdUDcvf9gZI9NqSuIN_7TsrQTM5ZIUb2lPQcAz1k8HYGlqxq-BtznWFl4pAdjd-flCHpdvHi4EWRDU8rCYZ48B5aiE-LxSB-aSejh2A?stp=s1024x576&edm=AOnQwmMEAAAA&_nc_gid=YaOFCo4iktoZyu-MH5zWPw&_nc_oc=Adq_X7z3tm6VnYtA4e5_PDSbfrp9xgWQ-bjxzea2sxL4rF8EoqfKmqnMx1nMuh3QD6s&ccb=10-5&oh=00_AQJRvwK88YpWAs70R1c0YNCO5BYOgafTU1-Rljvt-Oc5eg&oe=6AC94CF8&_nc_sid=201bca,perspective,none,none,False,0.642,389
137043308992317,-77.046699658311,-12.097231614495,1670167036200,2022-12-04T15:17:16.200000Z,SAN ISIDRO,san_isidro_03,90,0pdLNWBz9P8I2HXajvxKDq,https://scontent.flim26-1.fna.fbcdn.net/m1/v/t6/An916tDayIlUThE3qOAz8Db03FiD6e9QHjopD8xxZb14cY3HRNzjUWeU22Pzy7iRWn8LrVrvqSuLUmCZe6lD1oeMLvok769TIF7khR7iUHxelaqeF1AHYmAzoYYs9pkPDS5S08JWrOSdoZGK8l3FQH8?stp=s1024x576&edm=AOnQwmMEAAAA&_nc_gid=YaOFCo4iktoZyu-MH5zWPw&_nc_oc=Adrl79glPjhT1XafCrqFXGGUIiMaJY9RRECtvpNoiSJyKILJrEhEathmgPphLIb90tA&ccb=10-5&oh=00_AQKXhdEvp3DFLwmHGFk06Ni9nqxX2bAfIHJuAPSn8z4YKw&oe=6AC959A5&_nc_sid=201bca,perspective,none,none,False,0.702,223
1065481741510283,-77.047085850433,-12.097282877517,1727975113596,2024-10-03T17:05:13.596000Z,SAN ISIDRO,san_isidro_03,4.479903676587,sHVOiIBDvwbgNTJmZuU8cr,https://scontent.flim26-1.fna.fbcdn.net/m1/v/t6/An939cWVvYo9UF1ZEY0WxM7A8GYDAvdwa7gQ7e0euoh941YPw5c6Ay5hYQXRPNyxp_qmmsFlYB0x2uQE_JtS0xJLFop2ATFG2gkwfC3E8swD1kHtz0jTHdQphQl5uMwNvDZ-g6Wc_XwKMlYURwIxClI?stp=s1024x576&edm=AOnQwmMEAAAA&_nc_gid=YaOFCo4iktoZyu-MH5zWPw&_nc_oc=AdpKNE7qREayfdY5vEPlPEscrBKRPwfotRbGp9qQlJEjnwc9eVtZc8YCYML7gaJhJeg&ccb=10-5&oh=00_AQJB0UMQezJjBD02lEed552EYSX29Bvutx6UYSuyxmBeeg&oe=6AC95B67&_nc_sid=201bca,perspective,none,none,False,0.701,330
1083444183374772,-77.047070835845,-12.097355415748,1727973832996,2024-10-03T16:43:52.996000Z,SAN ISIDRO,san_isidro_03,262.41479851612,xg1MucsORv4Uk0PH2jntGf,https://scontent.flim26-1.fna.fbcdn.net/m1/v/t6/An_6c12kKMqdJUgnQAcf6GMO3s4Y0_LMwok6bfvncMUxh1rLsYB0N_11nMyhGbSBOtVClNfFIpfJs2_gnli9Utt9QWrgp0pgDqEPXaXxEWF5FqwO3tPgXE_VGzrOcJrwtJwPndlkGEYoKVu7ar7k8A?stp=s1024x576&edm=AOnQwmMEAAAA&_nc_gid=YaOFCo4iktoZyu-MH5zWPw&_nc_oc=AdpdRaPFnfKylWLSM97e5bPnZEJHTjMcYMFgJfRT77b0e6e7CyTXixCA0AmdmD5iWo4&ccb=10-5&oh=00_AQLhODruDXOhGsNCaAgy9IJy55vAjKH8bmPVorh4Zshgpg&oe=6AC93382&_nc_sid=201bca,perspective,none,none,False,0.601,211
141575295471245,-77.046722922934,-12.097230969254,1670167037400,2022-12-04T15:17:17.400000Z,SAN ISIDRO,san_isidro_03,0,YviyNPr12cxVwAOEnh96du,https://scontent.flim26-1.fna.fbcdn.net/m1/v/t6/An8jaJRLSqBMOy3JnaEw--7etsuTHFlg2wVeZ77h9JmfVUJdaO-Uq2f_eZnkn9jo3VZREOAQL9u4jfBKkK18Q6ogc0mj8R1EhPiudT_r17d_SO20aPT0icBJqQ4HF1fzEFfAC9-hqF5sDAomfYj7wRg?stp=s1024x576&edm=AOnQwmMEAAAA&_nc_gid=YaOFCo4iktoZyu-MH5zWPw&_nc_oc=Ado2eG1q9dRCjnbP_p-BlXNr421LTLiRPh94BBwLprkkS3QeGoem8mlUlCZubzM-dVc&ccb=10-5&oh=00_AQK9sCmyNiZBjnUDG55gCgiqXHX4kzyx4R1GzJwb3HlB3Q&oe=6AC96159&_nc_sid=201bca,perspective,none,none,False,0.731,663
148913058033302,-77.046699713777,-12.097231550948,1670167039200,2022-12-04T15:17:19.200000Z,SAN ISIDRO,san_isidro_03,90,0pdLNWBz9P8I2HXajvxKDq,https://scontent.flim26-1.fna.fbcdn.net/m1/v/t6/An9NLp20f1y0MI1l3t2PChnYlHt9Ma_52dCd9hLrE6MfY1SrZnl7PXS1R1qCb00GaITdfjMElzHaKGJRkJ8Ps9-AYtPdffgS3iS8W1u0cBWwHlgzvwZBMDkExEeAljDXAnbQwNrFqhW9vwliG1MaBt0?stp=s1024x576&edm=AOnQwmMEAAAA&_nc_gid=YaOFCo4iktoZyu-MH5zWPw&_nc_oc=AdqL4UFy_B4IuXg_dZoUJn3VWPppmyPS7oEmgLWc7pX10KirCExHyGzcLzdjqkWdBFY&ccb=10-5&oh=00_AQKDo_nsJUm9DrfRu2I1S7ho-uEoFLzCcSyoSrEYOtriYA&oe=6AC96387&_nc_sid=201bca,perspective,none,none,False,0.708,233
1118403989559199,-77.046699824748,-12.097231661192,1670167033200,2022-12-04T15:17:13.200000Z,SAN ISIDRO,san_isidro_03,90,0pdLNWBz9P8I2HXajvxKDq,https://scontent.flim26-1.fna.fbcdn.net/m1/v/t6/An_QLeZ9Zpy_u0H6HEnATLAh9FJ70i7n7hMjQnFyXVNuz6Z25dPj-eMjLAfC1GZxheGE47W2hYN4s2Br-iS5oX_FwNQV-mxRnzFP0MxCJ_lpu0bpcNu6x9z8IfolPtCKd3pzsA6QP5aG5ycKLhPUEA?stp=s1024x576&edm=AOnQwmMEAAAA&_nc_gid=YaOFCo4iktoZyu-MH5zWPw&_nc_oc=AdquHUxhPou4tOcnwGaCvsATol9VGxdaMUOLpZOhyVaXAbc9C-dbHxpcyi69KummM4I&ccb=10-5&oh=00_AQIhWvevn2FWapjUAskB-4ENgnk9C3bJTRvoGsdUjTHPMA&oe=6AC957D7&_nc_sid=201bca,perspective,none,none,False,0.706,200
1095547768585191,-77.046702586488,-12.097260514231,1727975118995,2024-10-03T17:05:18.995000Z,SAN ISIDRO,san_isidro_03,82.500930478218,Mb1Iq3zhtV6BZxEQiyHnKv,https://scontent.flim26-1.fna.fbcdn.net/m1/v/t6/An9uZkjwtheyemz3C4BbIpXW7kzjkpIwcBMhSgHPVWUV2n4sbb-ejLeLEAP0URoey4ctkZvO0WOd8azT8jZvTfV4oco6-QapFjkveCWdReOJ3ihx6ts6zCVOjqN9JOh4GZTc2UFbS4KV64yZ9lKTvO0?stp=s1024x576&edm=AOnQwmMEAAAA&_nc_gid=YaOFCo4iktoZyu-MH5zWPw&_nc_oc=Adq8BCpeIPePA8xgfT-b45OHt9z6d5tIGVNKX5FsIZ7aQCvOasg1gVqtSO830_r15AE&ccb=10-5&oh=00_AQJ1JKHVxUvtAPCOfQT1OlAFzfjtD0DEG5lklA-r2mxCOg&oe=6AC933A6&_nc_sid=201bca,perspective,none,none,False,0.562,215
1081069662636801,-77.04700040977,-12.097271080688,1468430274000,2016-07-13T17:17:54Z,SAN ISIDRO,san_isidro_03,356.62330688085,jWCHuwKVYVT5Oh7YPSXYIQ,https://scontent.flim26-1.fna.fbcdn.net/m1/v/t6/An96WIKeG8IaLjM8cb_PcaHBG5wPw-bionjrz5KszF0DVudFNA93SfHHTuo3jhrD5nT3pcii-8tcbd0Q855sN6ZmcHNdo4OAewjUgqDvpOxNeoylA3LbIyZFNnXWJOYaFuSrbMbiSV1KtNyqFuAg2g?stp=s1024x576&edm=AOnQwmMEAAAA&_nc_gid=YaOFCo4iktoZyu-MH5zWPw&_nc_oc=Adqas0XeTa6u7Q9nVeqWw-9ZqfD-nL6_dCy6mRd4463UA7vRmgjkJV89HdTfxjZt3bo&ccb=10-5&oh=00_AQJb696Acgu7ISVV8_dcpq_MXRo-qL9FpGcb3nGUFDjTCg&oe=6AC94DBA&_nc_sid=201bca,perspective,GARMIN,VIRB-ELITE,False,0.615,4
151953061013273,-77.047005426822,-12.0979233229,1670167047800,2022-12-04T15:17:27.800000Z,SAN ISIDRO,san_isidro_03,347.23,pNTGWX519ijfS8kz3ldQgy,https://scontent.flim26-1.fna.fbcdn.net/m1/v/t6/An950qmbTqjGr_zaB2eRA1dp3hVCLkcKuCpOsLcil7paAC-bcsjWdnwPMa2qd7L9494jlIbHJY0zzgDTsLUragyxsswyka104FkjIj5vgSuEr1ijqrjnnb7iUhTfctwQFpd19IEmkUy5it4caBoV0qU?stp=s1024x576&edm=AOnQwmMEAAAA&_nc_gid=YaOFCo4iktoZyu-MH5zWPw&_nc_oc=Adq78AYZ95qVKvaeA5DcFG9N2JcPIUKkY4lOkcW5FP9lI-lS7dedcjRzcL-Fdk8vGVM&ccb=10-5&oh=00_AQIkyBhYl7RVUUpD9mygMGRxzeskJAih-hLY9MuNPwVY-Q&oe=6AC94E59&_nc_sid=201bca,perspective,none,none,False,0.746,281
155299270686530,-77.046858,-12.09711,1670167053000,2022-12-04T15:17:33Z,SAN ISIDRO,san_isidro_03,77.28,pNTGWX519ijfS8kz3ldQgy,https://scontent.flim26-1.fna.fbcdn.net/m1/v/t6/An9qPUMrcARfx2OBkdDJprRL1EKvgHs_bMpDtfr8dxKNbcGnlyAJE65UqCYLzmHljtU7yGJ5dFkbyOH56gmJpPW2cQZ2JqvySaJjDz5D1BKROiTMadkeOEQKnic877964Fojd1cEc5L8fSsbsgv2HQ?stp=s1024x576&edm=AOnQwmMEAAAA&_nc_gid=YaOFCo4iktoZyu-MH5zWPw&_nc_oc=AdotC-pCxj3Jdw7iC0jCiLUshMbCT0wjYtdOjSOh9t-8F3rlKnhL1hQFxVUALXqTfRs&ccb=10-5&oh=00_AQK4mYIn8uWnKtGHdc2N0KoIW_W_0QTn9ZIeZKRs-ZaMQA&oe=6AC961E0&_nc_sid=201bca,perspective,none,none,False,0.65,81
1093186452408035,-77.046551448518,-12.097239052636,1727975120996,2024-10-03T17:05:20.996000Z,SAN ISIDRO,san_isidro_03,80.95354066797,Mb1Iq3zhtV6BZxEQiyHnKv,https://scontent.flim26-1.fna.fbcdn.net/m1/v/t6/An_OMExkyWezeFNsbp_lJ8f16br1Ux_s4W7brhRM945wGAsDW9jhdisX6M9R_pUdFTRceDqdyQbw7u6QOy9A500nRYYSuZz5Zk-SmkZYIVJVVLcs0_DG0_T1AeE0WEOwgDWlhoW_ZVo9MTqltnf3tVM?stp=s1024x576&edm=AOnQwmMEAAAA&_nc_gid=YaOFCo4iktoZyu-MH5zWPw&_nc_oc=AdqqDmii7OsEeUw3f7ylwvASB6653a1HP_bRd_VL9_lL25-ZvAayOrq85L0Lgx3vZdk&ccb=10-5&oh=00_AQKg3lzMqNdK16JVLFKgVy6FiYdfHz3gKz1NsTXvQ8kVvg&oe=6AC92F7F&_nc_sid=201bca,perspective,none,none,False,0.647,230
1093008175828562,-77.046881447945,-12.097371494082,1727975104000,2024-10-03T17:05:04Z,SAN ISIDRO,san_isidro_03,358.782,Lg2kW7S4KPcTApMuhZQnwe,https://scontent.flim26-1.fna.fbcdn.net/m1/v/t6/An-opf_Qmwc_DLltdRq3zI5DpT6YxUvLhXeRhzd7RZdLZuOZV5zh0RHcaqSkP5eyHJOj6BvGW8knovJGyuSrrLb47EInaZAO_DNWidYevDHVVd8YcsAOcoXK3M3ia8767cyxs7FCVcK-eDmtcDFdLpk?stp=s1024x512&edm=AOnQwmMEAAAA&_nc_gid=YaOFCo4iktoZyu-MH5zWPw&_nc_oc=AdqEcNNExp9z7TdwJYj_U9Rc8HhjNElYGi0kc35KkIxvGEpsolC5neSznW74pp_zoNQ&ccb=10-5&oh=00_AQIwRyLAi_IFWOEQXAbcz6XWQ7CZmZ-0ug4hzmSwG_prvQ&oe=6AC92F12&_nc_sid=201bca,spherical,GoPro,GoPro Max,True,0.869,508
1107213564442522,-77.046838040987,-12.097398308809,1727973827195,2024-10-03T16:43:47.195000Z,SAN ISIDRO,san_isidro_03,178.87404589757,dQBZokjqCau4xzIb8p5SGY,https://scontent.flim26-1.fna.fbcdn.net/m1/v/t6/An9N4gDf7Hju6k-JHqLTBfVWXWZYeo8vnHgBj5uyZLBF9RwNGJpGoyvzkgMethNK90yeVxnqbT1UhGOudW9EG1OjOjsjDTIhvO1nrAvHhFxxKAUEZ9Jwj00Nzy_P5BD2PuEF0FWkpha9aWx5XD7gCA?stp=s1024x576&edm=AOnQwmMEAAAA&_nc_gid=YaOFCo4iktoZyu-MH5zWPw&_nc_oc=AdpD3N21baw9HGPpUU1xHgRaI1IqLfKofKqYBYng2Zh7fpds3YP8521wRfWL_GcIAsw&ccb=10-5&oh=00_AQInlxAcyXqIBq2nbisBu9A7WDfbmELAt00GEVpPJzhRNQ&oe=6AC93AAD&_nc_sid=201bca,perspective,none,none,False,0.658,90
1528645984307985,-77.046604883686,-12.097315749918,1670167040600,2022-12-04T15:17:20.600000Z,SAN ISIDRO,san_isidro_03,270,bBI2yJZlrx3LFm8ekjvRTz,https://scontent.flim26-1.fna.fbcdn.net/m1/v/t6/An8wwxFleW6GAwGeYbt5K_2e5fz6XH5ViE4dGjogkDxV5j5-RGkZux-sY-UpjffKAYFObS5OPSgvM_JWRwGfa5FN_EEI1y1petxJ5RKLD_iOrKnRpMudpYVGobDnfHYqevWbq0DMGF2r1b8CFZKzKg?stp=s1024x576&edm=AOnQwmMEAAAA&_nc_gid=YaOFCo4iktoZyu-MH5zWPw&_nc_oc=Ado6lV0hR50jcQiinbCtdPtxBbikBgOkG45Oq1N4x2Mb230ZvzAwjlD7U5Qvgu-vzD4&ccb=10-5&oh=00_AQKM0daD8bgr5-EvHTKp7bnocM23xpPfYBR3VKWg9zh69g&oe=6AC95BC9&_nc_sid=201bca,perspective,none,none,False,0.666,272
1093228595793650,-77.046566783102,-12.097259614133,1727975121597,2024-10-03T17:05:21.597000Z,SAN ISIDRO,san_isidro_03,80.691210654571,sHVOiIBDvwbgNTJmZuU8cr,https://scontent.flim26-1.fna.fbcdn.net/m1/v/t6/An9SHSoFHbfWT3ieizLD9UYuTfjw8F04dAZcS4Kn4vi4XDt5fx0COhzyIrLy9TLudfJXSGBqiuB2i2Kv-eTKiTZxXcA-qYQuLd03HJRLIUI5l4w5Q8nq25Ltpaefi8p05b_8mp3oK54qFUR2Cc8j-Os?stp=s1024x576&edm=AOnQwmMEAAAA&_nc_gid=YaOFCo4iktoZyu-MH5zWPw&_nc_oc=AdpbDyRcMuw4PHpW5KI1OcKS5M9yutk2q3zQh-vtSImmLYr-OUTrfRVbCw43jC3HhOw&ccb=10-5&oh=00_AQLDNQThOEDJrRg-SdkX7ZGenQfTX7d1rhOpTUpxVIiN5g&oe=6AC93875&_nc_sid=201bca,perspective,none,none,False,0.609,117
1544379589536242,-77.046967052348,-12.097369169564,1727973831196,2024-10-03T16:43:51.196000Z,SAN ISIDRO,san_isidro_03,263.03305225634,xg1MucsORv4Uk0PH2jntGf,https://scontent.flim26-1.fna.fbcdn.net/m1/v/t6/An_nnoP6pF32YtFT9jJoIh0_whUUarmciwlzCtogWoZU5naddPp35WXaABExQ4VjiEFmXRfsyaYPI-TQolC11_v1qG4NUzoORoKk6chVdOG7dJtfgdfvTeoxg_FM4BXp5zF9LVbnkvo3mJmcgGXKr8g?stp=s1024x576&edm=AOnQwmMEAAAA&_nc_gid=YaOFCo4iktoZyu-MH5zWPw&_nc_oc=AdoKq_0JkHqsoTarQNFN-F7ufH1CydE3-_BazDkT7tY2ApOreJ12YzMEeE4UegbiK8M&ccb=10-5&oh=00_AQKh7dPCHQkUn3KGU1f1_ATm7rOSZuEeGUAWRyQVOt7a4Q&oe=6AC9508F&_nc_sid=201bca,perspective,none,none,False,0.727,385
1034146702057437,-77.046931926696,-12.097406293094,1727973830595,2024-10-03T16:43:50.595000Z,SAN ISIDRO,san_isidro_03,254.2368460418,xg1MucsORv4Uk0PH2jntGf,https://scontent.flim26-1.fna.fbcdn.net/m1/v/t6/An9cIFj-uotoxz7bZy0LxWk5V_RChvJ7lw7lwP5DSvZ9j4MkH_uRMlyxFcbvQNPlJxEMSH6g2SOQklN6OM9hplLB5sBLuuWjOfWDZlepOCFEvyHa3i4yyK_18TMNDweVUY9rriyzIbDasVIR9nTlRg?stp=s1024x576&edm=AOnQwmMEAAAA&_nc_gid=YaOFCo4iktoZyu-MH5zWPw&_nc_oc=AdrCjoSJoBy0LO1Pu404Nk1EfLWKm15K36zwMTaMuOFE77JLuwI_Qn9jgBjvsyiHWt0&ccb=10-5&oh=00_AQLgIkoW00dzi9JjyLA-Jgfsr1VOs5zRB8e44Ts_xLhbFg&oe=6AC94797&_nc_sid=201bca,perspective,none,none,False,0.731,487
123085967170812,-77.046699748152,-12.097231264137,1670167042000,2022-12-04T15:17:22Z,SAN ISIDRO,san_isidro_03,90,0pdLNWBz9P8I2HXajvxKDq,https://scontent.flim26-1.fna.fbcdn.net/m1/v/t6/An-Ca6eSwR8FNAq_lc76gGYSgRAfbc7KaG4vWo_vGXu2B8ySKsIGLX0Z-3RcuyQZCZofmZpSttbEon4UK8U4012B-4xV_MG2CO2X1lYgFtx4PhRSh1dDVgyYjxC4qWvImBjwpNScJF_bfohFY3wceQ?stp=s1024x576&edm=AOnQwmMEAAAA&_nc_gid=YaOFCo4iktoZyu-MH5zWPw&_nc_oc=AdrONfz8HYsTtOJeXNN7R1dNMbyBnBPOiEUgt2S8lM4iHa-4yC_28FvbHbdjy5hBe-s&ccb=10-5&oh=00_AQJ1lyWzGi6_jRKJIGuVXtsVZixuJSWNHKXZ1a5k_Rx-lQ&oe=6AC940E8&_nc_sid=201bca,perspective,none,none,False,0.704,240
1160596864651045,-77.046825,-12.097209,1670167050800,2022-12-04T15:17:30.800000Z,SAN ISIDRO,san_isidro_03,38.27,pNTGWX519ijfS8kz3ldQgy,https://scontent.flim26-1.fna.fbcdn.net/m1/v/t6/An_SFj0RMszGGjr9cZUrc1Mc5zuPN7_Hgipc0FScDUp7LRG4zEWpkAFqkghoJTwi3cgBwmvHVVDOVcqqNtriMCS25uGlkfwDH5om_64oApqVYJe6-PIj3RtV3MGxpWLuGURVhhWI5KZ1I55z03wRcfQ?stp=s1024x576&edm=AOnQwmMEAAAA&_nc_gid=YaOFCo4iktoZyu-MH5zWPw&_nc_oc=AdpopiQxiNNefiz1PnUcj0_mDz8Z_fwMe1Dw5BlezP-QN4KuLVnrKh4B4NZSMWY74Qo&ccb=10-5&oh=00_AQIisYw8hCU83JWEXHyRN12algfC-G2NEug5gSNzyrLHpw&oe=6AC93131&_nc_sid=201bca,perspective,none,none,False,0.61,111
1213239612464079,-77.046497500679,-12.097254447339,1468430282000,2016-07-13T17:18:02Z,SAN ISIDRO,san_isidro_03,87.732880432428,V4nqFL9vkoTYoXmAsj0kqg,https://scontent.flim26-1.fna.fbcdn.net/m1/v/t6/An8rdgxW9LB-wHNAjVp3yOpjy9SQpwJeszQLFHVn7KHdh0QwCgwwI7LrtHrIxvopwxxu0Fj5JxH_jxnMMPWI5MCfmp6cW15a-BYVtbqkXJV7A9vyn1Yy4805N-qxXiikKgsMcR_rDvtYuUYmtQmeEw?stp=s1024x576&edm=AOnQwmMEAAAA&_nc_gid=YaOFCo4iktoZyu-MH5zWPw&_nc_oc=AdrWaFK1GDEy36Mm6HfMjJTF_NS762dJNIYJNvFygOS8u0yAd4qsT-v34UlPBInRxxA&ccb=10-5&oh=00_AQLfWqZYdkaEMNbzIFeOqYE3u_aVO7ODLUPW1pJuBGYGUA&oe=6AC94CE1&_nc_sid=201bca,perspective,GARMIN,VIRB-ELITE,False,0.506,3
1198459637887066,-77.04689842036,-12.096876292214,1727973823993,2024-10-03T16:43:43.993000Z,SAN ISIDRO,san_isidro_03,177.74329422073,my7bBeJuOUM9lH1kpzdG6n,https://scontent.flim26-1.fna.fbcdn.net/m1/v/t6/An9SaY9ElSFRRY_iIlHuktshcyIMDHvjf054ScdjNttz41D7y5Ftxcbb76NBtNLJI-t61RcC0U39REUzOYkmmnAhfCnEbSpN9hTdX8Q-H8IEYmZoS5jSgcGUhirBYEEElikSo83ewdMODn-NRokNeg?stp=s1024x576&edm=AOnQwmMEAAAA&_nc_gid=YaOFCo4iktoZyu-MH5zWPw&_nc_oc=AdoDQJv7DHXQTx4Le_7eq4IfPmdKQP98hMjP2yiTrtg7YvgaxWA9x1puPtqwmKOj4Qk&ccb=10-5&oh=00_AQI6nrMh91zFiWNco_bYhBUd-t5C0f3TXbvkyMNzOJISYA&oe=6AC937E5&_nc_sid=201bca,perspective,none,none,False,0.63,326
1203045670949953,-77.046647637682,-12.097339223121,1727975122000,2024-10-03T17:05:22Z,SAN ISIDRO,san_isidro_03,81.723,Lg2kW7S4KPcTApMuhZQnwe,https://scontent.flim26-1.fna.fbcdn.net/m1/v/t6/An8Kq5GSk0YMaMY3_8ndidqhCeE_u35HUpAvVnQhXPcYRZfmb8DhiJlMSxaOrMkcIhftcIXckcw4HZ-fTwi12KN1z--hPv_2hCBZZFwOatr_FfCy2oMNK0B-DIBEmm-W6CJLYDwKxvgA9WY10P8nPA?stp=s1024x512&edm=AOnQwmMEAAAA&_nc_gid=YaOFCo4iktoZyu-MH5zWPw&_nc_oc=Adq6b92FH_8Gyxuu2cJ6_W1MWAL2tVSkkaL_XyDEuIQ83cjhvP4gnBs8g4D2R5TNvFk&ccb=10-5&oh=00_AQLO3FvTqrWEsdJ1NjiC5i1frI1LrjLXLEa9FwfFxQGNEg&oe=6AC95005&_nc_sid=201bca,spherical,GoPro,GoPro Max,True,0.897,455
1204226443532147,-77.046790474955,-12.097407800921,1670167048600,2022-12-04T15:17:28.600000Z,SAN ISIDRO,san_isidro_03,170.98,MTO04QJpS1DbN7RtrEcl8d,https://scontent.flim26-1.fna.fbcdn.net/m1/v/t6/An_fVuHYWHoTxofi7l_htJLkh8P9QgKNoH7_ns6Jf_mx_0hg26VozVLFa8kJznqZu9hEK3L6Tc9UUeOSPqOGdQoyxcM83jGPGsafHMNKjq88WUq3zVibxxv1gytcWK9sZGrZZ4KVRDvK9w0VqJlFBA?stp=s1024x576&edm=AOnQwmMEAAAA&_nc_gid=YaOFCo4iktoZyu-MH5zWPw&_nc_oc=AdoSpQOfnaIQY5L0MpTZ4SeIch_wNdvxY_oTNNrevIHRtkhDYA9OYTsK0EQ9G8oQVIE&ccb=10-5&oh=00_AQL3D-mNPE62JssmyVZeOCXAQvwKUUtIknrtskpRsFOqTQ&oe=6AC93EB8&_nc_sid=201bca,perspective,none,none,False,0.705,255
1072954440987190,-77.04685768,-12.0972749625,1727973828795,2024-10-03T16:43:48.795000Z,SAN ISIDRO,san_isidro_03,205.70500483342,dQBZokjqCau4xzIb8p5SGY,https://scontent.flim26-1.fna.fbcdn.net/m1/v/t6/An-Wm2XTkNp6zjwNW3TZwFp95SbP7yjOPNmd9XFKhJYTTfUUEPox5I1y2rXc5CEjXHdXIvAqQJ-qD_suactyZHaLvrF4HAPBg3thxg_E9aK6WN7u9-pnc1gGHNygA76ubs0Kccx-Wq9R4lD_emf8SQ?stp=s1024x576&edm=AOnQwmMEAAAA&_nc_gid=YaOFCo4iktoZyu-MH5zWPw&_nc_oc=Adqq8D1ThlGo2DoWIxbjo5Ahq5s5LyzS8OPKjyG4omMfv94xKz8QBX3tqDximt766sk&ccb=10-5&oh=00_AQIBXoYU4a_zgaXi_HHkrWiRDv9i6UomuHtX4EGxK_1ddw&oe=6AC94E8F&_nc_sid=201bca,perspective,none,none,False,0.647,311
1129078080909317,-77.046856623239,-12.097159004073,1468430444000,2016-07-13T17:20:44Z,SAN ISIDRO,san_isidro_03,349.62232062749,V4nqFL9vkoTYoXmAsj0kqg,https://scontent.flim26-1.fna.fbcdn.net/m1/v/t6/An-qhLO-h9hxOuxR4DEFBkVZXCiUiQI4psJ6W-cXr-Abi4v3dWYwr5O6XymZlmoeouOZb5rEjUXSE-acd5xl9eRmUpPKP5Fs0Uo5cd85g-e2harBBagK88TxaY0qJjyp37mYuhQeF_nl4VZCDcg1WXY?stp=s1024x576&edm=AOnQwmMEAAAA&_nc_gid=YaOFCo4iktoZyu-MH5zWPw&_nc_oc=Ado0d3yuLOK5Lku8CcXsVViXu4oV4cr9yXkZtERWVu8fWaDYE31P3RBOS6IpASdMuLw&ccb=10-5&oh=00_AQJzB1pxUnCQnXjPwwXcYszHRkCzyyNtn4oNwOyA7cJnnQ&oe=6AC95DD5&_nc_sid=201bca,perspective,GARMIN,VIRB-ELITE,False,0.647,6
1055612408729272,-77.046699701717,-12.097231370432,1670167041000,2022-12-04T15:17:21Z,SAN ISIDRO,san_isidro_03,90,0pdLNWBz9P8I2HXajvxKDq,https://scontent.flim26-1.fna.fbcdn.net/m1/v/t6/An9N4a1setFc9x673qNTxVvZjIKEADR52Yr3hzymp2r-9PNSlxieu8cutf56gIk2C37BVFKRCM9ZdBkFj1DWowWNcPd3fD1J7LOn3yqtkc14W1DgdPbGJ1zIfYswJ5VkvcTUQLgJeM-vocyJNC0Jyrc?stp=s1024x576&edm=AOnQwmMEAAAA&_nc_gid=YaOFCo4iktoZyu-MH5zWPw&_nc_oc=Adrl91ADUHXHhWiJxETqIY4MJKOSkIkITnr-ix6sOIu1t6QgKYYsas5FnOAZqPNtnM4&ccb=10-5&oh=00_AQKBuHSne-viaa7Y65eeyHLV_VN6944HlBjq74tAT8kZdg&oe=6AC93263&_nc_sid=201bca,perspective,none,none,False,0.708,225
1269080927555113,-77.046870418037,-12.096969531336,1727973824194,2024-10-03T16:43:44.194000Z,SAN ISIDRO,san_isidro_03,173.89687980318,xg1MucsORv4Uk0PH2jntGf,https://scontent.flim26-1.fna.fbcdn.net/m1/v/t6/An9j2iaYnZzgxmtUfBaxCqn0nhpJCQoUOHEzlZg-9COIV82VGWJpX1VGq6OzDRy199nrdDj-LPsBKan6-XiRuKcoEVWX1sRyBxQnOW-15G3y44pp2AgYmte49QzKV6iU1wqSxDK6ChFycNkGimD9bihn?stp=s1024x576&edm=AOnQwmMEAAAA&_nc_gid=YaOFCo4iktoZyu-MH5zWPw&_nc_oc=AdrWOjlf1stiGJWRbllUGCZO7_UDq13swhhvDRJZEml8rMNVM0RD6r1c-ST9UAWBhic&ccb=10-5&oh=00_AQK5HzcrfaZ_wXZZXMfjX3zxVq1txgnoIKoSavxlkNKijQ&oe=6AC93B9A&_nc_sid=201bca,perspective,none,none,False,0.634,190
1257148008964689,-77.046899566297,-12.097120589455,1727973827794,2024-10-03T16:43:47.794000Z,SAN ISIDRO,san_isidro_03,174.64937961378,my7bBeJuOUM9lH1kpzdG6n,https://scontent.flim26-1.fna.fbcdn.net/m1/v/t6/An-lT0qUUXqeaM0ViA3U5gEg3ljpuhf-zozEXK-1zHdYKWZ7safzJ4vBa-h6DhN8s65Y61nZmtyUC7do4PLgk1qrBUy6x39BDFlK1kHUdyPHrd5JeMMCQWgaE2S6kZ156x9yBVeXaoR9TCSSOsNPt_I?stp=s1024x576&edm=AOnQwmMEAAAA&_nc_gid=YaOFCo4iktoZyu-MH5zWPw&_nc_oc=Adp24FhvuN0qf5WHgJTwZYDwZPOnkkVUyrcQY8U4CAKPwM_yildKEguRVoi-97Pokx8&ccb=10-5&oh=00_AQJieTnOXoTKaPFIhXcyrHWj6FrB6oCfxrBdpKOlWJkVQw&oe=6AC95272&_nc_sid=201bca,perspective,none,none,False,0.647,568
1244928966110997,-77.046761297528,-12.09796094643,1670167049600,2022-12-04T15:17:29.600000Z,SAN ISIDRO,san_isidro_03,290.53,KVfu0ELi2Dx8XSYUACNR7q,https://scontent.flim26-1.fna.fbcdn.net/m1/v/t6/An-y7bH3C23pD3fzCuuZzHzbBhW1_6Pj44foa_4mbEhyM3breT2tQrf5MPivxPfl0SkUM86-BRjscI-VPETW8_7iNF1ye3Puz9OFP_74IUQ-FJNHX0KSjILl6RNEZ5GdY32Q-rKS8fPI6hhcsMbqB4I?stp=s1024x576&edm=AOnQwmMEAAAA&_nc_gid=YaOFCo4iktoZyu-MH5zWPw&_nc_oc=AdpQXLXLdD3oVwZcE_ZrxnSlJzYdAAYOLgv0GjWFbJoPwk5rERnlVlES0n5VyIx1imM&ccb=10-5&oh=00_AQIbzNAm0KYOqisgrv9FC98K2GbkktYMfjWTqzKHNLKlAg&oe=6AC95F90&_nc_sid=201bca,perspective,none,none,False,0.711,284
1069326638536836,-77.046885479868,-12.097325350507,1727975114000,2024-10-03T17:05:14Z,SAN ISIDRO,san_isidro_03,52.119,Lg2kW7S4KPcTApMuhZQnwe,https://scontent.flim26-1.fna.fbcdn.net/m1/v/t6/An9wNc0LI7cKm8cJA1M4ojJRE2Nx2VobdC-xpDlDkA3WIaIuXvax5FN71UCDTbQRgPDkoqt-irjyP2N0GVsRbawdYnKNuykzvJ7lq9HH8qV21w0aQ_rZWNDrATdOa2bNtus3t1wKF-1zAgACs1DIXQ?stp=s1024x512&edm=AOnQwmMEAAAA&_nc_gid=YaOFCo4iktoZyu-MH5zWPw&_nc_oc=Adrh9n3BiA7sSjv7JR3VTz4VSW5NnwlJ2EIL0QmTXFtzJmpOTyvsygDAqjmg6zW-6po&ccb=10-5&oh=00_AQJRoalIydpSsigT6rvfyIpqep-me7dqChvZjc4dICY2HA&oe=6AC9373F&_nc_sid=201bca,spherical,GoPro,GoPro Max,True,0.884,604
1014947923735005,-77.046995691191,-12.097364290851,1727973831796,2024-10-03T16:43:51.796000Z,SAN ISIDRO,san_isidro_03,263.03305225634,xg1MucsORv4Uk0PH2jntGf,https://scontent.flim26-1.fna.fbcdn.net/m1/v/t6/An-zOwljdSw-FHI9G12MnW5RLRt1xsif1bG__HqT8PVt0JzXskaqlEXnk9CX0sF7wrKUhJHBNhqdSV6wuxTFzuRYKW91JoFBsQXwtB8jH2jvK9McofKATqlcYv_PwX8fIGLkvG7QKQY5CTIxtnrIQP4?stp=s1024x576&edm=AOnQwmMEAAAA&_nc_gid=YaOFCo4iktoZyu-MH5zWPw&_nc_oc=AdqJP157HL5RCUtxS4hHrLeArHCTQrF5tRXcgneN1S7lclBLtPX-D7D25QPD35D-R5g&ccb=10-5&oh=00_AQJUT6uj4BJ2B4pZaYHzHlSlCtmPFUHoxY6B7oeAL_aIpQ&oe=6AC9573D&_nc_sid=201bca,perspective,none,none,False,0.664,317
1192689375141214,-77.0467116502,-12.0972407142,1727975118196,2024-10-03T17:05:18.196000Z,SAN ISIDRO,san_isidro_03,75.917739191769,Nz9cHDqYI0e5ShVU8MZByW,https://scontent.flim26-1.fna.fbcdn.net/m1/v/t6/An8e4tj6EvvPsdlqbJHnE-WbXoE-X8pW8CETPCUF9s4mGfVk_6dYQ0O1m3qjUpNoYkEx9LR9XIj6yNdsGntcROJc4SCgFxy9FBVJrPhMkGqOAs82tT_k-79ze4MrU6JGekivHjkMxwCdSV9ojZnKFA?stp=s1024x576&edm=AOnQwmMEAAAA&_nc_gid=YaOFCo4iktoZyu-MH5zWPw&_nc_oc=AdqNodle1jW43018zQ-M_jqPatVB5Qqg7cQ1lcIAkp_MTKKkWB_qbhPHIvuk7cSjmLU&ccb=10-5&oh=00_AQJRFOUEHfBC1ug9UHFOqh1ZNX6APUY8qto7D28HDsKm6Q&oe=6AC92D29&_nc_sid=201bca,perspective,none,none,False,0.649,207
1224797592105988,-77.046901114515,-12.097015428246,1727973825993,2024-10-03T16:43:45.993000Z,SAN ISIDRO,san_isidro_03,175.40968003005,my7bBeJuOUM9lH1kpzdG6n,https://scontent.flim26-1.fna.fbcdn.net/m1/v/t6/An_iBSyJuAT8GhXTISu1OMV4ATJZU4KVJyis7_1DZdrCv-jtZpf9K9LTbXJEmOXiaJgvPxYzG3Im-gaYE_2ugJogN3ZXPCUBMx8KCX0AnLAMLYN35DtB84fI4oPgaCN1hygXBjCv2MLl8l-Hustie70?stp=s1024x576&edm=AOnQwmMEAAAA&_nc_gid=YaOFCo4iktoZyu-MH5zWPw&_nc_oc=AdrWiPNsckar0XBvxi3iYJaXeMjRomGVt_bMGGxXmKYgQ8WL5juvg1qYuA53G7UuxIc&ccb=10-5&oh=00_AQJW9NVQ-C-PtWCdMUCR1LHmGdkx9kBYj28Cx7pr8kUjCg&oe=6AC94556&_nc_sid=201bca,perspective,none,none,False,0.662,503
1151120845555337,-77.046688734485,-12.097231745379,1670167028200,2022-12-04T15:17:08.200000Z,SAN ISIDRO,san_isidro_03,354.37,0pdLNWBz9P8I2HXajvxKDq,https://scontent.flim26-1.fna.fbcdn.net/m1/v/t6/An9q4a8UP038RWMK8Ng9xq76-HIaYZt_Eh_IuzG9AfeXASvRDqptGzmmJbYdJUD8pPCWQxlyiML3BA66CHztVQMUevOnTKiQlOyOeJhRTWDQkLKwACCTRsNHOQj6hbbNHo1Ta4iyyDiCzVswmO0nIQ?stp=s1024x576&edm=AOnQwmMEAAAA&_nc_gid=YaOFCo4iktoZyu-MH5zWPw&_nc_oc=Adoe-ki6XMvJwWHhFzZ-hyhA_nMzEAfd30NRxyr8YhZdOOYWJcI4C66DiiKI4uOMiek&ccb=10-5&oh=00_AQKuH9qRJWkgvVFZuPLeXe4MeNR26L55sqx0VB25dNzZqg&oe=6AC95786&_nc_sid=201bca,perspective,none,none,False,0.71,218
1301013097576273,-77.046884020612,-12.097354325729,1727975110000,2024-10-03T17:05:10Z,SAN ISIDRO,san_isidro_03,355.054,Lg2kW7S4KPcTApMuhZQnwe,https://scontent.flim26-1.fna.fbcdn.net/m1/v/t6/An-7zL-DtaGZtl4246LNK4d8LOztLpcM-rIjuVu4Tb5WjUNXEgv4snJoM-Ntq1WOeKlwKVhv2ivwDt5mM7_kKKGDe2pJEC7ouBCKrDJcqEQ94BKNq1qQT5Wf95-yMj4tIVcbC2MsEAUwJKkXjF5SPoc?stp=s1024x512&edm=AOnQwmMEAAAA&_nc_gid=YaOFCo4iktoZyu-MH5zWPw&_nc_oc=AdqEq0A8-OKTPqKWKtnIsQjUwwDfWHekjMm7fs488D80o1fi5G5OexdpElewecfsb0Q&ccb=10-5&oh=00_AQJe37P74vQOwCrs6k9_uo6ml-bp0z8vkpstS7YjoPo_bA&oe=6AC94F47&_nc_sid=201bca,spherical,GoPro,GoPro Max,True,0.885,585
1270988344347769,-77.046875016,-12.097296386,1727973829595,2024-10-03T16:43:49.595000Z,SAN ISIDRO,san_isidro_03,231.44118692671,dQBZokjqCau4xzIb8p5SGY,https://scontent.flim26-1.fna.fbcdn.net/m1/v/t6/An_1G05zqLqQH7XrzzciobKQy0yWY1MUlZTUpeIFQveMND4crbEx1l8YaagvQKdZ5aYm3l1Vk3RJPhg5hQ7USlZd9cZaOwddu4upBNGs_o47jSi_4dm3u56VlcxPwKCJoTuq6GYZ57zYlIytZpHjrw?stp=s1024x576&edm=AOnQwmMEAAAA&_nc_gid=YaOFCo4iktoZyu-MH5zWPw&_nc_oc=AdovhkoecsKw7odjyWbiwx_4zcg_aCA-wIWdRM0YGCjI8gGJC0-lwEeOaW637bvLIPs&ccb=10-5&oh=00_AQINPm7rIJgSlgEGM1oW8rQVetq0RWYvzPbLqVBgVUpUMg&oe=6AC94DE4&_nc_sid=201bca,perspective,none,none,False,0.624,387
1060594135565650,-77.046530508007,-12.097255584645,1727975121997,2024-10-03T17:05:21.997000Z,SAN ISIDRO,san_isidro_03,80.691210654571,sHVOiIBDvwbgNTJmZuU8cr,https://scontent.flim26-1.fna.fbcdn.net/m1/v/t6/An80SLcExrzK3mOpt7Xm3kJ5QyKOCoBCQw8easG9FZwCk-FUfrc3t080sauFc9Jbtw287KQS5PU8IgRyL_McvbI3DBLmbxQWbPrly-VlkpB5Zo3wnKSPzpd7tSgJMwR6dggobVWeEUgOcW2fPNoQlg?stp=s1024x576&edm=AOnQwmMEAAAA&_nc_gid=YaOFCo4iktoZyu-MH5zWPw&_nc_oc=AdoiQRPjpQbveJBAPy4jnlsTY79FQCrXMtaHFAdQ7spfN3WCc9j2bUcbu6KypIpjuCU&ccb=10-5&oh=00_AQJvBUJ9tNfpl-OHdBjuFCi36AN1-7GGentCSDwNa9upQA&oe=6AC93F76&_nc_sid=201bca,perspective,none,none,False,0.608,102
1312627316766371,-77.047077125085,-12.097281938061,1727973833595,2024-10-03T16:43:53.595000Z,SAN ISIDRO,san_isidro_03,264.14017311365,my7bBeJuOUM9lH1kpzdG6n,https://scontent.flim26-1.fna.fbcdn.net/m1/v/t6/An8hyRTnHq-8XIhoyEOzHJwHyegJn_AyXLRk8TyvS4XXiCCwsrDgaZNtilMr6cyeTTQnbh5RLdPJIachq8bvFY-jy6XqfNyjiltwPFcMEdqcA0xiYz16I7afW73PXkMHimHRXSa6hrpw9ARBEn8eMiA?stp=s1024x576&edm=AOnQwmMEAAAA&_nc_gid=YaOFCo4iktoZyu-MH5zWPw&_nc_oc=AdrQCErXcwtgXovlnTLVA1cOaPfcu2-jQyHLa_2ih6eMbe7I8MZA2u9r4HLqGJojrOs&ccb=10-5&oh=00_AQIwDlHG4eaRQbfFsqMVBjUIGqPm_WkbATz6MVJTeEmJ8Q&oe=6AC93C64&_nc_sid=201bca,perspective,none,none,False,0.634,277
1180787665974292,-77.046266625359,-12.097193511022,1670167025000,2022-12-04T15:17:05Z,SAN ISIDRO,san_isidro_03,262.66,YviyNPr12cxVwAOEnh96du,https://scontent.flim26-1.fna.fbcdn.net/m1/v/t6/An82HoP1ClJjnNelkMJJPqkpE1uk50raFhGFF4GIhpUx-bKrhAadNSp6ldoyOofa452oTCDX90xOMa45iggn5KcsMIR9dNsnDT1fAi2F7EfOdR8hIA8bCigX4ugMsnuOB8z9Hu1yU71GFg41g-n3hg?stp=s1024x576&edm=AOnQwmMEAAAA&_nc_gid=YaOFCo4iktoZyu-MH5zWPw&_nc_oc=Adrp1JmvnDLMDadmxvum3i-B3G7VkOBIDy4MsN0GBR-HEe1S27r8Zdo9EipJPA8LcBc&ccb=10-5&oh=00_AQI00_qqfiW0IMXKXFFXqsN08mwmuAO6hpMcr_52PL_g1g&oe=6AC95D06&_nc_sid=201bca,perspective,none,none,False,0.725,322
1142941292891306,-77.046708873847,-12.097263368398,1468430279000,2016-07-13T17:17:59Z,SAN ISIDRO,san_isidro_03,348.24573773846,jWCHuwKVYVT5Oh7YPSXYIQ,https://scontent.flim26-1.fna.fbcdn.net/m1/v/t6/An88NpVbMv5F6hqbqAhoCK2jNp7hf7U1hO9L6HheoZ7luLs-0TJBRX0GdAMuhtXoaIgYW3F0WGyXE-YUGr1VUqTSFEpbPWII1hoJiiXxnxJFroPvdd7FUUaXe0G6UXp5xU7HsKCSnKA9ikl4KFguwG0?stp=s1024x576&edm=AOnQwmMEAAAA&_nc_gid=YaOFCo4iktoZyu-MH5zWPw&_nc_oc=AdrNAPmZQmufTVlY1Cozi391jZt2eV3X8qlsWr73RyVd28-I-RY4Z6DyKhfPZq2Ynrk&ccb=10-5&oh=00_AQJqp0HyBo6PmcPgjhskq5ALixvOKuY_-n65g4kp8BTFZQ&oe=6AC93982&_nc_sid=201bca,perspective,GARMIN,VIRB-ELITE,False,0.352,3
1150456239006478,-77.046723023302,-12.097230991841,1670167036000,2022-12-04T15:17:16Z,SAN ISIDRO,san_isidro_03,0,YviyNPr12cxVwAOEnh96du,https://scontent.flim26-1.fna.fbcdn.net/m1/v/t6/An9qjP6Fplk5UTgidd5RNtNcFAv9wtmtsdp8bX2fvkwNxr5mSG4ngTSxyDrlrDeboJ2gmBT1iEmnSctS-7nviilFNvpjdOHiwvMdEwsQBMXmJhU9lg_DdSvPP-zpjnACFup_2950CE9olFFDA9mMtfU?stp=s1024x576&edm=AOnQwmMEAAAA&_nc_gid=YaOFCo4iktoZyu-MH5zWPw&_nc_oc=AdpPu3ATDIkW1K_a3fINiCDHhkySfgp9XZdxEgT601cBcWK5Kc9_cKkLuvRtp4tim3c&ccb=10-5&oh=00_AQJpDGoVZz2A4pvry2M6k455jv8M2paO9YGu5vf0xUChbA&oe=6AC92FFB&_nc_sid=201bca,perspective,none,none,False,0.734,623
148554347711268,-77.046866,-12.097061,1670167053800,2022-12-04T15:17:33.800000Z,SAN ISIDRO,san_isidro_03,80.81,pNTGWX519ijfS8kz3ldQgy,https://scontent.flim26-1.fna.fbcdn.net/m1/v/t6/An_Jt8UR5uO1yhhwbGPTAWuFXHEOrLTRcZNVbRn1jZcX2eRHD491XcIb7b-Fqq5Kihs8drgXa52HONOFNrhYnR7lupXAkhF7rDQCQZ5Gh5yKaSj6IH30VmjiOrPsRtDhBL6UNgfP8NkESj8c5RuezNE?stp=s1024x576&edm=AOnQwmMEAAAA&_nc_gid=YaOFCo4iktoZyu-MH5zWPw&_nc_oc=Adrr55Wv8L-y95IdHdZvhgFmvbpNfPTmMaUbmYnUKsofpWyP2GwAbxIYGgj8Q3pIs4s&ccb=10-5&oh=00_AQIzfeAcfhxXSXoitMAtl0DXbRNBAuZ5lX5nnF7x4swTrw&oe=6AC9530D&_nc_sid=201bca,perspective,none,none,False,0.519,87
1097594875111539,-77.046468355333,-12.097228386083,1727975122397,2024-10-03T17:05:22.397000Z,SAN ISIDRO,san_isidro_03,83.417331311572,Nz9cHDqYI0e5ShVU8MZByW,https://scontent.flim26-1.fna.fbcdn.net/m1/v/t6/An-WuKlhZz3yROiudA4F3RaiEYrbSdzG9KUUzkkup8wYstNLfpav8D9j5sK5DVpsUPV3aAorYsuhuiQ-JfPsE0ZncykX3I715lEkbqQ5ESseRHtLFWXzuvzC-BSdi1IeGrabtTO4GQShqqe5wypPEg?stp=s1024x576&edm=AOnQwmMEAAAA&_nc_gid=YaOFCo4iktoZyu-MH5zWPw&_nc_oc=AdqkNzridsRmLONARptR6Wu01yacbnLRD73vJXDk0PF4Kl3gudTUJskvZUU4IeZnkOA&ccb=10-5&oh=00_AQJaeIDacBFvhNczIXxHKJztVnlZPvLbBpHVN0RNp6mthg&oe=6AC939B1&_nc_sid=201bca,perspective,none,none,False,0.567,100
1287520619071013,-77.046892892329,-12.096729422951,1727973821993,2024-10-03T16:43:41.993000Z,SAN ISIDRO,san_isidro_03,175.50334196692,my7bBeJuOUM9lH1kpzdG6n,https://scontent.flim26-1.fna.fbcdn.net/m1/v/t6/An-srReP8q9LOpiOxh2PQf-f7jzB2I7ykfHSVV2FaxvvWoALelBU-O_ixBL5ip0xt_FbtntsE53QeFUTRrR0TJ-UJ21Ybkz2inaHSqvzerqWQe12roW78XWC8gpc1YYlU4nRiAU3w6kcW1nrWpTU1xs?stp=s1024x576&edm=AOnQwmMEAAAA&_nc_gid=YaOFCo4iktoZyu-MH5zWPw&_nc_oc=Adp-5_imntxTG3w8Ot3_9gn9IFAnazIZTTeSYhFK5EGfiYjXBc6MFarnzpxi1oG7USU&ccb=10-5&oh=00_AQIlc4Z9TmmUv5pMMxJ3X8qBLCXqMaYnsZYd7IfMseGhUw&oe=6AC9373E&_nc_sid=201bca,perspective,none,none,False,0.638,271
1495628951142042,-77.046421135644,-12.09723154942,1727975123197,2024-10-03T17:05:23.197000Z,SAN ISIDRO,san_isidro_03,82.693637434868,Nz9cHDqYI0e5ShVU8MZByW,https://scontent.flim26-1.fna.fbcdn.net/m1/v/t6/An96R_QPKBOFGQDXhJDdne_XXJOUJFZSnU42GFC2gDdE8UwTDwwCwCvKlpIJN9PiXkJSgrJB-lODpk894iIisfbp2qYv8UvapX7wN3VY-yKe2oNHO3k1z_PrfqBscT0LACg15j8volBYeLDLeXphXLE?stp=s1024x576&edm=AOnQwmMEAAAA&_nc_gid=YaOFCo4iktoZyu-MH5zWPw&_nc_oc=AdqwmtYFbHdYEA1fmOekMKb0r9SgWR0p5X2hF_wyNlmLuN-3EURG9GYQNuZHhOdFsNw&ccb=10-5&oh=00_AQLgukHVDnfftKcpOy69-nepIhOabxCPuLx63tNe5LnJpw&oe=6AC96295&_nc_sid=201bca,perspective,none,none,False,0.663,107
1536469964415702,-77.046861619411,-12.09726008184,1727975112994,2024-10-03T17:05:12.994000Z,SAN ISIDRO,san_isidro_03,6.055364305511,Mb1Iq3zhtV6BZxEQiyHnKv,https://scontent.flim26-1.fna.fbcdn.net/m1/v/t6/An9n8n0yJ2-nu9L-_vBzRjT1KFptuHAJkxOngVt3-sv8hbwM0ANOHLA9CQmlAtL1Iwsf3m6Bgy78ng7k2HR8MFG37KTtPA9oXhoaiUZpv1LQF-5locKXrUeyyi5Q2w_dvZQsZB9lf-WhbNYnvbhjfYk?stp=s1024x576&edm=AOnQwmMEAAAA&_nc_gid=YaOFCo4iktoZyu-MH5zWPw&_nc_oc=AdrSXhdj5-Zo9KE4gy0viiwB3CHRRpqQzbe7-InEYdrxPTNLFyN_gV8WOo8FgbRyv3s&ccb=10-5&oh=00_AQId9-2viimW7rB7FUNSwIja-ZLaFnmDNOeihrytA_yI9w&oe=6AC9641C&_nc_sid=201bca,perspective,none,none,False,0.617,516
1259688205349328,-77.047117498971,-12.097313505625,1727975112395,2024-10-03T17:05:12.395000Z,SAN ISIDRO,san_isidro_03,1.1037728625049,sHVOiIBDvwbgNTJmZuU8cr,https://scontent.flim26-1.fna.fbcdn.net/m1/v/t6/An8iWOjlDD584fAkUUS7U8byVSW0F0FBk9M8Qx4nT8vYDRvu6m_2FLHHyOkXYYmuuZLPvT9MLcDjFo3pMDlI_4DEZPwgQkwNJ7s0rYN1bK9hoKcZj0ng1fbJ2mv9-0ipEMDGhisQYzbJryojk86uPA?stp=s1024x576&edm=AOnQwmMEAAAA&_nc_gid=YaOFCo4iktoZyu-MH5zWPw&_nc_oc=Adrqsicgd2p4izfOqTAiBuaE3I2EpZJjCiZm-VmrgVqag6l5WzSpJE2VDt8nH17tOKo&ccb=10-5&oh=00_AQKsoAZ5zdrf3VTea2OT-K_8cUyqnhYJYzY9aw_lExmxkA&oe=6AC95507&_nc_sid=201bca,perspective,none,none,False,0.665,320
1543617749451481,-77.046907161392,-12.096653783448,1670167057200,2022-12-04T15:17:37.200000Z,SAN ISIDRO,san_isidro_03,265,MTO04QJpS1DbN7RtrEcl8d,https://scontent.flim26-1.fna.fbcdn.net/m1/v/t6/An_0g3EvoahirdWksxfo8wBHCUGwnVUlYiT8ZK2RdZ8SxxeJI4UxV0j_nY4cS2JlEfKrY-cErSbJhcE-nAt2HRq7pT_rWToPJ5TXAkiV2y_9tgcJZaLX_jHLVxy64Iyt879CMlns6pWXzd4ucMqDVXY?stp=s1024x576&edm=AOnQwmMEAAAA&_nc_gid=YaOFCo4iktoZyu-MH5zWPw&_nc_oc=AdpcjxEauAlc0zvBnIfp_V_avIdF4SpHNsYlCYyfyd0BIpz5kU2vb2HvshbCgrUpdRo&ccb=10-5&oh=00_AQKQZjc9mdUIpB6drQ_rEeow8VRRjUlB1QKxoqerJfm05A&oe=6AC940E2&_nc_sid=201bca,perspective,none,none,False,0.679,163
1217551629173641,-77.046853,-12.097133,1670167052600,2022-12-04T15:17:32.600000Z,SAN ISIDRO,san_isidro_03,76.29,pNTGWX519ijfS8kz3ldQgy,https://scontent.flim26-1.fna.fbcdn.net/m1/v/t6/An9sC3NIIFXRj4QOiWtoJqd4niSlAbBupKuAUTOs_WWdHL_-8FecC7YzZciKuPZIZvriDiVHzkIt4WXl100n5aHRfHElUzMJExitqdHM4VvHj5-wHqhZQCbviz-mCfisnPYJXm89M9zMpY4y2MRW0eM?stp=s1024x576&edm=AOnQwmMEAAAA&_nc_gid=YaOFCo4iktoZyu-MH5zWPw&_nc_oc=AdqO_3SokIOSmeCHlWJRO4G7tm_fnBoiO9_I7-cnP8pTCyB3F1kvB1ZFBX5rOm7fyL8&ccb=10-5&oh=00_AQIyDze8WKIX0hMd0Waw75P-vf70eId62x9VRxtzefQsMQ&oe=6AC95C9C&_nc_sid=201bca,perspective,none,none,False,0.545,92
1380662188959636,-77.046818305603,-12.097466251493,1468430440000,2016-07-13T17:20:40Z,SAN ISIDRO,san_isidro_03,345.20691417724,V4nqFL9vkoTYoXmAsj0kqg,https://scontent.flim26-1.fna.fbcdn.net/m1/v/t6/An-4H7tWp_FqhyTDe-5KaB9SUfukBEp271skFtBOGi3Zn9lbMg-HL87xBMt5K4W-B2nLjOzZ8SvuFAqQvrUl0nDtDs6WzB2pywf8vK_-7mKS-nV69Z5AhkEsz1MarUWRDr1EPPOUYXJrRGos66WfBg?stp=s1024x576&edm=AOnQwmMEAAAA&_nc_gid=YaOFCo4iktoZyu-MH5zWPw&_nc_oc=AdrohO5bxGhFkCnIA2OoUGfHnB-6tc-ubokQhNMfalkWv1IXRxjXEXJnLXKtDbepyXs&ccb=10-5&oh=00_AQIQ8bNuernjIH5O_fa_Y_9C6QBHsIzCImn6-t11cIiiHw&oe=6AC95F5C&_nc_sid=201bca,perspective,GARMIN,VIRB-ELITE,False,0.539,7
1110444197359644,-77.046884071585,-12.097353853955,1727975112000,2024-10-03T17:05:12Z,SAN ISIDRO,san_isidro_03,8.315,Lg2kW7S4KPcTApMuhZQnwe,https://scontent.flim26-1.fna.fbcdn.net/m1/v/t6/An-bVzcmkal__JgmwL9rSm0wQZIk35nZArGZR_KXajgBUTm-G4I1GXXmFIZAB6xF5R8RxF0OXD6ni0_7gP4Qxjaox6ac0YPPCKZGaAC334qnjb6HzZyXEKtjWbb1ffQKHCfm__Q-3qAB8AmA0s2tHQ?stp=s1024x512&edm=AOnQwmMEAAAA&_nc_gid=YaOFCo4iktoZyu-MH5zWPw&_nc_oc=AdosUZhCiom6PckGi-PEwiYQlDrXdwBsk6rGeQ6iJfC28CwdeiWwFTXtlbkHUaQo7bY&ccb=10-5&oh=00_AQI6ROQA0ZChiQh8bq6lyqH_NgPT1FGm3wgXmKQhzKWisA&oe=6AC92C87&_nc_sid=201bca,spherical,GoPro,GoPro Max,True,0.877,551
150636500360642,-77.047052400317,-12.097288417123,1468430273000,2016-07-13T17:17:53Z,SAN ISIDRO,san_isidro_03,81.59108451587,V4nqFL9vkoTYoXmAsj0kqg,https://scontent.flim26-1.fna.fbcdn.net/m1/v/t6/An-IOsInN9ON8a80x7_mZOV7Zi09wZ9fjgIR6yL-0ObUXsx7I5prXkUvi9IfPpkcPL_fyQYJbid39KAYuD2GhrH_WCpiJAcw988B6o7SJbLKapX5WZxWWQqlm9K_gvr5mgdHHIeJ6IMmK_OafJ6zBSo?stp=s1024x576&edm=AOnQwmMEAAAA&_nc_gid=YaOFCo4iktoZyu-MH5zWPw&_nc_oc=Ado7o9F4z0Wgg7COUgiTDpImIzoKjPjX2jaDStCmMDGUQ9cjvSfbGHLvw7gb5UOdFGU&ccb=10-5&oh=00_AQLHGmmOwTdQbV3mtYMOG7xuKbFDTsV9uCYOHAsEM97tcA&oe=6AC94C4F&_nc_sid=201bca,perspective,GARMIN,VIRB-ELITE,False,0.542,19
1318526012452771,-77.046883829016,-12.097354270932,1727975106000,2024-10-03T17:05:06Z,SAN ISIDRO,san_isidro_03,153.944,Lg2kW7S4KPcTApMuhZQnwe,https://scontent.flim26-1.fna.fbcdn.net/m1/v/t6/An-pMm_eGQHqS5Kp_DgBhCtSYbF1KotPsON7_F6-qg2s6akI4J2bo8d-ndkJ16MWP1a1DlTFimd-J0wWtxa6C6ZS3wEiGR4goKBS6Gp0DY4SgYgEhYFqYGjkq282r-Y6-nqibgnE4NftN3_fWs3TeRA?stp=s1024x512&edm=AOnQwmMEAAAA&_nc_gid=YaOFCo4iktoZyu-MH5zWPw&_nc_oc=AdquN_dpNTxej5j7aIJ9xZbHPJ_OZlMnHLmNrNigqadrNmjC7UJ9TZS2sG7AT8nFkzk&ccb=10-5&oh=00_AQJy7gsoytcId7C1qQD4jiRbrfeZ6Np4A9D6QiUr2Gsj3w&oe=6AC93F5A&_nc_sid=201bca,spherical,GoPro,GoPro Max,True,0.88,593
1253412552546666,-77.046846303546,-12.09734593618,1727973825995,2024-10-03T16:43:45.995000Z,SAN ISIDRO,san_isidro_03,177.41207965164,dQBZokjqCau4xzIb8p5SGY,https://scontent.flim26-1.fna.fbcdn.net/m1/v/t6/An9X6A2BHvabO7IYUcY35Fww_xHfVHySdLV0Y3KruUpSchMITw1aLlE5mULYA1fTwfA8C7jKjE-tIoRuxIUtOZaMA4Qh5oO41Ry2vOkZeoT9GT1RS6GrCfYAiGwiIgYkmwhm6x77SUQLtn0GaT45gIY?stp=s1024x576&edm=AOnQwmMEAAAA&_nc_gid=YaOFCo4iktoZyu-MH5zWPw&_nc_oc=Adqg05xobC-wMWPBIWMDsAwJ6wnkVJFiVu9rLMwm3ASrqJMAx5q9IsjMPJvTWLz6czI&ccb=10-5&oh=00_AQK4dELop7Rfk-bi-Au9Z2CV1LGeNH2vzIqm0tTdlf5YJQ&oe=6AC94142&_nc_sid=201bca,perspective,none,none,False,0.667,98
1251395896100639,-77.047110483337,-12.097287663544,1727973834195,2024-10-03T16:43:54.195000Z,SAN ISIDRO,san_isidro_03,264.28018469287,my7bBeJuOUM9lH1kpzdG6n,https://scontent.flim26-1.fna.fbcdn.net/m1/v/t6/An_X3JXp6PAbXjsxK7HyaO_eRZwsDOu8M12ypWmaeLHWvDvNB8auTGfXK7MgJ3sCMs6WiLYa_hnstNri-IS_4T0_GPGyWSX_HmEZpBRkXXcxl2jT7TGStIZE15jkxJIAZ9SGMUHp4C-yyjjLHxwijlc?stp=s1024x576&edm=AOnQwmMEAAAA&_nc_gid=YaOFCo4iktoZyu-MH5zWPw&_nc_oc=AdrxTw2G_7M_OXWSsfWl9ja1vqSHXWcOt8f4sOl37USJyFrc9d0h3WClGcjy8RO5RWk&ccb=10-5&oh=00_AQKuDV4HNxH3rOyPI0TB4yd_sRdXEwmYhpMawM8yl7SHew&oe=6AC95A92&_nc_sid=201bca,perspective,none,none,False,0.664,264
1070217908133809,-77.04685392018,-12.096804225286,1727973821394,2024-10-03T16:43:41.394000Z,SAN ISIDRO,san_isidro_03,174.33939426045,dQBZokjqCau4xzIb8p5SGY,https://scontent.flim26-1.fna.fbcdn.net/m1/v/t6/An9Yl0riFXUhVyxr3mPHnj58C2OLtCwaVuT8FCEFMXBBGE2QYnu2QSwawCuF80E-jVjOYUsPZPZPTdlp6Vb_AzXabqdVtKnTQeejf9ff8ZH9OlQcIccPgMpxeDtTnXSoun-9szCZ6JCkyAn2mjudprc?stp=s1024x576&edm=AOnQwmMEAAAA&_nc_gid=YaOFCo4iktoZyu-MH5zWPw&_nc_oc=AdrmORYytwibdKBw46VBTDNzQJPmBKyKq1RbvmrvnFjSawX8KaIwf5ojcd5LFafvB_I&ccb=10-5&oh=00_AQLiDfnTJxsO72FIH-MkdbPUNJimaQiTYlBiM_HJepfxhg&oe=6AC93D76&_nc_sid=201bca,perspective,none,none,False,0.623,75
1215707189706186,-77.046577535091,-12.09731590361,1727975121597,2024-10-03T17:05:21.597000Z,SAN ISIDRO,san_isidro_03,84.263475405475,Nz9cHDqYI0e5ShVU8MZByW,https://scontent.flim26-1.fna.fbcdn.net/m1/v/t6/An8TClorrbmqF_uRpnSJRqDdbcOirXLHnv0zwaoJ6uUMLKZOkl-rrQhSTGTpON7LJ0FRm0KwAKk-a3cb6FT3iStwBDjnK78nuf8i5Ccct-yIsJddpzPxdFAm7MXGqqYZfpryXuh3NmAw5uxFdr3DQA?stp=s1024x576&edm=AOnQwmMEAAAA&_nc_gid=YaOFCo4iktoZyu-MH5zWPw&_nc_oc=AdrSmpHPT_V3rA57SX22L31Yful3xzi3FO0rwHadtC_TBqdvNceb-JrmopK4LU5FFiE&ccb=10-5&oh=00_AQK-wh-BG8NvSwqMZCOzFfX-zD7VDMJ4oxDi3_i1lAu16Q&oe=6AC9326C&_nc_sid=201bca,perspective,none,none,False,0.458,101
1273917290302618,-77.046768782197,-12.09727834467,1727975119197,2024-10-03T17:05:19.197000Z,SAN ISIDRO,san_isidro_03,80.10166257012,sHVOiIBDvwbgNTJmZuU8cr,https://scontent.flim26-1.fna.fbcdn.net/m1/v/t6/An9myZgZYHCGj-fcBq5qXXEPa30E9yQUbbN-Hy4LhdmR9gO08-vE5a6tgOMR31EVyX39dFZYDBxKYI0HrIEbkI4n3U7PMj54WoX8G9Acs0eFos_c9umKNHubVVDjyUBvi4gHen0-012rEeti4ImI8f0?stp=s1024x576&edm=AOnQwmMEAAAA&_nc_gid=YaOFCo4iktoZyu-MH5zWPw&_nc_oc=AdqC3vfwKXubpujFeW5Pp1hjTNczPWZIS-5fJjSbTCB_5KvzVVeCfiLYF1Ofz3aT-Oo&ccb=10-5&oh=00_AQIp32MQS6BMMQdwILYVqFY5pVCR2NCug8uNeYzhOwBTyQ&oe=6AC95D71&_nc_sid=201bca,perspective,none,none,False,0.412,214
1628071477614130,-77.046704304669,-12.097228438762,1670167032800,2022-12-04T15:17:12.800000Z,SAN ISIDRO,san_isidro_03,0,YviyNPr12cxVwAOEnh96du,https://scontent.flim26-1.fna.fbcdn.net/m1/v/t6/An97--BkLuyKn_0XyikL-ZhmMJC4t9tSt2dj27FW9xt4MoO1R7uxhcJxHVUyEuaH_uVlq18C7-FkKa91NZte9ZzqFg45hv1a1DKHU0vKDAonWmm4G9oaQ6lktDbCR3ZrsdMVWnbaZ0RnEw7L59cwng?stp=s1024x576&edm=AOnQwmMEAAAA&_nc_gid=YaOFCo4iktoZyu-MH5zWPw&_nc_oc=AdoM8yRtqvN2LcRmrKDhPXkyF4G2KevXwHNNGAfo3o9nltQW8hEXeLS3jbqBj_yTY70&ccb=10-5&oh=00_AQK25R8b8OnasUfvFWgaq8ZvwEr5YqWo5uMGoVaAxfdoow&oe=6AC94389&_nc_sid=201bca,perspective,none,none,False,0.706,587
1289181732532204,-77.046857799636,-12.097115421218,1727973826795,2024-10-03T16:43:46.795000Z,SAN ISIDRO,san_isidro_03,171.07870900936,xg1MucsORv4Uk0PH2jntGf,https://scontent.flim26-1.fna.fbcdn.net/m1/v/t6/An-L48jHZG86E1Qh8EQf6VfYsYZrCC0qRvdlZeugQ4OYr9SqsHJGWI5OKe_GMEZyqqRhYGtNOYGDyJicDLw0RX3shTbdHaOMm_2IGmajer6yChlgHBSTFxWbKPp4ps0qQdDc-FZXa7nj_4T8jgwncks?stp=s1024x576&edm=AOnQwmMEAAAA&_nc_gid=YaOFCo4iktoZyu-MH5zWPw&_nc_oc=AdooOFsP0Egx3MoVjNg663JlGGdJ8wZwGbaFyQW6dEmgnL47EL7j9KD-GjKr3RAQIPs&ccb=10-5&oh=00_AQKWPTG3V6bf9LhPeJQ5-xiPYhpTI1lJcnPQXAkA6mMm8w&oe=6AC9606B&_nc_sid=201bca,perspective,none,none,False,0.669,317
1646987289199553,-77.046919053366,-12.097231274693,1727973828000,2024-10-03T16:43:48Z,SAN ISIDRO,san_isidro_03,195.831,uvxBOpHrU9fzn5LWj0Zk3T,https://scontent.flim26-1.fna.fbcdn.net/m1/v/t6/An8cEfW1hh8ai4MJPtbNDJCnf126lnbcHMVHPsg3QJ_NOI1liuW4aMuSK_EXKUv-fQ6LcQbmTPFOHkg0WEKHNYMg4VBcnBy4jzvSI4HeSMZTDOMvAiRvoZAdmOAb9DWfFDv9f3O9udIdMEdXO5N9xA?stp=s1024x512&edm=AOnQwmMEAAAA&_nc_gid=YaOFCo4iktoZyu-MH5zWPw&_nc_oc=Adp4RaWjWGbP9AJ5EuxGtoOvssZtViSsyN0719YxtmKMfDVwAqijMba02toXm-XN-D0&ccb=10-5&oh=00_AQKLPDT-DVCIRUkmubhcNJ25G5BnmDZP__K1hSZTSf1w7g&oe=6AC93912&_nc_sid=201bca,spherical,GoPro,GoPro Max,True,0.828,545
1613715075881814,-77.046895610327,-12.096816131769,1727973823193,2024-10-03T16:43:43.193000Z,SAN ISIDRO,san_isidro_03,177.74329422073,my7bBeJuOUM9lH1kpzdG6n,https://scontent.flim26-1.fna.fbcdn.net/m1/v/t6/An8qR6jgCnLPJRPWOyalnhyAAxz65yAb_4RTu8oghZjd-afnX6Iz0R1Cwxhq9qoOXXIczcPNrxnZCDDRqDP99GbHmJhvU__83ttdbc1BNfwCg2n6KOn1ws_Vmy1UJmLrdtBseaOf6spF_PRIpyVWhS8?stp=s1024x576&edm=AOnQwmMEAAAA&_nc_gid=YaOFCo4iktoZyu-MH5zWPw&_nc_oc=AdqXP284OMs4CNB_3gl7o3QxjRIW2pw7TaUV8TyQVzx65UvgcVar4TETjCTbNHIzkwo&ccb=10-5&oh=00_AQJmFB8On1hLoX5uDbx504wupFIUihLwqj4BFxAtoMOvUg&oe=6AC931C2&_nc_sid=201bca,perspective,none,none,False,0.611,292
163148076530100,-77.046789615368,-12.097556491389,1670167046800,2022-12-04T15:17:26.800000Z,SAN ISIDRO,san_isidro_03,175.23,MTO04QJpS1DbN7RtrEcl8d,https://scontent.flim26-1.fna.fbcdn.net/m1/v/t6/An-tb2RyxhQDrV1oTOCn7SydTol2s2Pe_toDA-T6M6WSwtCQcgzgH5AXMaHwlWhLIEWZUpUfsYQwTvQM9Qfx2raIeQqmCCGph9SshWA5cVT-6k39IBQ3LLfRPkhqr6Ey5zHw3a_wlsTLIWSgKNzfZw?stp=s1024x576&edm=AOnQwmMEAAAA&_nc_gid=YaOFCo4iktoZyu-MH5zWPw&_nc_oc=AdrZO8Qa6UQ4z2J6vauF4rvhqOcMMVELH7ysaueYh2blsVRjKhuXzbb0Oi8-tsQgE0k&ccb=10-5&oh=00_AQKAautdPBN-27xXnJeEbzwO4Hu4UyAk6WZksuyBSPeLoA&oe=6AC95638&_nc_sid=201bca,perspective,none,none,False,0.742,486
1626240281183060,-77.046881801602,-12.096733039788,1670167056000,2022-12-04T15:17:36Z,SAN ISIDRO,san_isidro_03,262.68,MTO04QJpS1DbN7RtrEcl8d,https://scontent.flim26-1.fna.fbcdn.net/m1/v/t6/An9ON-nqIVUrv3tqaqKgZkhGyGSyQVGqKG_pW9o8awbsqMKXCHU45TZRaJqgCKKC-ewSauj7NEL23D-O563ahsmxLCZIh8ed7U7ZNI7WleWdmQm5PuR1vHk983e8zXRADIxdfDUK6EIbeCT98OcjTA?stp=s1024x576&edm=AOnQwmMEAAAA&_nc_gid=YaOFCo4iktoZyu-MH5zWPw&_nc_oc=AdoCVm8GYoxCFpCu3LRKGk9uhXIJo9Mi_SIFHesAqbYNXUS_CHRSMEqSUl5ZA9sGf50&ccb=10-5&oh=00_AQInsACZjJvJcicalpVN2CbcFLT1miUMLEkrOve702F2yw&oe=6AC9611C&_nc_sid=201bca,perspective,none,none,False,0.682,140
1659526094477899,-77.046581420384,-12.09730831762,1670167029200,2022-12-04T15:17:09.200000Z,SAN ISIDRO,san_isidro_03,173.68,bBI2yJZlrx3LFm8ekjvRTz,https://scontent.flim26-1.fna.fbcdn.net/m1/v/t6/An8tjfT9TRoUYib0DHkdXHiR_TdlD565FLseYH0CKgki5VeFD_qn_rMOALiOOcRipZE5-qLr4to397TL1JfZG38jozDUsX9NeRMXqnGUI368JtCoQAJww44Bttg60qhPMehCXEnSKHHpgtl99mK7u58?stp=s1024x576&edm=AOnQwmMEAAAA&_nc_gid=YaOFCo4iktoZyu-MH5zWPw&_nc_oc=AdqEy1fkV7pvzvsD0J880wjpVJhNl8MlK-RM5wQKKnQaZMnHjcmjZ75L1B8l2IV1Ce4&ccb=10-5&oh=00_AQJV462rN-Bv07L41CZgbXlEtED7ah0zy8eQmHnaV8PmdA&oe=6AC962BE&_nc_sid=201bca,perspective,none,none,False,0.668,240
1683005359214139,-77.046681534408,-12.097228766681,1727975120000,2024-10-03T17:05:20Z,SAN ISIDRO,san_isidro_03,81.539,Lg2kW7S4KPcTApMuhZQnwe,https://scontent.flim26-1.fna.fbcdn.net/m1/v/t6/An8rbY6dElHOyOxhG9Ki58OpYpZ6wQ2MbPEjSS3J-Ug7gIvJSDLB93Ipsidqz6Oz2LoBOFrdUW2wa03EvhrycLXdrxvXOJCMOPbsHelROchDTY9_XnkzcntaBAeHPdsFDxePogL6wae4nmZLCbLMmew?stp=s1024x512&edm=AOnQwmMEAAAA&_nc_gid=YaOFCo4iktoZyu-MH5zWPw&_nc_oc=Adrok1Qt9kOSgxH8LmKqK9JwV4aCF_kcoEYGOeTpzW1CP3u-Fm0pK-Sshr1UBs0I9eg&ccb=10-5&oh=00_AQLpYqRcTEY6LTQ_eFvA6YP_MzxZ__BFWEB1tg6fIQb5og&oe=6AC94F63&_nc_sid=201bca,spherical,GoPro,GoPro Max,True,0.888,523
126277236823623,-77.046784415173,-12.097776051591,1670167051800,2022-12-04T15:17:31.800000Z,SAN ISIDRO,san_isidro_03,343.84,KVfu0ELi2Dx8XSYUACNR7q,https://scontent.flim26-1.fna.fbcdn.net/m1/v/t6/An9j_0d4E6_benFuvu4DgSqiSr9yByNTngzQmgA24le1smlK3MGs8TbgGlEMj4TtJ-pOgRLOVs1TnV3lAzWFsaDbEM4LncShnlxIp8Uyjt846OvpTYCCDOYylgT5D60x43f2suOpsMzvtfrPaivGrm0?stp=s1024x576&edm=AOnQwmMEAAAA&_nc_gid=YaOFCo4iktoZyu-MH5zWPw&_nc_oc=Adr5_dOZ-lkDq76NsueWw3gBy9SJdv2cKaDYVQ6KC-wF5mBFcg4ByFM1DAaUhg5QUwM&ccb=10-5&oh=00_AQIU2I3qOS4jsFQOY0tgN4a6sR4V3T81NWVSKhscKwSEgQ&oe=6AC94E75&_nc_sid=201bca,perspective,none,none,False,0.709,321
1650427442484408,-77.0470669262,-12.0973258698,1727973833596,2024-10-03T16:43:53.596000Z,SAN ISIDRO,san_isidro_03,261.63098786234,dQBZokjqCau4xzIb8p5SGY,https://scontent.flim26-1.fna.fbcdn.net/m1/v/t6/An9JQ4VxM68vjC8ZGhLbPee6SR6YwIkluZO9VtceoPrKLi_-Jnv8GiR0L3b4bi2SfrCZA942b0OBDcMuUyWI1E_GdS2OfmCYaCoqSi8Jzfu9a0PVwBklpF-9_G8Re7YUbH1Wy4NQR0rc8vXRzi0TQHo?stp=s1024x576&edm=AOnQwmMEAAAA&_nc_gid=YaOFCo4iktoZyu-MH5zWPw&_nc_oc=Adq2prgf0mMJ-JQiLoZgIgD_n8hDfDMiV7U9f3j-kfVMCm-sfH7nPxQR8QOvt3UwvgQ&ccb=10-5&oh=00_AQL9A8sMOhRhPQ1HISlzMHxT7I5EecRVZPlhtzD5ZB0pNA&oe=6AC95624&_nc_sid=201bca,perspective,none,none,False,0.426,119
1384494908971192,-77.046919107435,-12.096620307239,1670167057600,2022-12-04T15:17:37.600000Z,SAN ISIDRO,san_isidro_03,265.93,MTO04QJpS1DbN7RtrEcl8d,https://scontent.flim26-1.fna.fbcdn.net/m1/v/t6/An9kqjFGgLKMXFkO2V3zguosmB5HoY0vA_eCwgXKc5VciM38POFCiDdzCwS0EzFADOzoXfsBL9O0oTvYnfZLcZh0XhFEEE8TFaoKH5oAnCF0R5oipWOgUp46Mq-2b9Wv9RQINmKUyO3g8Ce-E-Zl4ao?stp=s1024x576&edm=AOnQwmMEAAAA&_nc_gid=YaOFCo4iktoZyu-MH5zWPw&_nc_oc=Adoknr-8lQIxxI4cYzRoGE7oHRtmTBQEDwk5EJw-ld9ADJuikssh-Z2-1E1i6BzRS5Y&ccb=10-5&oh=00_AQLEHJwFwz12omZvFKuwpx91M0YF_TN416yU7xfZsFMVzQ&oe=6AC9557D&_nc_sid=201bca,perspective,none,none,False,0.684,175
1528780400978701,-77.046699643461,-12.097231659476,1670167030000,2022-12-04T15:17:10Z,SAN ISIDRO,san_isidro_03,351.44,0pdLNWBz9P8I2HXajvxKDq,https://scontent.flim26-1.fna.fbcdn.net/m1/v/t6/An8VBE5NjvRohzViVOQsqVxyU_PyuBMdwyal23b6VMapUv-39f76RHSqsFkFCU08EqGDeDkXW6QzlQgH6crNIoNUe9hckEuy6YN4Fdt2zWWtrmVxoCI-wQjLLwaCdRs8bp5dI8SDX2JAeR6C25jJcw?stp=s1024x576&edm=AOnQwmMEAAAA&_nc_gid=YaOFCo4iktoZyu-MH5zWPw&_nc_oc=AdoFsB24cCvg7W7jGLveRLOtiCYbwDxsFA3rtbv7CQAayFt2_PSTTn8-sZIAhb9B6gs&ccb=10-5&oh=00_AQJCsJtS0XKCtGO50k9OCphuc5AmQgms3_PC9IyV65IeRQ&oe=6AC95016&_nc_sid=201bca,perspective,none,none,False,0.709,202
1519665525110361,-77.046604909388,-12.097315713803,1670167042400,2022-12-04T15:17:22.400000Z,SAN ISIDRO,san_isidro_03,270,bBI2yJZlrx3LFm8ekjvRTz,https://scontent.flim26-1.fna.fbcdn.net/m1/v/t6/An_bJ5zwsupBlANtJLN_1Dxtm9Q_vUbH6q8ao7azWW_O2PdmCdhGKMB8seCdEWhREyQjayiOrc-TF4_WED93lwDyCoGPme72gdV9JZk88BBAuSgF9X2WtHMHbOnitz8FtugFi4eC4DQ-27n0mPxfnA?stp=s1024x576&edm=AOnQwmMEAAAA&_nc_gid=YaOFCo4iktoZyu-MH5zWPw&_nc_oc=AdrMZhWi9fz7S-G2qFFsNl5VpuJNmGBRzCnimVPbIKhOdg2UQmiOuAK0ZxYUfgDkVP0&ccb=10-5&oh=00_AQJ95dFPg-oir6WczkC8tTvykzWuPDfqJd_Q9XYg9WfGrQ&oe=6AC92CAB&_nc_sid=201bca,perspective,none,none,False,0.666,274
1360014114787773,-77.046924974462,-12.096893816362,1670167057600,2022-12-04T15:17:37.600000Z,SAN ISIDRO,san_isidro_03,357.08,KVfu0ELi2Dx8XSYUACNR7q,https://scontent.flim26-1.fna.fbcdn.net/m1/v/t6/An80_oinfAIzQW-b4eYEDT5t1OYyEoLVjgjbsAqHKTjnxs_Wja516ffg1R1WqlLodvZz9hKSbM_jKtvMrJGJSD5tBGL4RqzjU_u4xRAN-K2BIW2kfWJsHdURGKu4Y-edrIoGL5XqF7Hi1GTdLpxuvQ?stp=s1024x576&edm=AOnQwmMEAAAA&_nc_gid=YaOFCo4iktoZyu-MH5zWPw&_nc_oc=AdoCtAU6WGgg28QLGMSQBEPr-alyDu3s6cVj8tp-ZhrXdlwHf4V6J9hK9C6xECYS4wE&ccb=10-5&oh=00_AQKS0o_6Lj7u8zHP36wAPWbeu6jXsEgkzCzkWCYTSGqRsw&oe=6AC953A9&_nc_sid=201bca,perspective,none,none,False,0.686,357
136931429275573,-77.046869399279,-12.096777340074,1670167055800,2022-12-04T15:17:35.800000Z,SAN ISIDRO,san_isidro_03,262.59,MTO04QJpS1DbN7RtrEcl8d,https://scontent.flim26-1.fna.fbcdn.net/m1/v/t6/An-KzRJftEdheVMr02efCxDMwdkLXWD3pPNLfxu0a1T8QVWcUwbmNbaEsEYGeSTRr20CWBTIDBc6PsyzB0kKiamL01AKUbztimSGJ7WnM0vfZlzUhJ9xhI02-56h6UGjp3ZV20nTdwHiLcvaags9XQ?stp=s1024x576&edm=AOnQwmMEAAAA&_nc_gid=YaOFCo4iktoZyu-MH5zWPw&_nc_oc=AdovnQ4NAaLtV4pCzgeiqU-opUz72dF8z62TuvE3_rb0xbmZnIQ3uAqJ2tGQuz9l6sw&ccb=10-5&oh=00_AQIVR2GOKpe8-YX5-wawdKz9rC6CfXL5i4bvkdRu-hqF9A&oe=6AC952E3&_nc_sid=201bca,perspective,none,none,False,0.679,150
1241477003439485,-77.046696170868,-12.098333734897,1670167047000,2022-12-04T15:17:27Z,SAN ISIDRO,san_isidro_03,264.01,KVfu0ELi2Dx8XSYUACNR7q,https://scontent.flim26-1.fna.fbcdn.net/m1/v/t6/An9mpxzk9tGf4JzgPDwddf8zbW3hxD5AS9NtM7Q5dfcZzXUsZdxRvLBV0YSktuypAJAFQITCWpnbpTtOvV6NL957MbV99paODQtUt042Gv6yUTkNIhWmUFduE8tOEP4xRFcnAN1ZORKLjSlgiWyFBA?stp=s1024x576&edm=AOnQwmMEAAAA&_nc_gid=YaOFCo4iktoZyu-MH5zWPw&_nc_oc=AdpK0OGof0HRhcosQw6Kb-Z3rsGDfDWuVaGewBXBAZa_TyQWj9dUtCNlMIgtk29E--A&ccb=10-5&oh=00_AQLY4ScA8FonD7HbH_WIaLyh9xknpaE6rIQZJt-iYeGWdw&oe=6AC93C16&_nc_sid=201bca,perspective,none,none,False,0.738,269
127369973361466,-77.046362528835,-12.09720220644,1670167026200,2022-12-04T15:17:06.200000Z,SAN ISIDRO,san_isidro_03,263.29,YviyNPr12cxVwAOEnh96du,https://scontent.flim26-1.fna.fbcdn.net/m1/v/t6/An_VKE7B6iTvo6UfY4FpqIWL_bXjXDkw14TxYh76USHqikSmUmIifYVLtk6a8usWXXLUyzUFwwgRIyvKxH1gmAWbCty_L-M-ixygL2YYMYLXgvnwePql47tHDn1Yu1rxrneiOkxdEBkRlbiPsE3DntI?stp=s1024x576&edm=AOnQwmMEAAAA&_nc_gid=YaOFCo4iktoZyu-MH5zWPw&_nc_oc=Adrm43lA91EFzOyQCNPAFvjO0mAQVSPutiekgJt6qF_oq3SCNbQkyZLPgJcTIo1zpJ4&ccb=10-5&oh=00_AQLaiqTf4BEXiPCZWA_c5CbbO1_UJi2m1jGVlP_EY2e11Q&oe=6AC93A8B&_nc_sid=201bca,perspective,none,none,False,0.756,384
132401825513272,-77.046886531126,-12.09692874554,1468430447000,2016-07-13T17:20:47Z,SAN ISIDRO,san_isidro_03,263.3282887087,jWCHuwKVYVT5Oh7YPSXYIQ,https://scontent.flim26-1.fna.fbcdn.net/m1/v/t6/An9LvZMrK4gT2Gunt7JfTzpWpUKJ9OZfT60y16LvGa6EAUkP6f73joG9TXX5SEGksXSzpkDQwrK1b7LbfhTN-d-vj1I9ObRsvouOlEBDDoY7QGR4KG2lxSwhxvpADXOlNBoyl-i51U2hl0OtQ-vT3A?stp=s1024x576&edm=AOnQwmMEAAAA&_nc_gid=YaOFCo4iktoZyu-MH5zWPw&_nc_oc=AdoXfqxdlhFPi1bLCU7ysaV1L1SuZcoh7J9AGrRTxelT3hzQgeMXo5mIO4YX1UzYqtM&ccb=10-5&oh=00_AQK2oxn4S-YS62MEUYMWHvk47lQ8JroWQREGFKzXGGSBxw&oe=6AC92D6E&_nc_sid=201bca,perspective,GARMIN,VIRB-ELITE,False,0.665,1
1478457056153626,-77.046894038402,-12.096786716717,1727973822793,2024-10-03T16:43:42.793000Z,SAN ISIDRO,san_isidro_03,178.48229888297,my7bBeJuOUM9lH1kpzdG6n,https://scontent.flim26-1.fna.fbcdn.net/m1/v/t6/An_oEkJ-ywTO0wNOxFIYZnlwoqljpsf7rWm2hAJxWyBvyKF-yXU3-qJ89l-Bx_d4ISmOUE-Z0fQuFwwXv6KTrG9bvKiohQ9NktRsuo11sIhGi6Az-J4T-KQ1EGIW0xG2Xs_7GHumsKxtyQtn5wc8Iek?stp=s1024x576&edm=AOnQwmMEAAAA&_nc_gid=YaOFCo4iktoZyu-MH5zWPw&_nc_oc=Ado6uiiBqDaWW7eLV196BrH2KuI43U4t3MhLDHZZf-OhN2Q8q7MCzwrGW5D_Y3Df4kA&ccb=10-5&oh=00_AQLFyoYpIER5EHvJCHSDHNj51Jzl8-ZkJ4VWF0J9T5k5pA&oe=6AC963BD&_nc_sid=201bca,perspective,none,none,False,0.618,279
147380667292323,-77.046559647003,-12.09726331541,1468430281000,2016-07-13T17:18:01Z,SAN ISIDRO,san_isidro_03,87.288527638351,V4nqFL9vkoTYoXmAsj0kqg,https://scontent.flim26-1.fna.fbcdn.net/m1/v/t6/An-2tw15G-rTznhGF6p-I42sgxBF-Xdr47-R3ZQXwwgcz-j-oBZ2ftmVJpqxrawRoBYD5AB5T7SuXHt0biJRiOUWf7Ca9qrQJVVnRUxQvXFZV935FGu04T2FJUNDIBgtMvFIknmFDnvlkgk6KvvePY0?stp=s1024x576&edm=AOnQwmMEAAAA&_nc_gid=YaOFCo4iktoZyu-MH5zWPw&_nc_oc=AdoxJfu4fztMKg2sCKeJofwxOdNzfXPlkHioQXnaDQDaY1QG8QTiCmkfdErOD2UM3eY&ccb=10-5&oh=00_AQIgoJUrNq47z8T-khz_hHtk8oh8Gs1rFTT0pAYDApCo4w&oe=6AC94DEE&_nc_sid=201bca,perspective,GARMIN,VIRB-ELITE,False,0.55,1
1576866639602628,-77.046887204097,-12.097302886624,1727975098592,2024-10-03T17:04:58.592000Z,SAN ISIDRO,san_isidro_03,350.74413395011,Mb1Iq3zhtV6BZxEQiyHnKv,https://scontent.flim26-1.fna.fbcdn.net/m1/v/t6/An-1MJZge1AM5vaIxUPbHFv8NRKWLrJTBRIm6f8BjxolLg0GUMYpXQoDzXartk2fayYBLPaBacO5M8reNPqXINeM36xBvqElBrCCUV2QlH1STK2LpAQG2pIm8RFA60_X5O_xKu-hATLHzoFqTGP4vw?stp=s1024x576&edm=AOnQwmMEAAAA&_nc_gid=YaOFCo4iktoZyu-MH5zWPw&_nc_oc=AdpCHkbFLd73U9MUqzc6Q5XIYdrJ2D3Nem-NQMYq7xLpqw_c_1XBC_qKomtCvQUO0hI&ccb=10-5&oh=00_AQJXm7WwsxDPcZOFbwPgYCYQM22XP-FWHWTy6jxSQjyuxg&oe=6AC96222&_nc_sid=201bca,perspective,none,none,False,0.672,509
1548567025771411,-77.046900929888,-12.096989831872,1727973825593,2024-10-03T16:43:45.593000Z,SAN ISIDRO,san_isidro_03,175.40968003005,my7bBeJuOUM9lH1kpzdG6n,https://scontent.flim26-1.fna.fbcdn.net/m1/v/t6/An8hZ_9jDXvsC5SZGfK3ni_67OfVWABCFO8EVY7MGK_qSxhZ414ZI8YxWpwvb0VvcD__O5zfbTPxuR6r3xSYzeTJM6JaChmWwCubOyvU6bEdyW5u9NCtrXKnDICFFhr7Hkp_3QnRlqh8CeSY9GDSjw?stp=s1024x576&edm=AOnQwmMEAAAA&_nc_gid=YaOFCo4iktoZyu-MH5zWPw&_nc_oc=Adqlqt-V3KEOnmeo0rChYXSeRN-_vlnOnahvZkbdUYxAy7CBQGj9_VYcfMusXYM-Ofc&ccb=10-5&oh=00_AQJXsS3UoDgW1kux4os_u-7-e-9DASBM5xucxq_kKjgGbQ&oe=6AC94B84&_nc_sid=201bca,perspective,none,none,False,0.65,493
1414769942190547,-77.046678138775,-12.097278683767,1468430279000,2016-07-13T17:17:59Z,SAN ISIDRO,san_isidro_03,79.459521720011,V4nqFL9vkoTYoXmAsj0kqg,https://scontent.flim26-1.fna.fbcdn.net/m1/v/t6/An8josauuzwFCr0SdS6zqIWFA0j6UgoBC1VyX2yLtAiQf4evan9XWcxwDieTjhvp6EqJJwJgdwYgsFsUn1WFE0lwh92qxneCRIVHbMrYp4tQiXb22glwEZwPggmGLIzyt4Cy4lEXHoX9bmDRBv87Xg?stp=s1024x576&edm=AOnQwmMEAAAA&_nc_gid=YaOFCo4iktoZyu-MH5zWPw&_nc_oc=AdoaQw6tmLfqF7gbaMhlWKQnauczjzLwEBjTq1G3skrKw_U5D5ZePxYojp2Lkh3W7LU&ccb=10-5&oh=00_AQLny1DVwiDkFk9WYPLw8umule7jKpgvopThwdDXcxmy0Q&oe=6AC9603C&_nc_sid=201bca,perspective,GARMIN,VIRB-ELITE,False,0.483,2
1672606050136596,-77.046640691596,-12.097223063833,1727975119396,2024-10-03T17:05:19.396000Z,SAN ISIDRO,san_isidro_03,74.877527465858,Nz9cHDqYI0e5ShVU8MZByW,https://scontent.flim26-1.fna.fbcdn.net/m1/v/t6/An8ekpUuyLfVBvW4w_-TdlOdN126tBzYM8FQs3qunFsHyvZ56sIzXSG9VU5G6cV2eIB-4hKY2_pYHadSCcrB9Xti2BNsyqLgaKTseynUQSojoDm8UL6t5TiYLzMHyXfwUp1erVhqvpFSr99M_R_j0bc?stp=s1024x576&edm=AOnQwmMEAAAA&_nc_gid=YaOFCo4iktoZyu-MH5zWPw&_nc_oc=AdqLzBnTfF6r3BifjyIei0gDGITSjag_ynZwRIJ870sNskPP1YZ_VedB8UIMqsO66Qw&ccb=10-5&oh=00_AQKj5ig8-Do3THbSpxTX6j5vwC3fRPoKv4IlV2fMV2_3Hg&oe=6AC94160&_nc_sid=201bca,perspective,none,none,False,0.281,54
1409977562701677,-77.046444738573,-12.097239865877,1468430283000,2016-07-13T17:18:03Z,SAN ISIDRO,san_isidro_03,353.32029148771,jWCHuwKVYVT5Oh7YPSXYIQ,https://scontent.flim26-1.fna.fbcdn.net/m1/v/t6/An-MMaMNWQoZTfz8xHIrLZK9LLzNQrcc8iZloGfu1xmq1lUs3prKClgRIYENuvVyoMtDg-SV8SSI68xJQvG0ir8kbws9F9dZzW95Fgv6WT3NXSWFruS3bU3zumFf9KtYognirhXMbUqJZTZOxq24qg?stp=s1024x576&edm=AOnQwmMEAAAA&_nc_gid=YaOFCo4iktoZyu-MH5zWPw&_nc_oc=Adrfu47ZcRxUat99oyxBFo2usXGsiMiH3OFawgShxRkiIPSETW8s7RtaNvtxobTcPXU&ccb=10-5&oh=00_AQK_YJGS-tnsb_MDuumS1RCXuH7U1147ZO-2CmsDnOP3Lw&oe=6AC95116&_nc_sid=201bca,perspective,GARMIN,VIRB-ELITE,False,0.654,1
1594521641172885,-77.046917006674,-12.097418752121,1727973829795,2024-10-03T16:43:49.795000Z,SAN ISIDRO,san_isidro_03,227.50691188538,xg1MucsORv4Uk0PH2jntGf,https://scontent.flim26-1.fna.fbcdn.net/m1/v/t6/An-CxQNqziXENOtgwt98jjZBnTn8SwIS2nCvvojgdkUIeCEIIryDjijV1Gz21sSSGdUwSIzzL-F3cpOmJ_iA9D1bVLGS7uCl2ZqcHOlqRuZxcYzDQIWnzydsqREtHfMDNOTPM4lteBqsYvsL4AjbAg?stp=s1024x576&edm=AOnQwmMEAAAA&_nc_gid=YaOFCo4iktoZyu-MH5zWPw&_nc_oc=AdqjyI-fc_Z3IqMc6FwdUeH2ZTiTuXutJIboZH4ppBGArgKlL0HfHhTN3gKi8qPtsRA&ccb=10-5&oh=00_AQKH8pqDr10bySBRRU7zGQgd5yNBF8PrdzoVmMv4md_pFw&oe=6AC94B87&_nc_sid=201bca,perspective,none,none,False,0.698,532
1155344962976931,-77.042763021216,-12.096394122508,1728145395790,2024-10-05T16:23:15.790000Z,SAN ISIDRO,san_isidro_03,171.85670114237,OHsQX0qNt4A8KUDSmRVgkw,https://scontent.flim26-1.fna.fbcdn.net/m1/v/t6/An-C7jpaeIqSW-wGv7Uf8Nvbjuw0s-JguyRTAz280rjxc-iFjJRNuF81gm-HXk6EvmTa5Lx5HEqg9WEk1JOoJfKzL-swu4GT9ms49MXPiwyRDAT02q1PeoX9H9UBDImw4-0U4k6ZaUH0QsCiJunmWY0?stp=s1024x576&edm=AOnQwmMEAAAA&_nc_gid=CB38QU0N2IiGS_ESIB2mHA&_nc_oc=AdoC6kd2O5w2XSOM1kcjUcLnHEyTG7Z8KTbOTPS2rUjZZT2BCW-hsvAUsD1rIlipf4I&ccb=10-5&oh=00_AQJlz65nnBEt6ObqX4P0D6g9n_XnO2tfaiC7LtmLkwoLEQ&oe=6AC93D0F&_nc_sid=201bca,perspective,none,none,False,0.661,155
1094322219062023,-77.043591987555,-12.096312366112,1728145395792,2024-10-05T16:23:15.792000Z,SAN ISIDRO,san_isidro_03,173.06640161834,vFEau2tVeDPJILq1b7C83h,https://scontent.flim26-1.fna.fbcdn.net/m1/v/t6/An8yAL5B6xAUz_o7lRBuIQuOxJqfkOxkiVGrvi5Kr4aqlrPgmS7hnsszk3KH45R5-UG3iejt_S6tKqF0GEewRLmnUOZ8OuIckZem76T28A0mYtzX-jFfEWTB7i2O7vWcGAMPEAb7s55-vmHrVpkkfg?stp=s1024x576&edm=AOnQwmMEAAAA&_nc_gid=CB38QU0N2IiGS_ESIB2mHA&_nc_oc=Adp8TyF55e0uUjDwcBId1kYXq4HvR9U4S030t9TuUgdRemz7SS5XKVsadgItLp4Xm38&ccb=10-5&oh=00_AQJV2RyueSYvAqg9_FGLEKG-P7juNAKWinrrhyCoIrXd5g&oe=6AC9481F&_nc_sid=201bca,perspective,none,none,False,0.627,154
1155859031543616,-77.043529393887,-12.096445137661,1468429857000,2016-07-13T17:10:57Z,SAN ISIDRO,san_isidro_03,349.31733163867,A-QuEAgHZpQgsQdXcueS4A,https://scontent.flim26-1.fna.fbcdn.net/m1/v/t6/An-ddbfGrxU79R5WEpvAgeQrnmKuvMV1KJOm1A3VF3eTjisoOR5dny49wRMxCEERWwRN-Cu8KQlsiyqYtOhjqqonrMBI9qEFllwiWcoFJYlR4isyL6VWhZtnZJlqaerAmmQTS_wm2wq62JJx2qB7sw?stp=s1024x576&edm=AOnQwmMEAAAA&_nc_gid=CB38QU0N2IiGS_ESIB2mHA&_nc_oc=AdpB2ZTP4JTlERmZXOEgXxxdC03vBuzFNUnwVvRwYjW8o7P7QwyIEu6fHrzdYAYM7_k&ccb=10-5&oh=00_AQJc--ngcz63nYJjevajmV8_5YbiuisFY3onS4mvdrjQAw&oe=6AC94CB9&_nc_sid=201bca,perspective,GARMIN,VIRB-ELITE,False,0.572,4
2526657664196739,-77.043587239795,-12.096287326667,1728145395192,2024-10-05T16:23:15.192000Z,SAN ISIDRO,san_isidro_03,173.06640161834,vFEau2tVeDPJILq1b7C83h,https://scontent.flim26-1.fna.fbcdn.net/m1/v/t6/An9UOM81qmPCAhTiBy1t5x_HcORPLxHQYaJ01mu4q3mDPuXBBwMVCpfzXDT-Vwg0zxO2d6Ft10qKzNNQ-jhma1iyWrDXNjirBm8SrpNGdpZaXVMwtn-O_L361dwgYpQbqreURaEQhqopIEiPNQONMw?stp=s1024x576&edm=AOnQwmMEAAAA&_nc_gid=CB38QU0N2IiGS_ESIB2mHA&_nc_oc=AdqI2nEFxWQKWd0Gg8NFAvVu-fDAk8rz9cxOvSVCB9JzxnQZzRrEuTnnMaM_73IJBaM&ccb=10-5&oh=00_AQJcb9_-9MuvNwlLtXbRHzmpVPyad4boQz-jIchGbeI37w&oe=6AC93671&_nc_sid=201bca,perspective,none,none,False,0.413,122
1072834260999320,-77.043574272326,-12.096167583631,1728145395194,2024-10-05T16:23:15.194000Z,SAN ISIDRO,san_isidro_03,171.72627087582,G2vKx5Ii9VOHT0jqr8ZsMh,https://scontent.flim26-1.fna.fbcdn.net/m1/v/t6/An9PmKnLBMPhq_sUIN4btmKXRKE4vTXwLqAwZopI6ymt6Rx5_j1Lq3qO4RE6TnOBItbvGZcwbN55qn_7xxmU4MWvFy8rqI3MjYCGuAszBH9vjbWQVJaQwTpjnxrkIO1aIdpnPeNY6QdLKIw5DTatFXA?stp=s1024x576&edm=AOnQwmMEAAAA&_nc_gid=CB38QU0N2IiGS_ESIB2mHA&_nc_oc=AdpWfrK5WJiG_ZEkvXYZIscdat4qc3JaDXMeUTLfoai9vakzACHqqJN5u_x9cB-sc9o&ccb=10-5&oh=00_AQKv6PZJ3_NDZ3eHoZ8281mGuAnqThc4tgp-YBcvmE-I-Q&oe=6AC94240&_nc_sid=201bca,perspective,none,none,False,0.682,264
1465290647462960,-77.043596543608,-12.096076156105,1728145392192,2024-10-05T16:23:12.192000Z,SAN ISIDRO,san_isidro_03,172.1707685915,vFEau2tVeDPJILq1b7C83h,https://scontent.flim26-1.fna.fbcdn.net/m1/v/t6/An8Hk9bIm-4XlDvm_pNww_rmsDTgn8vhzcQwAYWRwdJJqquJZrnShNSxPui8x-cyzQB2Y57-BV7rQeF6Tm1Q2yEEwYAAP0Aq3cbk0bE2b-oQvYOp8YBtTkwL4yTcvANKbrIIRpdlchs7ARNuc5LaLhk?stp=s1024x576&edm=AOnQwmMEAAAA&_nc_gid=CB38QU0N2IiGS_ESIB2mHA&_nc_oc=AdoXJ_bCfGQJY5mVKFW67C7nsQHbXCXPICcOm4urffZoUYNmjKe_VaGPn9tMuNkfwfM&ccb=10-5&oh=00_AQJe1sstGeCVrv15-kCpE-oJKVq9FY7yJQ_tPxz1wC4iug&oe=6AC94FA6&_nc_sid=201bca,perspective,none,none,False,0.679,154
1226195525313728,-77.043558404058,-12.095943387786,1728145389000,2024-10-05T16:23:09Z,SAN ISIDRO,san_isidro_03,170.85446406649,86R7CNfYJlWLIevT3OQy9h,https://scontent.flim26-1.fna.fbcdn.net/m1/v/t6/An9hCuvgR-v2s9jIUqTeR1mMzMkglYhnMXVbarSnKwc-PRu-TwZW4LOET2chHSRyT7emnrhkoR06jwJNj8rNaA1Ht8T-VAFiCsPrVNrp6BPWasMT2omX4uWhby3f4RexQvTYGMru0Zvp6QykhZ6bjHA?stp=s1024x576&edm=AOnQwmMEAAAA&_nc_gid=CB38QU0N2IiGS_ESIB2mHA&_nc_oc=Adp18GVeJo2TAhAMvOS_5API8Yqz2cn_1m8A4LWiByQDnWrIv0f2FJC0lWhO_kJkOM8&ccb=10-5&oh=00_AQJIxZBXPRzSo0R348QCxvRxVHdndKbyQFQF9uSnhRkN7Q&oe=6AC959CF&_nc_sid=201bca,perspective,none,none,False,0.69,151
1070279147837464,-77.04356918454,-12.096205908836,1728145395795,2024-10-05T16:23:15.795000Z,SAN ISIDRO,san_isidro_03,171.72627087582,G2vKx5Ii9VOHT0jqr8ZsMh,https://scontent.flim26-1.fna.fbcdn.net/m1/v/t6/An-d58YGbQ3PHUx9eHMGQeqvt8pOjd05lnW2-ZqT9DguK8Y4Bctm8qVF5jMH0KfV7xlwCinvi0rxLHgh4tdTAdGF9JW_GxguHztfS7YaM_72RIVAx7sJ9JHbbbjBHeWRi3iPjHl2fnTQxmTFZCjH-7Q?stp=s1024x576&edm=AOnQwmMEAAAA&_nc_gid=CB38QU0N2IiGS_ESIB2mHA&_nc_oc=AdrR7w_SnoyIJ1n92d4xE7pqMVzdO4LWDO75_CBJZ6x-D2xH21e8-zagIuU0smOm9zU&ccb=10-5&oh=00_AQLLNZqeoheHvAx-deuO890vgLFFwEd7hfjrl7ugZeZUYA&oe=6AC93DA8&_nc_sid=201bca,perspective,none,none,False,0.672,233
1203000120158070,-77.043688445907,-12.09609551025,1468429861000,2016-07-13T17:11:01Z,SAN ISIDRO,san_isidro_03,266.87188361318,bzsUhkcl3mwwRzlKlKDMIw,https://scontent.flim26-1.fna.fbcdn.net/m1/v/t6/An-uAGWNG3GQ3MPLQP_Wi7hurvXIRkji8DIuGQBoEt8Vgo03GMZDuMcFR50oHT_ll4KX-Y0EAad9VdYetUxf_0D1yGo6cYrhj6wNSWLpaX_75FViURFhvIKyNWbEU4SjAvOUAema-s4BW97Gok3F4A?stp=s1024x576&edm=AOnQwmMEAAAA&_nc_gid=CB38QU0N2IiGS_ESIB2mHA&_nc_oc=AdqS05nfxZkCmvds3SALgOjnyVSf99tx1b16mOsJ0fNy_tymJi_RnFAK7WdHTQ36h_E&ccb=10-5&oh=00_AQJgb6MyYfOqfD7y2WZgNp7ZXN7D1VJanP1iw37f0VW7JQ&oe=6AC958D4&_nc_sid=201bca,perspective,GARMIN,VIRB-ELITE,False,0.648,2
1195582751507309,-77.043588535811,-12.096209385056,1728145393992,2024-10-05T16:23:13.992000Z,SAN ISIDRO,san_isidro_03,172.71337017665,vFEau2tVeDPJILq1b7C83h,https://scontent.flim26-1.fna.fbcdn.net/m1/v/t6/An-amoTj1m04jZIZj-cWm_1o2TrRPDeasZYyHAxX9nsSJx4Q3ShUHvup6aiQzm2BHHQ823ZbTahWXsuq3v4YU9vf_TnoX7t0N8RLho1sSMCcLTAA5U1fgOuqCuEM70cp_5cOCZQ9YuXIXj-Lk8UjGg?stp=s1024x576&edm=AOnQwmMEAAAA&_nc_gid=CB38QU0N2IiGS_ESIB2mHA&_nc_oc=Adp-nF8mjUvAVRr1xrZbgYNLktKBkZss5t29JsXbhdgCZXRJKRVDwR4_3irfmLQwTOg&ccb=10-5&oh=00_AQJBsNiG2bMfRv7EcmuBv_MwkBjp07X5CGnYSh2HDB-qYw&oe=6AC95F10&_nc_sid=201bca,perspective,none,none,False,0.588,193
188272773153837,-77.043573189023,-12.096004092,1468429864000,2016-07-13T17:11:04Z,SAN ISIDRO,san_isidro_03,356.62450965907,A-QuEAgHZpQgsQdXcueS4A,https://scontent.flim26-1.fna.fbcdn.net/m1/v/t6/An__diCFfw7wWzqQjb4eV9OHPVBOwG9JMtp6qsmejDLQnsKJmUkDbx7t8R7fv1S5gbeL4V_4XtcDTpj4_8h42G_T_E6j9nP6KsDIC1MmmPuvLVM146WEHDhRbyuhZVSS3Z562jxUqUjF5b5JJyQ2oQ?stp=s1024x576&edm=AOnQwmMEAAAA&_nc_gid=CB38QU0N2IiGS_ESIB2mHA&_nc_oc=AdpDiG8_F0OJL8btAbg0vZyDrCDGun6RMM5qnNmiU-shEUKsNUEfj19Iys6VQmUxudQ&ccb=10-5&oh=00_AQKzjj41Y_O6OW2MTOWnIc10Ue2HqR5jzxDFFD9UMXdqfg&oe=6AC957B1&_nc_sid=201bca,perspective,GARMIN,VIRB-ELITE,False,0.583,5
1564071970901556,-77.043602573154,-12.095936086279,1728145391594,2024-10-05T16:23:11.594000Z,SAN ISIDRO,san_isidro_03,167.78075375344,G2vKx5Ii9VOHT0jqr8ZsMh,https://scontent.flim26-1.fna.fbcdn.net/m1/v/t6/An9rn1KL0CMq4JOsXDaIs7QTdwbYMaKDnZqrgIfdf6bycebVTsTgk0-Ho56_EvBRdA_CNplWe9_cVG6w6ityobf113QuUuCg0QASyE63hXhK4CUqDVGr2qnjbgvVx8bC3FczJsRKLXpXxE7jNF4pILY?stp=s1024x576&edm=AOnQwmMEAAAA&_nc_gid=CB38QU0N2IiGS_ESIB2mHA&_nc_oc=AdoMU1mv0G0R5zwzO8lhkBVdE6OyZ_9R7obq3BHDWiJ0v1ponlqz_ftHacLTyKhYDQk&ccb=10-5&oh=00_AQLe-HN_Hjwjg1c-_IQFpZOvIFVkioY0_lRwojOESRxqPA&oe=6AC92D19&_nc_sid=201bca,perspective,none,none,False,0.655,226
159523219442906,-77.043511317592,-12.096341294203,1468429859000,2016-07-13T17:10:59Z,SAN ISIDRO,san_isidro_03,76.370715607229,qJ0UG3fQYsWWvx3u8UQTiQ,https://scontent.flim26-1.fna.fbcdn.net/m1/v/t6/An_cFkh4_1BlvxKK0DgsqhPYvQ8TwXmAGlvgawJ5FO-cd2QYtbat6EfS3ZbKdPaIS1EHgB2lKkZPhmaFIngw06bQMzMCvL_-lTQ2akt7WX5VMADKnRfMDvdwrCEi2pxpvGMjc6cFrf8eonWRXxNOcw?stp=s1024x576&edm=AOnQwmMEAAAA&_nc_gid=CB38QU0N2IiGS_ESIB2mHA&_nc_oc=AdrUkpiT59fiyrCvZgmY7chocma6ukLXyJUd46-ahRtbg3LbALpha-akaCia6bJgevY&ccb=10-5&oh=00_AQKShd5cR70dVQojz3zU9JgY4kTQGImllaamkkUoYMfj1g&oe=6AC95100&_nc_sid=201bca,perspective,GARMIN,VIRB-ELITE,False,0.603,1
220225722871627,-77.043553071044,-12.096126049637,1468429862000,2016-07-13T17:11:02Z,SAN ISIDRO,san_isidro_03,90.870742668426,qJ0UG3fQYsWWvx3u8UQTiQ,https://scontent.flim26-1.fna.fbcdn.net/m1/v/t6/An98dnsjezloaHU-ULAM56UuBwgP1ngdhOQRXq-tiJTpSFFDJ2nuZLTgjN2IzuZy81BVlORfKGyfauZj4N7KKzKCMVaa_GrW6BwJJYxtyQHaAWKtr400_N6-bU3_9Z6_cG4LeWluHDvPHj-pXjlOqA?stp=s1024x576&edm=AOnQwmMEAAAA&_nc_gid=CB38QU0N2IiGS_ESIB2mHA&_nc_oc=AdpOCdjWtaFq6unX-6H0e_bHbMAID7qgMO4-rivP35m7W4jEhpdtLPV-FuvoOf1j5dU&ccb=10-5&oh=00_AQJ0rVGGR8cg8_ahGfSBGUTivB5-MO91z1Q2Qtaes6YJxg&oe=6AC92DE6&_nc_sid=201bca,perspective,GARMIN,VIRB-ELITE,False,0.505,0
1490538598300703,-77.042296007331,-12.095893947327,1728145393389,2024-10-05T16:23:13.389000Z,SAN ISIDRO,san_isidro_03,170.36060837096,OHsQX0qNt4A8KUDSmRVgkw,https://scontent.flim26-1.fna.fbcdn.net/m1/v/t6/An_PdYHO1fLX7vLbPMe3zs_IStJXTBWqxuXWocM6pg1qvvhrmZ3GhYT7e3w66ilRfz_wY19jyzRMyUbSrKKNPiLY0b23HPhWwi7-tZT8aZh2VQw8hBeJ8v6ou8buABe7WuYYmE5C8hzibsulFuDnog?stp=s1024x576&edm=AOnQwmMEAAAA&_nc_gid=CB38QU0N2IiGS_ESIB2mHA&_nc_oc=Adqvun132YHTHjIMc89p0owoWNrVYNWuw6yjQYk7n-hlccet91uF5VYUdb4kWeRKf2Q&ccb=10-5&oh=00_AQIbBekA06ldqC7gmmO_0MJzT_nx4iyKMMIizL86CY7tow&oe=6AC93808&_nc_sid=201bca,perspective,none,none,False,0.639,136
2313342082142687,-77.043557274073,-12.096187005138,1468429861000,2016-07-13T17:11:01Z,SAN ISIDRO,san_isidro_03,350.02371023188,A-QuEAgHZpQgsQdXcueS4A,https://scontent.flim26-1.fna.fbcdn.net/m1/v/t6/An8QEZPuagrV3GIYqPyQZOn2kthNRYPdwD6VltGBYUt47EtAB45Sslye-r4pA5GFEFWWX05U6PHiqpCi0m6maSFD0qnsYpEHFYpfemgq3lYjqgXm36d8qXJNYZbLhf4Ryn2VgrCFDcC7YtVCj-rvzw?stp=s1024x576&edm=AOnQwmMEAAAA&_nc_gid=CB38QU0N2IiGS_ESIB2mHA&_nc_oc=AdqBOfaOCpLFK7G0Y2KmIghc_GeVGbRbtiSIA_njwP8FWn3fZUGlT97Nb0dksD1e8nU&ccb=10-5&oh=00_AQK4Q90MOHVohyccQpsghg1_AbyGhYL8K8fEHl52RI30QA&oe=6AC95E7F&_nc_sid=201bca,perspective,GARMIN,VIRB-ELITE,False,0.542,2
2258262797886872,-77.043523910599,-12.096594686943,1728145402396,2024-10-05T16:23:22.396000Z,SAN ISIDRO,san_isidro_03,168.34480081709,G2vKx5Ii9VOHT0jqr8ZsMh,https://scontent.flim26-1.fna.fbcdn.net/m1/v/t6/An_zTWzXi5jqbJO3Ez6pDYL1otUYdYvKvtiJx3wDCBqE194O4vA_5DDZc0fttPLXL6IZ-PtVBHTeJUdgEtxOcwN5dv9t2whnJDp25hqG81h5pch9fI1zrSLKwhpk0-2lfw19V_Bmcju-apCzAqn_1nc?stp=s1024x576&edm=AOnQwmMEAAAA&_nc_gid=CB38QU0N2IiGS_ESIB2mHA&_nc_oc=AdpJWaQAhMmLAED7pQhN_yWR_5Cwn1YjjN3sVoNlj60Z5_o4Z105IFblfBzGH5D7PeA&ccb=10-5&oh=00_AQIVv79LyoOJJSDSaa34pBzHsNqg2CSs1XrVNG0jJ70K7Q&oe=6AC9503F&_nc_sid=201bca,perspective,none,none,False,0.513,371
1211150703303544,-77.043492683174,-12.096071647814,1728145390800,2024-10-05T16:23:10.800000Z,SAN ISIDRO,san_isidro_03,170.88237412797,86R7CNfYJlWLIevT3OQy9h,https://scontent.flim26-1.fna.fbcdn.net/m1/v/t6/An9UvQr4XxcZ5ComTYp51HJ-0CIpidHnjTvm-SZcC1fG1T_fsCSHg25skPyqZASih89CI19Fhvi3sboFnn2W2x3hJQ8RJN99PfMYhnWeQIev-byYjosv4MtY5BRCwdgNmlmH5LlDKwSRC-REDXEnbOM?stp=s1024x576&edm=AOnQwmMEAAAA&_nc_gid=CB38QU0N2IiGS_ESIB2mHA&_nc_oc=AdoAfQNC5RjdNbmh-jq1CsRvJWXG0WRAizeJBX2u7RlmW5O9DCPya3zyOKgYbOUZPOI&ccb=10-5&oh=00_AQJYwOpQyCXE81-Cfb4sgtLRcjKDTRuRTN5ZNTcCsTrlvg&oe=6AC959AD&_nc_sid=201bca,perspective,none,none,False,0.628,122
1028691365608563,-77.043526726907,-12.096566615861,1728145401796,2024-10-05T16:23:21.796000Z,SAN ISIDRO,san_isidro_03,166.90390456626,G2vKx5Ii9VOHT0jqr8ZsMh,https://scontent.flim26-1.fna.fbcdn.net/m1/v/t6/An8b39bhYHrgl9riL4k2iXowojinDSMWD9FUGEqsgfFxReMJTiSdHePQRR54LAjPia9-VBJxl6FJKeiE6Nj4VXzoQmTMdGH0zEevANvSkxa21gH_kg5vmDKFbYo4ZmUriTFP70sbdrWPGekh8bOVqXgT?stp=s1024x576&edm=AOnQwmMEAAAA&_nc_gid=CB38QU0N2IiGS_ESIB2mHA&_nc_oc=AdpHpFuvVcYC3_JW8f74zovhj1ccv0vU5Z_kKAewNFg3tHc5aG0dPlumUkQbJy5_EuI&ccb=10-5&oh=00_AQKPqhT43BJtFg3QZTlMgQSuAeBlF1vBOPBjAtL1ei4qww&oe=6AC95517&_nc_sid=201bca,perspective,none,none,False,0.499,301
1548494429371921,-77.043582096823,-12.096104547273,1728145391000,2024-10-05T16:23:11Z,SAN ISIDRO,san_isidro_03,170.942,HpaItxyX2G0LKVkuYvCNjd,https://scontent.flim26-1.fna.fbcdn.net/m1/v/t6/An-s829ZNMtdwOub7AeMPuS5tb2aqRqEQYgCcGrscd3NIa2qp8qzW1znAdk5IM4y80Kk3UALURmt7kCHNhyTH2pZG_EqmJgRwHVoQwSJzkm0PkuhUPXE8Uf4LvmJ3Uc4hPnOXC8eHcw3_VOAGb36gV4?stp=s1024x512&edm=AOnQwmMEAAAA&_nc_gid=CB38QU0N2IiGS_ESIB2mHA&_nc_oc=AdpNrYHxFLh-8EPBqXdlxsRSGI6uxWhFq6HMR90TzH3_BYVhRdQR0JUmZulxRIRa0SQ&ccb=10-5&oh=00_AQKP4FbNx0h1QH7Bdm-IEcfXrQpcnYysUn6BA0pSrNjj6A&oe=6AC93C2D&_nc_sid=201bca,spherical,GoPro,GoPro Max,True,0.865,392
1430185423981962,-77.043703443107,-12.096129638432,1468429860000,2016-07-13T17:11:00Z,SAN ISIDRO,san_isidro_03,272.43103527198,bzsUhkcl3mwwRzlKlKDMIw,https://scontent.flim26-1.fna.fbcdn.net/m1/v/t6/An-LBDBHB_v-Q34a6B1vZXUNs0W3VZqGdOWI7WW2YN7JqaLSDrmFbSUcfg7gH_hPIpCNDtZVqsSQVBQHeUM2eVKj39S33WFHO5hYaeij-U559boBXurDMHvrzd1JRo8RpHgbb3Wssqu5lNxY3ZRHhiY?stp=s1024x576&edm=AOnQwmMEAAAA&_nc_gid=CB38QU0N2IiGS_ESIB2mHA&_nc_oc=Adqe6uRI_XAH0Sg6qeuXCWonsXonLG2s4VN2vDrnvBpS5GgF94Qre-0h0PFaEeAJ2As&ccb=10-5&oh=00_AQKpwZmjfzx8wyQ1uov17FlRanoVfvFBsb3JCdWrREmBEg&oe=6AC9521A&_nc_sid=201bca,perspective,GARMIN,VIRB-ELITE,False,0.632,3
1524591518201868,-77.04308227168,-12.096805611795,1728145397590,2024-10-05T16:23:17.590000Z,SAN ISIDRO,san_isidro_03,172.57208332507,OHsQX0qNt4A8KUDSmRVgkw,https://scontent.flim26-1.fna.fbcdn.net/m1/v/t6/An8WdIRlRo2fz9rDbPw143Zuz2GR2lRlovelP_AVhp6tPzlwYcck5w_GV2mQotty_PZf0kEo250N5dCSzFAPHDJXYiK-iGm6tIx7CdPOzh4wA7w-mMeJBvEgswoSs61cj5jioAz-NkDxO6eS1L51Bg?stp=s1024x576&edm=AOnQwmMEAAAA&_nc_gid=CB38QU0N2IiGS_ESIB2mHA&_nc_oc=AdoEXZ2lMbBKNj9DOORmvL-PRBBlKWGjRmquIaku9u0AtcIHfbA6AOv3vYMsggMylzE&ccb=10-5&oh=00_AQJNSxBRvVkINs_A9cMIcse3e3vMpWwUiUzbiZtdsCbjlQ&oe=6AC93CC6&_nc_sid=201bca,perspective,none,none,False,0.669,183
1061748292055351,-77.043590817912,-12.096164543797,1728145393392,2024-10-05T16:23:13.392000Z,SAN ISIDRO,san_isidro_03,172.71337017665,vFEau2tVeDPJILq1b7C83h,https://scontent.flim26-1.fna.fbcdn.net/m1/v/t6/An9ctam_03ILs2RWFlj1CWRKaEXK1kbgK7-oTemNk5ibBeeFwcOD0pxeqbeg6jTMskwI47BnVaekAEM9lsaiOL0jSg-0X6Cuc71LE_vF_qrZFqsWEoF_Qnof3SKo0ippQEux-OaGy40hL-33SimQjQ?stp=s1024x576&edm=AOnQwmMEAAAA&_nc_gid=CB38QU0N2IiGS_ESIB2mHA&_nc_oc=AdrGIeq0YoSaOQdefl-ZcjQBGNY1tIgh1BeGPUsD_c3Sgl-9y_lrvxbhpoRyCL2kCgU&ccb=10-5&oh=00_AQKQLm1_-k_PGLg53e5EcpvPTAf_gzFFLsr34msCuI-Kpg&oe=6AC95360&_nc_sid=201bca,perspective,none,none,False,0.625,194
1462975745105196,-77.043843518617,-12.096846404833,1728145398193,2024-10-05T16:23:18.193000Z,SAN ISIDRO,san_isidro_03,173.16840817858,vFEau2tVeDPJILq1b7C83h,https://scontent.flim26-1.fna.fbcdn.net/m1/v/t6/An9oUABeYcgmQLHGjK1qN_w3KSnfHF4vXOEKzcJJ497FBGdn9xHjpK_lC-gOv5Mij-tmG49mnuQ6bYCM-uyItot2ogQFf11yzR6DDpS8IygfyBO_X5__tz6Z4qnOtvF28n6LJpnJ1je0QbTLDuHldbM?stp=s1024x576&edm=AOnQwmMEAAAA&_nc_gid=CB38QU0N2IiGS_ESIB2mHA&_nc_oc=Adpyo_fsq5FFuAUkRocro4V_GrNW5xfRAMWJ24rnzoOVaKrQYoaluwaLUMRH_nsyFvk&ccb=10-5&oh=00_AQIp2sFEwghGdOX7QpBH_fHWf3wexU20zD4d7ZvopN8RbQ&oe=6AC95766&_nc_sid=201bca,perspective,none,none,False,0.656,108
1189972182107914,-77.043553456655,-12.096329174705,1728145397795,2024-10-05T16:23:17.795000Z,SAN ISIDRO,san_isidro_03,172.80913938747,G2vKx5Ii9VOHT0jqr8ZsMh,https://scontent.flim26-1.fna.fbcdn.net/m1/v/t6/An_IWLbGz7gAJjhm5i0Mrh8azkIphUXDHC7U0TQSuEpq-HPA_nOuejjHymMgRTbGPzfLEvEEiWkq689OUzX8VUJqUb0bgHQuQWco-ugHKhlozObVjFEG2ggti35RoXuGcc6T-9Cigwm5tbzQGN2oCCg?stp=s1024x576&edm=AOnQwmMEAAAA&_nc_gid=CB38QU0N2IiGS_ESIB2mHA&_nc_oc=Adqzk1IOhJmfK9Agj_oz0tnOw81ZwoWzSolc_Q7eBQl1UDKk7999fKk1TXO5xMZWodc&ccb=10-5&oh=00_AQLZaxGDE_So1jFv9lihVixP52j1uQwKoZTQzVrhRKHUrw&oe=6AC94FBB&_nc_sid=201bca,perspective,none,none,False,0.659,274
1508185696508492,-77.043588928028,-12.096047146286,1728145393394,2024-10-05T16:23:13.394000Z,SAN ISIDRO,san_isidro_03,168.93491076466,G2vKx5Ii9VOHT0jqr8ZsMh,https://scontent.flim26-1.fna.fbcdn.net/m1/v/t6/An-mFd0Opkun7daUz4gw1zRsoL9xDe-ZxB0x1UHv9NY3q0EjEWiPj0ETBADycwbeyFK2KKMYKFiTS7t4TtK_YerdbJmhcgX1_5vXgeC-xKq6hGCvmtPNHE0_YJALxTcO3XUTLHjl8vBBhViuo113mg?stp=s1024x576&edm=AOnQwmMEAAAA&_nc_gid=CB38QU0N2IiGS_ESIB2mHA&_nc_oc=Adrm9CBDzOFSiCrXae6rI6_YMMhwM2gCNR2LwK2-GQosyJlbAFmS0HFGaPpSNdGUQkA&ccb=10-5&oh=00_AQJisjpz0YFVQPTxy3gRFfm0KkGKvfX37HIpoIHVXIfNqw&oe=6AC94AC6&_nc_sid=201bca,perspective,none,none,False,0.642,255
1265788164612570,-77.043279534173,-12.097079600399,1728145398790,2024-10-05T16:23:18.790000Z,SAN ISIDRO,san_isidro_03,173.78679286035,OHsQX0qNt4A8KUDSmRVgkw,https://scontent.flim26-1.fna.fbcdn.net/m1/v/t6/An9n1Ko0Pgt1DRbV9ofa_jF826P6iJlTFcspSfL6LV3m0PdFj2V4NQTAdpVc68dbWTQi4KO0vyg2fKnG_tPWIkaqRAhm44-uHfgVdIa75JxVSOTL1RdjPiA6_17V5VbefN264Y7q8UFB-mqKmfmmHsA?stp=s1024x576&edm=AOnQwmMEAAAA&_nc_gid=CB38QU0N2IiGS_ESIB2mHA&_nc_oc=Ado4yqS5NV51eWmi-k_UJuVNKXp1LA5_yKdqeROZ8YqTxC3opk-1SERYEfI-nEZqVes&ccb=10-5&oh=00_AQKU6DMw3YXHBYlYU001BMi58M03UFNkv-cwTf3Mq5126w&oe=6AC958BB&_nc_sid=201bca,perspective,none,none,False,0.666,150
1989259488240981,-77.043530256334,-12.096534425551,1728145401195,2024-10-05T16:23:21.195000Z,SAN ISIDRO,san_isidro_03,166.90390456626,G2vKx5Ii9VOHT0jqr8ZsMh,https://scontent.flim26-1.fna.fbcdn.net/m1/v/t6/An-VwEYwXr0lecVadddFaBD4JVfwEvFPS1i5x3UFfT-PFpdQu-10d6B02HeNkDIIAjkSdSg0e5NnfTZ1J5Ki4TiOLsGGfNlAqsp492rq88ncKXt1wnD0ikTNy91uSr0mP-_u1UfSZ4AQG0Lg9Xg_MA?stp=s1024x576&edm=AOnQwmMEAAAA&_nc_gid=CB38QU0N2IiGS_ESIB2mHA&_nc_oc=AdrP35aCeDzsPCLML3aA0uS5saz3oIaCJkusvGzWn0YymcyeX2-QOifhdpymowTdp54&ccb=10-5&oh=00_AQLcmrtDJvoiHAsZK0eZh9MeWqo0eMXoS7ARH8TH5qXsdQ&oe=6AC93159&_nc_sid=201bca,perspective,none,none,False,0.517,317
1663666011161712,-77.043563986299,-12.096243738387,1728145396395,2024-10-05T16:23:16.395000Z,SAN ISIDRO,san_isidro_03,162.55248993756,G2vKx5Ii9VOHT0jqr8ZsMh,https://scontent.flim26-1.fna.fbcdn.net/m1/v/t6/An_oz_VIW9nBGrsTpztuLMik5MDa3H4BBQ9sJw2RzDmtqIiFILzsReLqskSnbNkA19drzykH42GS-KgcyjemxrX1mEBiH33nUkVzzjiHMXT-1HLCUTjZjeN4XzeSFN2a9UhTA9GYW4SSAx9XCWHswQ?stp=s1024x576&edm=AOnQwmMEAAAA&_nc_gid=CB38QU0N2IiGS_ESIB2mHA&_nc_oc=AdpBSUjh_2o-7nyh0WOqGW7W7GZzvpuFF2nKwHbgS83Sq4TLptY77hOfLww2Z45KfEg&ccb=10-5&oh=00_AQJJTU2kLg4mD578gimQcXo1elembpEv36U8AJIrpm-Fcg&oe=6AC931D8&_nc_sid=201bca,perspective,none,none,False,0.671,250
2400089110343694,-77.043588636342,-12.096444370354,1728145396992,2024-10-05T16:23:16.992000Z,SAN ISIDRO,san_isidro_03,171.90539878128,vFEau2tVeDPJILq1b7C83h,https://scontent.flim26-1.fna.fbcdn.net/m1/v/t6/An-eTerfklQhD0Vm9kndSkf1XTzCY6zNyz0wC7gchgdBVgwEezdGKDz4-SYIGzSYIfwlpO-f-RE2gW7eht29vmCeekjPv_lqW3ffyzNl0Mi93Ic72P5tD84No3dA0oKLwq7OvujZh8TxBAMT3DMwS2U?stp=s1024x576&edm=AOnQwmMEAAAA&_nc_gid=CB38QU0N2IiGS_ESIB2mHA&_nc_oc=Adqq35L0ubk2o0wL-epKH1_FBQhBdhObfZWUuaX46CtKTAoK8P6RJLJpyh3yB8Q1Syo&ccb=10-5&oh=00_AQIGU4arIB_F5XgE7CiPblNN_K5wC50PZLpcNLzhuKckEA&oe=6AC93F7E&_nc_sid=201bca,perspective,none,none,False,0.625,150
1785431841639361,-77.043653267626,-12.0960496351,1468429862000,2016-07-13T17:11:02Z,SAN ISIDRO,san_isidro_03,263.03165762782,bzsUhkcl3mwwRzlKlKDMIw,https://scontent.flim26-1.fna.fbcdn.net/m1/v/t6/An_sjBMe23EADf_nXueF4LZFtRhl6MvRPH7rosxuKcYU-wdq6oLk3rzVzPEqaUCUiP8xPDu6GWNvhWdBudVKzSeYSAGYMB1qRDFDOgko83XST71yW5HQkHADZ7_on8o-sdtqWDLi6CcvsQ9GwUFJCw?stp=s1024x576&edm=AOnQwmMEAAAA&_nc_gid=CB38QU0N2IiGS_ESIB2mHA&_nc_oc=Adqdjsf103C3pNK4e_tDsjf6_U-zwmy9XgBCV_87RCJz-GZbpFmV_VwOyZ5967Zx-8A&ccb=10-5&oh=00_AQIiHTayXKMk-D1mc-j6C4nanMHIilx1WXYNJ0PVEvYQgA&oe=6AC943C2&_nc_sid=201bca,perspective,GARMIN,VIRB-ELITE,False,0.609,3
1065458838606967,-77.04649081997,-12.094246193748,1727974186392,2024-10-03T16:49:46.392000Z,SAN ISIDRO,san_isidro_03,81.113289283827,P6bHBOemRrawM0WCo7gxU3,https://scontent.flim26-1.fna.fbcdn.net/m1/v/t6/An9Sw2maq2MLWh5iak70GAjUNDHet5CZSFmYKtjgdAU8I1zWsAxi2rq9GWuBfy2BIGhQTQZ3IZcPwLG4cmN8lgIkxJxbXuNP2l0XH-uMA3JRPFo3YZbb7MFhtCJLM_ftoCf0Gv0eTi-dh_rbAD3xiw?stp=s1024x576&edm=AOnQwmMEAAAA&_nc_gid=LK8tVUOa_KpP-2dq0rnHAw&_nc_oc=Adr9Z4bGYOGrjvA_wQYQCSOq4pv-dNa3FfgTwmyniFQLB1mO9cM85JEkuO7lTeQhEmI&ccb=10-5&oh=00_AQKn2MYhya3RO2VSxGGKwMXl3biFNI9dxLal7aydanqvdg&oe=6AC95D3B&_nc_sid=201bca,perspective,none,none,False,0.696,317
1054756779665817,-77.046838980496,-12.094036388171,1727970616196,2024-10-03T15:50:16.196000Z,SAN ISIDRO,san_isidro_03,263.15304260017,SGM7o2BIquCc4mTL0DgWab,https://scontent.flim26-1.fna.fbcdn.net/m1/v/t6/An_EPGsrj8g4zU9XJruGkmPfAxtFe_JQ8SZ3v76fhZwNGdKtDHeDNxAGJvZBNfbPoMOYga0MlOF9oFcqBSmcoR8hUCQC8tfc5FTcW7q6THKgO6M-PJCKOL0m4eFMKSvOnZBnxg9sKKzNrYtIPQ7Gd_I?stp=s1024x576&edm=AOnQwmMEAAAA&_nc_gid=LK8tVUOa_KpP-2dq0rnHAw&_nc_oc=Adq-iMS9pg0CcHWp7d9AqmlpZZuciCB2AMhLZZQ41YBJ578LNmuqs-oJBqN8AJdCC44&ccb=10-5&oh=00_AQLhO6jwQsbaEV5S4JfFK0XZyRMQtW26Ee6R8MvoF2GFYA&oe=6AC94DA8&_nc_sid=201bca,perspective,none,none,False,0.502,110
1046281493637661,-77.046865499519,-12.094393553159,1727974183393,2024-10-03T16:49:43.393000Z,SAN ISIDRO,san_isidro_03,82.530262555329,Sud4mwZevyfMlPD18Wxo0a,https://scontent.flim26-1.fna.fbcdn.net/m1/v/t6/An_iw_xVGaqTunsjl1RmqQuwvbFf20cXQ95IKdtDKrhr-0lEche6QKwzw_ooJnYADfpfsdMqBQjTn21ZSM0bWVldZEZny7RxlunJrS5IVe9H1z5KtfTwsIlr88v_ipE2QtiTdQpOVDpWrCo5tebSNQ?stp=s1024x576&edm=AOnQwmMEAAAA&_nc_gid=LK8tVUOa_KpP-2dq0rnHAw&_nc_oc=AdqANHghadBDY4rnkucfPcZKxK5V6x0nka901FkGs00eDHGLyvgcSSZ44ejus7N6okU&ccb=10-5&oh=00_AQLlOLoEJs2ZPg1hSJy8HA8ZPZMJLzH1Db-CEGj6uXC3cA&oe=6AC92E39&_nc_sid=201bca,perspective,none,none,False,0.669,105
1078461533921024,-77.046861793425,-12.094454191708,1728145312199,2024-10-05T16:21:52.199000Z,SAN ISIDRO,san_isidro_03,79.806278781291,7OAKbQDiXclm34ZeGJ86ou,https://scontent.flim26-1.fna.fbcdn.net/m1/v/t6/An-YR1KUZnm9ayyEUK89serq8DmfMKXi2_9urb9QSoML8OiWCJFf8LupmZTTQ8NiumiSE3eeKUCCm5iIKyHJrmTw2fUPK0V0cJUimdVG9J2sgDCLPskH4xdBLvqkkysACo5bm_PBz9wSul2GbAMY7Mk?stp=s1024x576&edm=AOnQwmMEAAAA&_nc_gid=LK8tVUOa_KpP-2dq0rnHAw&_nc_oc=Adqoa1cuSKVvr92MfvbxdMvjO2M6E-aJXMZ3ZqZD-FF_S5G1wLc7s2ahpO-6HKrlyPc&ccb=10-5&oh=00_AQJhX299rjk-5NHfUD3M1iFQ6r-uuWCX07Bl6G8XUSF9sQ&oe=6AC95853&_nc_sid=201bca,perspective,none,none,False,0.619,58
1068439094501315,-77.046346624222,-12.09409102096,1728218937996,2024-10-06T12:48:57.996000Z,SAN ISIDRO,san_isidro_03,265.68371763474,BPMUN4tzp5VqRxFboCcIsy,https://scontent.flim26-1.fna.fbcdn.net/m1/v/t6/An-ShuIBNVaE1XsG_trs3JTGK0FSBjfoRhUmBvrQ5HFjzpx_nxqGJR96ucJUzAd1KpB1LIhUHH673ZpK7uuAZG_ayrBwEDP-6SI615eZcK_vwm3Nrr5MTX6Vg_RDqARai5fi1G6N7QcQUIlPZAncwQ?stp=s1024x576&edm=AOnQwmMEAAAA&_nc_gid=LK8tVUOa_KpP-2dq0rnHAw&_nc_oc=AdrZ6xLknMg92z9OXoUlyulTfcRcKdAnH02vhgcOjChEGwiRCpc87De2hQ8uE31Itqg&ccb=10-5&oh=00_AQJYluhjjYEIo2uR24XF-fW6i6i3Jm-ls5tiEpIkhb_JQw&oe=6AC93617&_nc_sid=201bca,perspective,none,none,False,0.687,280
1065296248475843,-77.046426489487,-12.094046422924,1728145316797,2024-10-05T16:21:56.797000Z,SAN ISIDRO,san_isidro_03,80.496907244625,OlA1B7NRUwHeVopJuZTn9X,https://scontent.flim26-1.fna.fbcdn.net/m1/v/t6/An-5Q3S2ywvx3VQGW1Q3osR7GOQkjVVTG1zk1iiHjfCeiSUkfH9cwwL3_wMSVA9vo5vFvRLJy0rJE9-ZsIOUTgqOvueemgjqC6i4KVjnDDUXhnRCLX-2KqcguKkm4L8iIZkSgOj_ZrcTBkjGRuC4QEU?stp=s1024x576&edm=AOnQwmMEAAAA&_nc_gid=LK8tVUOa_KpP-2dq0rnHAw&_nc_oc=AdqSqgrgsPt9cAEvpTYYrl-AYxbkW_bq7m86vyimMBAOUiaVpB0HLqGwQTWqYxmLcew&ccb=10-5&oh=00_AQLzaAbbNFpJFOCo_luiL3_EMfWQM_sF0Z2jwLr3pdgLmQ&oe=6AC9395A&_nc_sid=201bca,perspective,none,none,False,0.668,344
1097290601837603,-77.046962841912,-12.093971964102,1728218945998,2024-10-06T12:49:05.998000Z,SAN ISIDRO,san_isidro_03,261.19013863782,kzxorR1LEDuX8UHesQgbnj,https://scontent.flim26-1.fna.fbcdn.net/m1/v/t6/An9UVPwxrMDRFNV3rZT1I5u7MVa4pJfOxUcmQBxtr7L318Zg2KcdzSkwL8NzbyaVL2tCKKRt0nq_GJBNHR5pUXV9DLNpEO559GYr1FN_4gM12pdi8FhwfZ1L9baFF39XL7eP7WDP0-Lx2jqHHX2rSg?stp=s1024x576&edm=AOnQwmMEAAAA&_nc_gid=LK8tVUOa_KpP-2dq0rnHAw&_nc_oc=AdrVmy0evEBntbCY1rt-fwegFvmUFtnaerpc0cO-uQ9BjfAqqrmostDeKC1yzCnGyTs&ccb=10-5&oh=00_AQKsLeDKkUQRE5GfJpByVmroiyiYSj_fWEj_ZBhH2v0JEA&oe=6AC937EC&_nc_sid=201bca,perspective,none,none,False,0.635,166
1085860926669338,-77.046718193391,-12.09413226171,1728218940797,2024-10-06T12:49:00.797000Z,SAN ISIDRO,san_isidro_03,261.19027984881,BPMUN4tzp5VqRxFboCcIsy,https://scontent.flim26-1.fna.fbcdn.net/m1/v/t6/An-aYMNRe8unje8ymzQIe52fCpG2hcggxLqmwq8FeD9ICQL2VA4mn-K4iCVNeg83AAp0EbL1JYrcqd6qxs0hPl-kTGT9_MlKoYixSL9Z6WYmF7qAtUWn2TACYGEAwVtYqPPvVfnoTi43N6a0PssbLXI?stp=s1024x576&edm=AOnQwmMEAAAA&_nc_gid=LK8tVUOa_KpP-2dq0rnHAw&_nc_oc=AdrTrvyeM5v79fzc2dHNfm5smEzkTXTuaywhBLp1M0K9YuGmZRKdOh03taDuCFWB1O4&ccb=10-5&oh=00_AQIgXfwBac7vuwn_YHn4Segfr_hodJ2rSYZgauUp1SMh3w&oe=6AC93C12&_nc_sid=201bca,perspective,none,none,False,0.704,340
1085881376310055,-77.046943381417,-12.094160612518,1728218942797,2024-10-06T12:49:02.797000Z,SAN ISIDRO,san_isidro_03,262.20802928483,BPMUN4tzp5VqRxFboCcIsy,https://scontent.flim26-1.fna.fbcdn.net/m1/v/t6/An_LycEev7HurQjwcibxGoSS-jt34YoBJsG8Yyrgay_l-AoPJo8yP-MIngVlPOg3FlBZg4p_Z2Kob4guHbQnLjdmGtzGhI4k8zOpdqENfam6dB1pZOwTMorZsKAHd8RS-AyDL8lfzVGDglpdr6cGOsg?stp=s1024x576&edm=AOnQwmMEAAAA&_nc_gid=LK8tVUOa_KpP-2dq0rnHAw&_nc_oc=AdorYQCWTSYNgczvd8gM5vQH3N9OdDbOqhqKcH-7SrD-qfY6XAGUHZgJcBHZYe74wYU&ccb=10-5&oh=00_AQIwnFEaj6qzBZZuSlisfRVusTjKmksDTQLrXUasEz0a7Q&oe=6AC94B4A&_nc_sid=201bca,perspective,none,none,False,0.688,414
1108904604190444,-77.046192756146,-12.094217416412,1727970615590,2024-10-03T15:50:15.590000Z,SAN ISIDRO,san_isidro_03,261.74030575065,qMvLAQgiBb2uUhDEspc4TO,https://scontent.flim26-1.fna.fbcdn.net/m1/v/t6/An-3Qe3-sWOxRghKoJOle5He5X35RXPs-TFEZUJobPvslMFpy4CaTI1DSQcWdU5Te3jUJ4gq-sJpeNTSUN3C1qqjX9C0XOsFjczUMmkL9zmSatWxbBeCAktrpP1sHQTMUDNH6auqZV6qUu5fFpR61uY?stp=s1024x576&edm=AOnQwmMEAAAA&_nc_gid=LK8tVUOa_KpP-2dq0rnHAw&_nc_oc=AdpNWGKKv-l8TmgwW5AutoYUdOAklCevr1ujIB2h0yvs9-ci-tu-deBBBtxJ-qw4gkA&ccb=10-5&oh=00_AQLUYFnKARKf_V6A4lkv1sbpXsmhYBbGhI1tLtDznJa3hQ&oe=6AC936C4&_nc_sid=201bca,perspective,none,none,False,0.645,412
1035856411888740,-77.046733600297,-12.09420754588,1727970615796,2024-10-03T15:50:15.796000Z,SAN ISIDRO,san_isidro_03,260.18453417504,kvP3HBEpX0ZTL9WrCmio78,https://scontent.flim26-1.fna.fbcdn.net/m1/v/t6/An-65O8FA9Y43qw6u5NyzKKbdtyLwWybRQLIoes2f9C-Gm-cgWwIHshDqeRwkYv6sVHK8nMckzBdS4DDthZCgc24G6p-JN3QkzPvoXskfHNH3XOQm0nhNmMrGoAj7ZmCVvsDfHowA5FU2PIIDnmBPRg?stp=s1024x576&edm=AOnQwmMEAAAA&_nc_gid=LK8tVUOa_KpP-2dq0rnHAw&_nc_oc=AdrOzvvmICUtYaD4r_OJigbxmtAgeRlqs0yyhYOnW4g_F4ycntxzYX4gCuVpPGeBcPc&ccb=10-5&oh=00_AQJkrvxGAw-UZkDg7Bzhu7uDdYmC9CBrym_l2zsWqbzi1A&oe=6AC93B76&_nc_sid=201bca,perspective,none,none,False,0.711,212
120459614129194,-77.046818654002,-12.094083723963,1670085990200,2022-12-03T16:46:30.200000Z,SAN ISIDRO,san_isidro_03,90,Hw3ZsIngWTofNtALkp0FcB,https://scontent.flim26-1.fna.fbcdn.net/m1/v/t6/An9sfi3i7RI59grbMnHB9nO0aP8DVOlhRUwyRIEFBsu7mzlKS6dr4Fvuol0CdIhoYE1FahwH1l243epj6X-YlPJbYxrB0jyV4Rxb6SejVhKN5rqbDB9h5VHn44clxggshPMLLoEu_hxp737HGIHs2Q?stp=s1024x576&edm=AOnQwmMEAAAA&_nc_gid=LK8tVUOa_KpP-2dq0rnHAw&_nc_oc=AdqDKaLaaDS0Ev1SQ12wh-mpsnt2lW_jjTJqdf-8onLy7c6_W1o_lTjcUjfRMVPqV0A&ccb=10-5&oh=00_AQI6axQItCVt-E_aXmKWlWn_cr4sOERY33TBrZoUFG4O4Q&oe=6AC947DC&_nc_sid=201bca,perspective,none,none,False,0.686,267
1138329183507060,-77.046799955075,-12.094209947431,1670085992600,2022-12-03T16:46:32.600000Z,SAN ISIDRO,san_isidro_03,270,Bj8wa3vhAuFDgsVS6LbXcN,https://scontent.flim26-1.fna.fbcdn.net/m1/v/t6/An8pEQZjdHyGcpr7l7XZZstuQnG1BlxQD3hpStU-kqZ9JP0NEyQho52g89mD7RfoQj73Zgp_pSs7kRXZvLruav4ZYxVOHRNQq7xwz5sXh1Bl3l0DYr2-4a4tekWyuGJkuwb5auzZXQNZA9CKdI_vfA?stp=s1024x576&edm=AOnQwmMEAAAA&_nc_gid=LK8tVUOa_KpP-2dq0rnHAw&_nc_oc=AdrRuOdqG8fLgsN7Tw0rxDhNOKCY5Tq0mUWfOFBEj6O0pAEFdH3neZF6z1oiAeZff90&ccb=10-5&oh=00_AQJ0aL_kCS4EFFw_nlGoRSknvZFL1ghKRYGVjHtLnSvMNA&oe=6AC93F25&_nc_sid=201bca,perspective,none,none,False,0.708,163
117919581069920,-77.046392409536,-12.094162434701,1670080790800,2022-12-03T15:19:50.800000Z,SAN ISIDRO,san_isidro_03,174.1,HenMKfpPUQYs3F7NS6VRLW,https://scontent.flim26-1.fna.fbcdn.net/m1/v/t6/An9YLEHcpcFBUu5w9VxXaAJq3tjMwbFepvOGxPriSnvrnMfiojGQ03x8ti_dRf-92e8tdZomWU9h1ER0ZLLckc6oT_fCn1Gr43BCo9Rsgp8UkV4Cdr2fPdchdHUcJhujJzr9GRDw8ALANbXIkZ0ZLg?stp=s1024x576&edm=AOnQwmMEAAAA&_nc_gid=LK8tVUOa_KpP-2dq0rnHAw&_nc_oc=Ado-aIUG6y6Usn16lXSjhFBD1pQ94tVg83E5lWU_X_xUONbje0pE0yV1QXJ4_GDGqJo&ccb=10-5&oh=00_AQImrZMpoEN3Rfnzv9jnt8hQowtpfSxOFpEPjA4RG_qv3Q&oe=6AC94601&_nc_sid=201bca,perspective,none,none,False,0.699,338
1003830543928663,-77.046898,-12.094125,1670085998600,2022-12-03T16:46:38.600000Z,SAN ISIDRO,san_isidro_03,249.96,ktnfVzqMwHF9SKBbOaGcDr,https://scontent.flim26-1.fna.fbcdn.net/m1/v/t6/An851srEc8hbsiEpsXxol5eD-wKzCoTyodtj_Hq1UPfy7TmY7mY-bvWVESOW0XXV_d8zfbzxu0A3zqKsYgTY6TyiqF482JV8mgsDCZ8ci-6QKLvTYgVzOB3HLwC5AVMiZ5mAGbxGByzADuI7YAMUk3k?stp=s1024x576&edm=AOnQwmMEAAAA&_nc_gid=LK8tVUOa_KpP-2dq0rnHAw&_nc_oc=AdoBSabDdswqFSmxGz-yvChEeKUUF31R_Q2d7he6d6JKZhQ3La70jTMEdlpHPqRLeNQ&ccb=10-5&oh=00_AQLFp8nRabFf7XSMiSpKpBViS2GlLcmm-KaIOXfma6vXCw&oe=6AC93849&_nc_sid=201bca,perspective,none,none,False,0.642,225
1058243326084060,-77.046149842274,-12.094215233931,1727970615190,2024-10-03T15:50:15.190000Z,SAN ISIDRO,san_isidro_03,261.58833382701,qMvLAQgiBb2uUhDEspc4TO,https://scontent.flim26-1.fna.fbcdn.net/m1/v/t6/An97F1vOlwm019uqgEE81Y_r9aE0k_TtimMcB8Xri8ugr-RgOSnHy38evNUAvm4VgMisN9dNg0mFoQO4g_fv1FZPNId5toGVr-cYs3uJu6mW1mBYuQ9-v-Ye__z9bp83o-0ny5Ri4puOB4rdXOJPyoQ?stp=s1024x576&edm=AOnQwmMEAAAA&_nc_gid=LK8tVUOa_KpP-2dq0rnHAw&_nc_oc=AdqIp5I7wqNmd_NNrQEkjEmmWf8NVIp2ZhrxozbgrMAGMw-ib_UDo8pINRb6dk7R16s&ccb=10-5&oh=00_AQJUaaajsoa-2j8chzRmMOqOU4afufWTeM5r8-ofh18bfQ&oe=6AC9358D&_nc_sid=201bca,perspective,none,none,False,0.654,401
1043884034149553,-77.046987791757,-12.094327905704,1727974181191,2024-10-03T16:49:41.191000Z,SAN ISIDRO,san_isidro_03,80.531241180171,P6bHBOemRrawM0WCo7gxU3,https://scontent.flim26-1.fna.fbcdn.net/m1/v/t6/An-Pfg8WiL1pntrjjVBO_R3UCFk-wtoUnkQtwixehEeVve0-CE-W3go9KmDE57XcYKvG8hMm7-VrPrq82T8q5JRjFjZOI_uNYj6kDqHfE6SCgR6wZsgbSYWkwafbQftUN15mHCBJqxbzySz3F7OOVhg?stp=s1024x576&edm=AOnQwmMEAAAA&_nc_gid=LK8tVUOa_KpP-2dq0rnHAw&_nc_oc=Adpf7RoL53LiG6sWo1tAOPKUa3UwKA6-SOCAi-RUi7xSyttxnIJ7UT4DD-6GKSJ9HEw&ccb=10-5&oh=00_AQK1Wft7ZnCSu0-gvytoB9Z5Rxlj2wlyNLCLvGNcNH4H5A&oe=6AC92CAA&_nc_sid=201bca,perspective,none,none,False,0.695,286
1065722235038924,-77.046707807274,-12.094000361119,1727970614595,2024-10-03T15:50:14.595000Z,SAN ISIDRO,san_isidro_03,260.967338306,SGM7o2BIquCc4mTL0DgWab,https://scontent.flim26-1.fna.fbcdn.net/m1/v/t6/An9x3UmrvTogOf-AO48Cdkup7hw49B0g-9MjNtyOs0kQWPfZ2SBtagk9ECvwGb-gMsBlK94ZkGb0ViZUzIsFmiXTLfXCqFmpt4aKBqzK8qCbElHiV5MiX0TCYxInJUGEwbze8AP9FySG91mA-7GhTcM?stp=s1024x576&edm=AOnQwmMEAAAA&_nc_gid=LK8tVUOa_KpP-2dq0rnHAw&_nc_oc=AdqqXxFowvbq_Pfh67nfy7tqoUlTFgUhQiiOg3TFIdzxEBPUfvXhYVg_KQ2uz5anahk&ccb=10-5&oh=00_AQKqexXQOJR2OpgSHkmvecrs4DDq0tIw2AnM5jMtTRafLA&oe=6AC948C5&_nc_sid=201bca,perspective,none,none,False,0.434,132
103992979262379,-77.046929,-12.094133,1670085999800,2022-12-03T16:46:39.800000Z,SAN ISIDRO,san_isidro_03,255.52,ktnfVzqMwHF9SKBbOaGcDr,https://scontent.flim26-1.fna.fbcdn.net/m1/v/t6/An8T-9NSvZLCn0LDgDYh7qeAjfba7oRCTt7bfi43mDOJPZf3Mg0J_u6K0B-Qg6osc2HRuWUFnIVFHn5winsOu4zBXAKFIwf_SIPPafUrO9yxG06S1KVfzLjbzvN4yE62mRhWswupHhrzd_fZDY-_TQ?stp=s1024x576&edm=AOnQwmMEAAAA&_nc_gid=LK8tVUOa_KpP-2dq0rnHAw&_nc_oc=Ado1v3cmtA4SGl3a8ahco-_1B2JaOfT-zBKeCdnOs76pJW8Hu_WGpNxI4H9P-ioZBkk&ccb=10-5&oh=00_AQIenQtCerKWA47JpmWz1WUwEgHwPNpJKetAHoBB4pl21A&oe=6AC9488F&_nc_sid=201bca,perspective,none,none,False,0.638,217
1177429056475052,-77.046814715977,-12.094121125587,1670067951000,2022-12-03T11:45:51Z,SAN ISIDRO,san_isidro_03,0,qz1RyGg54sKFhL3YaVDOp9,https://scontent.flim26-1.fna.fbcdn.net/m1/v/t6/An8GaSXieyz5P1EH1mWpyv3BV2wHArfGwLhPiNdDot_eYo2nDfnHQqs_8EvH3BNJMXMam_0VmAfPNIRwa2pIw34xSG-XwvpqNoTNWHmKlNEz3f-mFfHD2JTYnfC_qvTKCfvAhQ9IU2RYrDe8zFU5FQ?stp=s1024x512&edm=AOnQwmMEAAAA&_nc_gid=LK8tVUOa_KpP-2dq0rnHAw&_nc_oc=Adoy-79So2AU2uwZnhjU-35dwiQ23fIAFkR0UafOdiJhN6JJyvpXp886za00fIi_ExY&ccb=10-5&oh=00_AQJzDHxnZ6a-NvdLwfLwSVQzgozVW24Z5tIdwgriYYWwlA&oe=6AC93997&_nc_sid=201bca,spherical,GoPro,GoPro Max,True,0.907,343
1000734317573196,-77.046974630628,-12.094077817285,1670080802800,2022-12-03T15:20:02.800000Z,SAN ISIDRO,san_isidro_03,351.16,5LrBNwGRxtDpUdSHPTuqm4,https://scontent.flim26-1.fna.fbcdn.net/m1/v/t6/An_vKxLrzZr8PLqSTlL4LUYEL734YjriUlmxFrKuuA3Ipw4qRjy4hMXUyaj01nsdthMxrJFVLZ7jOT3WUWy_djEhwaiPa60ESueEgIP3YQLcI5ojxMLjj5G_jHsphYmR4RBhFShq1Bsrfjw1ORaspQ?stp=s1024x576&edm=AOnQwmMEAAAA&_nc_gid=LK8tVUOa_KpP-2dq0rnHAw&_nc_oc=AdpCuzTwE97mDP8BZNcLDsDijm1hugYOmdjixt81PagFL2_dcC0jq7915uvr0Uce0Tw&ccb=10-5&oh=00_AQL9X1pAMv14Z1njEWYKwWSphKyo4XxhX1fS6OWgFqGgqg&oe=6AC95FBB&_nc_sid=201bca,perspective,none,none,False,0.589,103
1026807554945200,-77.046814721192,-12.094121023953,1670067997000,2022-12-03T11:46:37Z,SAN ISIDRO,san_isidro_03,263.32091129796,FgRNmQOWr3ahGE7kAbHnpd,https://scontent.flim26-1.fna.fbcdn.net/m1/v/t6/An-3bbcYimHp6gOdlTN66p67yqFf1TnR1NstBDxPfR8Bh-49hnxG5qDXoxgetr_r0W0NiqpYS-yOgXYQ5AW8AIsVGkeP6c5HBPMky_b4p6081kcGIEkgBL-_eV8Rpk_hvoLAnfBtT-pKzGVpqY00kg?stp=s1024x512&edm=AOnQwmMEAAAA&_nc_gid=LK8tVUOa_KpP-2dq0rnHAw&_nc_oc=AdpQ8wWjPvL1scbLUZie9FplGWESGpAiwQRqaHDY_SKoW84FoMcjjbueNmPuLvQdaDw&ccb=10-5&oh=00_AQIcAgc5LObeiNYktIOLqqjAa8qAI-j5QxKxvlSfKf8DaQ&oe=6AC92EFD&_nc_sid=201bca,spherical,GoPro,GoPro Max,True,0.909,350
1074297977256925,-77.046651215628,-12.094268080426,1728145316391,2024-10-05T16:21:56.391000Z,SAN ISIDRO,san_isidro_03,81.574471510538,SlJi1W7yfR4Qd5zjZaLPBH,https://scontent.flim26-1.fna.fbcdn.net/m1/v/t6/An-4KZRiwf1KjDRWyP9jHBoBh7y78LmNBZ7AnXlQaQzc9FDy_4cdl6aSc4_qaOXP9mUHBIbbr6DFgMk1bhW88AQ45WhZU-u-0CJR5gHMrWxsaixvujCJmghpaeV8JsVFyW5VcLrEI-vMeetNpRW2g-M?stp=s1024x576&edm=AOnQwmMEAAAA&_nc_gid=LK8tVUOa_KpP-2dq0rnHAw&_nc_oc=Adqtf5-TD_qRvWcfBwsTeUTg2C4DiVtg-EiGx43qRAj3q8Q9COlMtkofBF2irVkjKco&ccb=10-5&oh=00_AQKacAHYyJ4OzmgaW391Kzch5lNM6dFWLQlWVkRlPoKkLA&oe=6AC93097&_nc_sid=201bca,perspective,none,none,False,0.649,303
1076228437289170,-77.046896336,-12.0943443959,1727974180993,2024-10-03T16:49:40.993000Z,SAN ISIDRO,san_isidro_03,80.305339827061,Sud4mwZevyfMlPD18Wxo0a,https://scontent.flim26-1.fna.fbcdn.net/m1/v/t6/An9ggRgE2pcRCSlb4ddAF8pY2LmrYKcrMrRblRZRpHyDsIKZErqhbPej4YkWN0uTGCMIkHcht_932Mz0-yyxanA7RyrR7u9oDlD4Bwr8JT4HKyNPV9ZQj5a7Jxy4j1sIHuiy3ofw8_1GDexm5Zonchg?stp=s1024x576&edm=AOnQwmMEAAAA&_nc_gid=LK8tVUOa_KpP-2dq0rnHAw&_nc_oc=AdpZ4aFpBZ5xIdK01UtCbDYo2eVMUh_Msco8a5f0BLYmrTDBw6LefQ1kbGIuCfO4q4w&ccb=10-5&oh=00_AQIDjUe8_E19lnV9v5W8K6oZaVwRwVhn9bLNiOSl72k46Q&oe=6AC92E1F&_nc_sid=201bca,perspective,none,none,False,0.552,65
1083140333340416,-77.04671689218,-12.094250307609,1727970620791,2024-10-03T15:50:20.791000Z,SAN ISIDRO,san_isidro_03,262.07910897125,qMvLAQgiBb2uUhDEspc4TO,https://scontent.flim26-1.fna.fbcdn.net/m1/v/t6/An8237agnQvgsfXQzav5EOCnWT8DbjvBbvyjMlfXYgZYhqmbRHxFZHozhZNdDQDZwO7o7owh0xFmZnpkuVWMuNB1ETqtKwqiL7pJ0hp2Pc4vrmRROUluIbquGV-ASfxa7xNX2I2IrpooSWIHD6124gs?stp=s1024x576&edm=AOnQwmMEAAAA&_nc_gid=LK8tVUOa_KpP-2dq0rnHAw&_nc_oc=AdrqcLcCs7bSkGPbpD7HbI2RfPNUeJxiRqRaoyvSpD0YmFdVp4KjS2kq9YAnfb6gYfo&ccb=10-5&oh=00_AQKzwnjiutQ9OmB3fvBOYsN78Wt5zgYZqgijRxkH9JLZhg&oe=6AC96457&_nc_sid=201bca,perspective,none,none,False,0.663,534
1081512637042947,-77.04634923491,-12.094215951078,1728145319591,2024-10-05T16:21:59.591000Z,SAN ISIDRO,san_isidro_03,81.297012148397,SlJi1W7yfR4Qd5zjZaLPBH,https://scontent.flim26-1.fna.fbcdn.net/m1/v/t6/An-LoWkSiRT101eMg7slYUEedA759l7_aE3B6V8B46ppnPSq12IOcoto5rC74H8vo1m0rdVZuNZJXARfeVbqoBNbr4cLnF4ScVNtM3Ky-byXYJWzndgVUUlGu1dSMo-Gc33elUCiQu2Jq5WrU6Iy_g?stp=s1024x576&edm=AOnQwmMEAAAA&_nc_gid=LK8tVUOa_KpP-2dq0rnHAw&_nc_oc=Ado4l_ylqVfOQTIFtpq-6LllIA7U1AzWtM6D1lHTn3YMBsJ0zmfdBLQtFs2UkH74N4I&ccb=10-5&oh=00_AQIoWWfOSOGkSUewEIkAlihTaoC--T4XjpoaUUHQ0Go4EQ&oe=6AC92EC0&_nc_sid=201bca,perspective,none,none,False,0.675,381
1230915071358702,-77.046896563817,-12.094460127069,1728145311799,2024-10-05T16:21:51.799000Z,SAN ISIDRO,san_isidro_03,80.009033983993,7OAKbQDiXclm34ZeGJ86ou,https://scontent.flim26-1.fna.fbcdn.net/m1/v/t6/An9-VIXwCMZ96CZGLWChTlKBNZ1xBr0dnXpVNxF9me9QQXGxqZ5O7YSPff0MV9m9HK9pKGFWm-kbScofswbxK69RyQDJvytAL47cdqM_nGApHlgfnWsTLY7lkZpxSLHWzjyxIVRKyZlvej214JmCHIs?stp=s1024x576&edm=AOnQwmMEAAAA&_nc_gid=LK8tVUOa_KpP-2dq0rnHAw&_nc_oc=Adpu-X3JRhLVPhsf5CHTLwFwpg9CO8kDS74LnDWaTMYSn8zWkvyFKd92r-YRClutGqQ&ccb=10-5&oh=00_AQLxHeMx_GJc3NeDqkzmSEUN7l5o0AlfhbQ9SjV46UZa5A&oe=6AC958E8&_nc_sid=201bca,perspective,none,none,False,0.565,59
108438332117656,-77.046818580211,-12.094083701849,1670085970200,2022-12-03T16:46:10.200000Z,SAN ISIDRO,san_isidro_03,90,Hw3ZsIngWTofNtALkp0FcB,https://scontent.flim26-1.fna.fbcdn.net/m1/v/t6/An81bkBN4uyxEjE7cqE_fCa4S3DfiF4AB-CA36WNpB0XMHJHJp9Zg_-AvLvVS4WuHHFzmnn2vmpf9SCpzSs1s-nq9lUV5zIU7AunZq8gGzffN9mzFNphnWGOb7PzXf9EjchBQyX0d0mfju7sFQRS4g?stp=s1024x576&edm=AOnQwmMEAAAA&_nc_gid=LK8tVUOa_KpP-2dq0rnHAw&_nc_oc=AdoZDECYRuNrqcdwHvtpUqjyQQ23SnJh0jNQOEAseiUppFGHTe8y4tZhI4InbWfbhtE&ccb=10-5&oh=00_AQICsB2nuDsEiUalbBYreUAEJWEcgXF8bQ7Br9eU3VYAUw&oe=6AC94CF8&_nc_sid=201bca,perspective,none,none,False,0.685,273
1086229056234586,-77.046639935159,-12.094126531998,1728145314397,2024-10-05T16:21:54.397000Z,SAN ISIDRO,san_isidro_03,80.034522336771,OlA1B7NRUwHeVopJuZTn9X,https://scontent.flim26-1.fna.fbcdn.net/m1/v/t6/An8mQw4qDHrLkA9irokO2M2H_mBW1Jtw3eHBHfQU4sdJzbpGW1UwBKMlK0jk-WZN7HrNZYt4vwhPJLwV-BLl-ZXsABQ5zjXl2CcKUKibyIbbdwcAzVPcrEG3NTDbBikC8m77eyPzELrAr4csjgYenm4?stp=s1024x576&edm=AOnQwmMEAAAA&_nc_gid=LK8tVUOa_KpP-2dq0rnHAw&_nc_oc=Adr5r9Yg3WVC77FEFl0FU4dbOXzbCT7w0PxtZ0iIesFxE3lUU8dyogKZbRBYYlIHxQs&ccb=10-5&oh=00_AQIuY_MDau5vVjbBVzonO_JsHZFZoijlcTK9tpSdb83InQ&oe=6AC9305A&_nc_sid=201bca,perspective,none,none,False,0.659,331
1057096185911282,-77.046234948013,-12.094219577927,1727970615990,2024-10-03T15:50:15.990000Z,SAN ISIDRO,san_isidro_03,261.74030575065,qMvLAQgiBb2uUhDEspc4TO,https://scontent.flim26-1.fna.fbcdn.net/m1/v/t6/An86YuxraEVODxKPBRFkjFQYGNc3eCITkTK-Wh9RCjvCifWZZgE3qZZElhzD31pgC39NpRPOOtujMlMhhwPt1cMzycApHeG53XIMygYE9os7Y2p-EYiG6gBV7aBfPuZCHXx8se3Kw-dPyp_We9GGiuk?stp=s1024x576&edm=AOnQwmMEAAAA&_nc_gid=LK8tVUOa_KpP-2dq0rnHAw&_nc_oc=AdoAygtqRqULjzir_gedWmkIG-3LyO2VBmcaFkTswvVxAIivPjdG4ZGPZ8sz1pWpcfs&ccb=10-5&oh=00_AQK25qyt_HKguUUq6_s_n01vjSIslG6HKe5U4RXKIWIZpw&oe=6AC9326A&_nc_sid=201bca,perspective,none,none,False,0.662,356
1064415085429977,-77.046855459459,-12.094392975563,1728145314199,2024-10-05T16:21:54.199000Z,SAN ISIDRO,san_isidro_03,80.560518779637,7OAKbQDiXclm34ZeGJ86ou,https://scontent.flim26-1.fna.fbcdn.net/m1/v/t6/An-tDXrKoGYU7lIpjGG_pSAOGb79KrxG5JkxV7fYooORo5O_2YwLVJoFXovOs-wKN9ZGXxZVnJi77HAHrwtWdrLLVezy2y67Ob6ulKSA18SD0JhP53H-rwXOUb8m_Sk8gBaXA8XTNHtDoVcf1AzzOHg?stp=s1024x576&edm=AOnQwmMEAAAA&_nc_gid=LK8tVUOa_KpP-2dq0rnHAw&_nc_oc=Adoy5nqy1ZwAgRKJS3_Gc1k57VDEwIwB73RaE9xXV0YUEEI_9eeNmW8OZNtYLqt9R-E&ccb=10-5&oh=00_AQIvLTg5pAfzIHnRc0ILYoNXAbXnTtii7g1Uq2O-ds2Kvw&oe=6AC94BA1&_nc_sid=201bca,perspective,none,none,False,0.666,50
1015179543248423,-77.04681466316,-12.094121042065,1670067987000,2022-12-03T11:46:27Z,SAN ISIDRO,san_isidro_03,104.34089067595,qz1RyGg54sKFhL3YaVDOp9,https://scontent.flim26-1.fna.fbcdn.net/m1/v/t6/An9tcM6JfXui2ZAwWwa3d808IXVgvwEuQ0wIojuSUnSCO5XZe_ueWhmNyejZrb4l25YpWk1Loys9ysx-1kaH7fEzUvFlSqqvPw0hmP1FokyAFqbWLnyqVAWfK42fzuuRVCdcVZNlfkW6sWrjLp1usw?stp=s1024x512&edm=AOnQwmMEAAAA&_nc_gid=LK8tVUOa_KpP-2dq0rnHAw&_nc_oc=AdqxAUwEl3-x-1jtmBwJQxYBH9eQAhuGgygJK8Z8ix-1YoQ96hm_nFOjZKLeBZzwF_A&ccb=10-5&oh=00_AQISj3SaiHVq7_0YgJwJRFHwsTuSUKVjjJJMHd3LH78Vsw&oe=6AC932D4&_nc_sid=201bca,spherical,GoPro,GoPro Max,True,0.907,362
1214002046221803,-77.046814692368,-12.094121120605,1670067963000,2022-12-03T11:46:03Z,SAN ISIDRO,san_isidro_03,107.05696705935,qz1RyGg54sKFhL3YaVDOp9,https://scontent.flim26-1.fna.fbcdn.net/m1/v/t6/An_A5tnhrg951MhWqz2T0ll93QIhFI3YwThwG346yyjvnlC3jWx2Xq4eN1mnPIzuj5pKDJRKGSGjSzcKLlmsHfIx1_hEOmFYdIXyGOmF8lKyAwPv-M8gwu2gVbCztIdKZxI_vhHDvSWm0au9ckwQSA?stp=s1024x512&edm=AOnQwmMEAAAA&_nc_gid=LK8tVUOa_KpP-2dq0rnHAw&_nc_oc=Adq5BpICSAnvNzJBlwUiF1HBDUhk9xiSumYILpLlCd3nFqp3TNG6LtTbHMhM8nLb0lk&ccb=10-5&oh=00_AQKan1H2mat_aqzu_kDz6th6FPV3drSDObhYHZabE8e2zQ&oe=6AC9367C&_nc_sid=201bca,spherical,GoPro,GoPro Max,True,0.907,351
109753358624694,-77.046800146824,-12.094119096733,1670067933000,2022-12-03T11:45:33Z,SAN ISIDRO,san_isidro_03,261.83202364584,rEI6klsKd7tJ9vYC4bpmcB,https://scontent.flim26-1.fna.fbcdn.net/m1/v/t6/An8otuuV5UE7BSd0aE9duB3U8MSK95On83LN-Md1gZHy1eJmAvIMFxTXCtYUEWkZc7BpYDpy_ioJkfZ9YGqMH8N06q-hAK1KOcEvrSeQUL6JP4VmgYYAE9pSFV2oLWKDNp9Wijcj-SDyTP6nRJLvWw?stp=s1024x512&edm=AOnQwmMEAAAA&_nc_gid=LK8tVUOa_KpP-2dq0rnHAw&_nc_oc=Adok5BqiT8CGs48puql611QrpG3Zx9WckcmJjKRkKXcAw6npjHnzPiT0BX7gQzloySY&ccb=10-5&oh=00_AQIQb_X4PMlfZ8aacbvo0RTD7RmOIll0ooo7cnqaxLHanw&oe=6AC93E51&_nc_sid=201bca,spherical,GoPro,GoPro Max,True,0.896,458
1070700818173947,-77.047321593145,-12.094514826469,1728219039995,2024-10-06T12:50:39.995000Z,SAN ISIDRO,san_isidro_03,255.52971581148,lYVv5p7X1fenSRJg3Mar4C,https://scontent.flim26-1.fna.fbcdn.net/m1/v/t6/An-oCWEpl0VL4ZTDboGhy_InpIbDxag_RL8RKsG7tDHzmS0xnn1c2o7exi7uxtC8llGaAUpFUWKTd5SbPKPgVB3ZApKzrH7L7MgHXWIr-oQi6_KWSbVkQZrnbAzUR6LDhdQ5B4xliASigCrZhDF8DyA?stp=s1024x576&edm=AOnQwmMEAAAA&_nc_gid=LK8tVUOa_KpP-2dq0rnHAw&_nc_oc=AdrLTap3WK9-mB0FBY7LKTIQqxscN9IrIsP-lhbo80WsDv_NJYHr89qDkDDJ6poygPs&ccb=10-5&oh=00_AQItgneD-EZxKvOz3N167fRZBVvXR7aXNW5AzfW_64oWhQ&oe=6AC95A5A&_nc_sid=201bca,perspective,none,none,False,0.628,432
110277241906017,-77.046431753146,-12.094165293324,1670080792800,2022-12-03T15:19:52.800000Z,SAN ISIDRO,san_isidro_03,172.02,HenMKfpPUQYs3F7NS6VRLW,https://scontent.flim26-1.fna.fbcdn.net/m1/v/t6/An-5lwoo3Bs0AFG7KnT13lZrsQC0Pz1NZxToNzdpxwFjBL1HSFbKHX66vNWXa-r519CA7cIG_IWPXpHEKBM8qLVO4V973e6hmflmfh3gJtzw3ma171a_titCUVf1DqhkDPNiiHnwG2AMoH5RxJ67Jw?stp=s1024x576&edm=AOnQwmMEAAAA&_nc_gid=LK8tVUOa_KpP-2dq0rnHAw&_nc_oc=Adqok2xg7UBI1hOUbG-drHwM3sGZUlgYSE7S43LZaWtlcQPMo1KKUq5UNkuz6Jo1NeQ&ccb=10-5&oh=00_AQIQPZmYxqQU5ZoEo3E81WWzG4XbKoqSJly9XubiAcJwPg&oe=6AC9637B&_nc_sid=201bca,perspective,none,none,False,0.682,315
1093292858814917,-77.046593682052,-12.094259153258,1727974186000,2024-10-03T16:49:46Z,SAN ISIDRO,san_isidro_03,81.532,lLq37tWFPbDn2zjmXGeKip,https://scontent.flim26-1.fna.fbcdn.net/m1/v/t6/An-XM06-myLGYRzBGGR3Sy80rEZPBVss17GYqiuu-Yuq8WwtUXAU3960P81tlrMWOqDG9etmRzvL3Su--luE9um_NT33pSs0Q0oqG0XkSrTzTe9827hFSJ1CZ1Ia6f6HMGxFtry6orVRlMbXhkRzVdg?stp=s1024x512&edm=AOnQwmMEAAAA&_nc_gid=LK8tVUOa_KpP-2dq0rnHAw&_nc_oc=AdrUh66mootOOw51sk32SLsamq9q_QPeu30wgHxaGNNQ5SODqBudgBWLztwk6pNn0qY&ccb=10-5&oh=00_AQLAbs0dfywXctfitL-4esm4lJfvGHTDkGH5JrYuCb8FKg&oe=6AC95344&_nc_sid=201bca,spherical,GoPro,GoPro Max,True,0.897,449
1082976766711485,-77.046562022831,-12.09422913474,1732882108251,2024-11-29T12:08:28.251000Z,SAN ISIDRO,san_isidro_03,81.780129131263,mT2ywPOq6DQSXgUbW9vd4o,https://scontent.flim26-1.fna.fbcdn.net/m1/v/t6/An9f5CNMNEO9Y9oq7lJdPI6urOlEFC4npUCH-fuuzYpCFeIVsMJ_392ZTEh_hwljZ1sLMTBIW9AvO5IXNjXZr2m8GTRvBYzVdCMQ1q19iXxaHwrIoeUpwpc_6UVuhyKNJUueWOxFQGCldIsUG5OMTA?stp=s1024x768&edm=AOnQwmMEAAAA&_nc_gid=LK8tVUOa_KpP-2dq0rnHAw&_nc_oc=Adr02k5S6sow8Zqlm87oS2l6QXWw9gZdlnv4xI798XAriYXOUGkwX6ODIk8B2dgDng4&ccb=10-5&oh=00_AQKmwTJRbGhQ7w0IBIn0obAnQ0gSEhC7T004M-_mScZ6_A&oe=6AC9341F&_nc_sid=201bca,perspective,Apple,iPhone 13 Pro,False,0.628,100
104800842511008,-77.046818487545,-12.09408370942,1670085939000,2022-12-03T16:45:39Z,SAN ISIDRO,san_isidro_03,90,NIbl1yV2R5q8aMfHUWFLx4,https://scontent.flim26-1.fna.fbcdn.net/m1/v/t6/An8WdxjztBAYN0VQZRMOaPDJwypGGZr9KMFN9bST8-O3eO4eJ-qpn1gcTgFX6j5mvC65Xrrlhs3bqEEt_72YpCpp8DlP-DzyH-EfFy8rht64FJdebz_nhij_AQna1J4oyyjVriodwj93q7X7wk5QmQE?stp=s1024x576&edm=AOnQwmMEAAAA&_nc_gid=LK8tVUOa_KpP-2dq0rnHAw&_nc_oc=AdpktLRpTImVFqAaNiLjQQNBwk_a--TQbKH5z97iVpqIhxX1lmJr1dm9rdKdAZuqS_I&ccb=10-5&oh=00_AQL_0ALmse0rHIhCYfcM8XpxS0qS5T5MXraZwJiIYAnWDg&oe=6AC9532F&_nc_sid=201bca,perspective,none,none,False,0.688,280
1071946171275997,-77.046806417242,-12.094027929151,1727970615795,2024-10-03T15:50:15.795000Z,SAN ISIDRO,san_isidro_03,263.88465833999,SGM7o2BIquCc4mTL0DgWab,https://scontent.flim26-1.fna.fbcdn.net/m1/v/t6/An_5ThDQeVqv8TRCUcqZPBp_iwV6CWOZwYsqax6IHhk-ozhiSgZNejGwuCbuKmMClmKLCfaSqIxtpNB-BXsLrJleAsWBRdwNbgUJPFYowHqcjMzQk-SNQq23xc9PlJtQbM78mOJ6StxVcaZIPJmj7Q?stp=s1024x576&edm=AOnQwmMEAAAA&_nc_gid=LK8tVUOa_KpP-2dq0rnHAw&_nc_oc=AdrVfFRPayca3VHDusXCSk7zBNl-ZwufNxpOjbbTacdqgSVouOqoqYKaWKl1iSHPinw&ccb=10-5&oh=00_AQJWrqr6QJdEM2jSJSj3ixVLKgyXumrfkF8W3NYol-kt9w&oe=6AC92E72&_nc_sid=201bca,perspective,none,none,False,0.384,110
1242956206573974,-77.04679995894,-12.094209997025,1670085992000,2022-12-03T16:46:32Z,SAN ISIDRO,san_isidro_03,270,Bj8wa3vhAuFDgsVS6LbXcN,https://scontent.flim26-1.fna.fbcdn.net/m1/v/t6/An_Q1uxym8tVfavHyjW59Pyuh1R41YsbfU3-R7bj9RdhCJDToTsteEfmuELTYWjam8LrSTviAURYx_SYRmkpzJcB7AH2Sc6d10LhGC8NaPI_VkczSk8Jb7isb-gHQ8XpaVH0bA6biDWQcBGnCRNWpw?stp=s1024x576&edm=AOnQwmMEAAAA&_nc_gid=LK8tVUOa_KpP-2dq0rnHAw&_nc_oc=AdonmR_2D1xChj6Fu1PzyTbcJb-tj_ALQf0UmwRmaMHNMnwd9USA9QEl6lc6FCo4Xhc&ccb=10-5&oh=00_AQJOo8xisVZxb7H_O3-KY-obCH90p3XPn8WSoXIq237a6Q&oe=6AC9568F&_nc_sid=201bca,perspective,none,none,False,0.71,166
1067984257877943,-77.047372791003,-12.094541080676,1728219040996,2024-10-06T12:50:40.996000Z,SAN ISIDRO,san_isidro_03,262.04804672638,lYVv5p7X1fenSRJg3Mar4C,https://scontent.flim26-1.fna.fbcdn.net/m1/v/t6/An_C2bOp_dZZIbWDy8l34vvHSF5qvvqCd4VCSgNjeMsyAxXYe8I5V_VGwPyJHIG8stfF8smFg2kwxGreZnWgyZREciYRZte7ptmCMtIhF7KSxy4RhC6ofdIRl23xcpmPApaBxr5XHDtLuW8pBNsKphc?stp=s1024x576&edm=AOnQwmMEAAAA&_nc_gid=LK8tVUOa_KpP-2dq0rnHAw&_nc_oc=AdoEaV9uPNvX_x0CXrR-bv16Zi5K6orhzKpdEHpyH7aRzXy8geILfo6ovkR5MxsT--8&ccb=10-5&oh=00_AQItzpkWBfM1l7DOm8GiXEmSedZLaTK2RFU8a8aVzQz-Jw&oe=6AC93F65&_nc_sid=201bca,perspective,none,none,False,0.664,500
1102597314587637,-77.0468255139,-12.0943340831,1727974181793,2024-10-03T16:49:41.793000Z,SAN ISIDRO,san_isidro_03,81.928293489879,Sud4mwZevyfMlPD18Wxo0a,https://scontent.flim26-1.fna.fbcdn.net/m1/v/t6/An_esK0l0D2QVd-Ut5Pv7flf7pj6jmp9cpoS-bFt3lZ73JOWUKF9YqPvzQwySdsC0YK3JDGHFfmPBbap8GcG6s1HaT3C3wMjH0tUTwzCSZ_9bsmuoMkVCPNZT9MdL-_U3fy-Tpk0vT8q7F1oKSXl7CI?stp=s1024x576&edm=AOnQwmMEAAAA&_nc_gid=LK8tVUOa_KpP-2dq0rnHAw&_nc_oc=AdpnC-ILC4hI_bQKGzDVv_p5VyPckbguTMIQSoWQgIYYLxUwOeNdlYaKEbofho4aDKk&ccb=10-5&oh=00_AQKnIXxq_L8uDlsdxkoCFci_bpfXaPsi2krEcChvDmMhnA&oe=6AC94F22&_nc_sid=201bca,perspective,none,none,False,0.607,129
1235130620433884,-77.046356204567,-12.094050786288,1670067923000,2022-12-03T11:45:23Z,SAN ISIDRO,san_isidro_03,262.50010521629,zNqyCjI1OTraxYXdwP3AFv,https://scontent.flim26-1.fna.fbcdn.net/m1/v/t6/An-9gM4eMCRuhT1xs6w8sBhlSrES07bm0SG8ppJmhmMF0aaGeB_GAvIp4Wv-l3-Re4bEXVXLZjS6FckV64mFNKl8uGskYeRwFoiptWT9vWXlMv-A1SDH7XMpIU29LY0DNR0php-1iDKCtBFE9AYslQ?stp=s1024x512&edm=AOnQwmMEAAAA&_nc_gid=LK8tVUOa_KpP-2dq0rnHAw&_nc_oc=AdovHN53OVc8e02jQeHurBIpUHcF2y2i0Py8VUwshbIK9d8ARmGR8YUpmIK8yLhQV2k&ccb=10-5&oh=00_AQKjpfgP86c6Tohy6aTqILUzImHfyFTk2Je-8Q-YloTf0A&oe=6AC9463C&_nc_sid=201bca,spherical,GoPro,GoPro Max,True,0.909,567
1107024447488276,-77.046365413772,-12.094019082949,1728145317597,2024-10-05T16:21:57.597000Z,SAN ISIDRO,san_isidro_03,81.936760159084,OlA1B7NRUwHeVopJuZTn9X,https://scontent.flim26-1.fna.fbcdn.net/m1/v/t6/An8QCrdDMWAGBRqq0ZIPpFG4BXemGDV3s70kbveXTEAkYbPT-oQI6rBH1r-zvPFWrC1RhXRJ93Eo6KpoInn5e7EvgfD1G1saxCJj_W1frcGyXCizYLYUmPvCz00sQysdU-RoF9Wf33nOGjyAQpJOtg?stp=s1024x576&edm=AOnQwmMEAAAA&_nc_gid=LK8tVUOa_KpP-2dq0rnHAw&_nc_oc=AdrHsNDKLHQEj3lMEqGMBxkVhRAeFtgRl0p1dfFlatNeo28Ekx2HwM4ErpK4wqCCXW8&ccb=10-5&oh=00_AQIaD5Gllk0145eOLXTvQ7rc4msnsQU_tTNKdQKQSM9mBw&oe=6AC9342F&_nc_sid=201bca,perspective,none,none,False,0.666,385
1110711993883664,-77.046765015515,-12.09413837132,1728218941197,2024-10-06T12:49:01.197000Z,SAN ISIDRO,san_isidro_03,261.61166521296,BPMUN4tzp5VqRxFboCcIsy,https://scontent.flim26-1.fna.fbcdn.net/m1/v/t6/An-mYmeVv9T6G6ZyEcfGZIKh0zGuEAZKLRrkoAdqjZDjoeqrbRXes4vukvhl8Khhr9r5XJDirfRY8GTE1YMSynBlPYj9Cioa6SkI4S-Iq2Fgd5bJ1DR2HNXm5iwy8xC1p30xUDLC6bpkQruKDRbuAjA?stp=s1024x576&edm=AOnQwmMEAAAA&_nc_gid=LK8tVUOa_KpP-2dq0rnHAw&_nc_oc=AdqgisE_tTdYkxz-LADD-3t9mUvTpNVX462MlJqRHQmLtxz2dOSA2Q2cwzUxekaV4Wk&ccb=10-5&oh=00_AQIzdYD1ef5eXxghgbUk-JV0FuX88NteDQuscmLubF-DbA&oe=6AC94DB0&_nc_sid=201bca,perspective,none,none,False,0.706,402
1122885052530476,-77.047048699409,-12.094286139331,1727970620197,2024-10-03T15:50:20.197000Z,SAN ISIDRO,san_isidro_03,261.27472290104,kvP3HBEpX0ZTL9WrCmio78,https://scontent.flim26-1.fna.fbcdn.net/m1/v/t6/An8_bzVVVJVjAPnBF_B9KSlyfRxqgX4bfzhMT38Vr372q5YgbmyqpzMoxzpdBhIeAEi9TPU1uBGiMwsMs5HB0X-nHzB8zp57NdYvBeWO35o-EmYIHv9oFLSulfgtAhCwlwA_3RXp7d6Gn1vKLAVYVG0?stp=s1024x576&edm=AOnQwmMEAAAA&_nc_gid=LK8tVUOa_KpP-2dq0rnHAw&_nc_oc=AdoKH_hqxX5jMTpzCfQIkybQ_jyJa5t5JuacF33HoqmW-cPm-4VbF4Mi64DE7S35mNE&ccb=10-5&oh=00_AQIkYT3lAe4LHWO82pk-b2GBjSrk59-IgRocEeXWWQWrvw&oe=6AC9342E&_nc_sid=201bca,perspective,none,none,False,0.662,298
1066692908429989,-77.046760538257,-12.094409788621,1728145314999,2024-10-05T16:21:54.999000Z,SAN ISIDRO,san_isidro_03,80.560518779637,7OAKbQDiXclm34ZeGJ86ou,https://scontent.flim26-1.fna.fbcdn.net/m1/v/t6/An8RnYUs0StQISx4I3RB2_K-NCQBM_dc4Wk5KO4Btmn5KXLFPzEc4uZBiJ7yzR39JfwfWcwFSfRUR_oAqPuy8J8kuZAMnR0lZChuNqWAXN4RViMbKVj9DFfIbaAGm_JZFsRdqCLmH0ySbdzglr8J1vs?stp=s1024x576&edm=AOnQwmMEAAAA&_nc_gid=LK8tVUOa_KpP-2dq0rnHAw&_nc_oc=AdqmnvdyUIC7LrwW9REPNRiFmSrg7C70NLH2dpf5fgTBRGvVndALoe6atHgOKpHzA_0&ccb=10-5&oh=00_AQI3GP2dKWP8BG_hfO224QsUmBg25CZnlbBzgq1YRw7h-g&oe=6AC95C71&_nc_sid=201bca,perspective,none,none,False,0.689,56
1097109362007328,-77.046966756963,-12.094225242194,1728145310796,2024-10-05T16:21:50.796000Z,SAN ISIDRO,san_isidro_03,78.440189467437,OlA1B7NRUwHeVopJuZTn9X,https://scontent.flim26-1.fna.fbcdn.net/m1/v/t6/An9t9R1U5DzFRP0B4-LgyJr5q2y-w3ZWIQKKip9DiBVuZ2p7KQ0TDE3wrZrtUbtt09iSX_Q1n4G3mLVZEbPH9oaI3b1lz5EplZyAgmx11WCzVmx-VJuU4--USYhoiFP0ewkLHxxqB7MjVoe7mmwlmmQ?stp=s1024x576&edm=AOnQwmMEAAAA&_nc_gid=LK8tVUOa_KpP-2dq0rnHAw&_nc_oc=Adpd20ZVMXhUjjY2gw3hMrJgx-iZ1olo54Z8lpC66rYDiDD1WSIYAma-IYLiX_0DLJQ&ccb=10-5&oh=00_AQIA1NHM8yuJJ7QuM7DDr2lCaAJKifU5gaxJtqFLPVhnxg&oe=6AC956A7&_nc_sid=201bca,perspective,none,none,False,0.676,431
1114126596972009,-77.046417643762,-12.094232417344,1727974187192,2024-10-03T16:49:47.192000Z,SAN ISIDRO,san_isidro_03,82.165095401268,P6bHBOemRrawM0WCo7gxU3,https://scontent.flim26-1.fna.fbcdn.net/m1/v/t6/An_Gk4KtjA-x0uucKz0y9vdl9L3BA-unFAN9_LPRlLB4-LB74suXZhO94A4oZQUHTvSoYHiHPEaQ3BOiFeJzg758epP1urIn28zN2ohpwkKZYQGwHwYTcJDdMDZHoHdvaJk8WA4lGONCmYf-vCsFsMs?stp=s1024x576&edm=AOnQwmMEAAAA&_nc_gid=LK8tVUOa_KpP-2dq0rnHAw&_nc_oc=Ado_a71PnP2ervYhVmlphycacVZVD9IgfzjYt--wmQk-7WI7ADkGueC9Y_o-73z_x4w&ccb=10-5&oh=00_AQIEBoLTPSYPLR-e1PUYHptHPcnxEF49M9RJOBnmKvnNiQ&oe=6AC95EE2&_nc_sid=201bca,perspective,none,none,False,0.716,400
1097722268689225,-77.046787712981,-12.094294790994,1727974183192,2024-10-03T16:49:43.192000Z,SAN ISIDRO,san_isidro_03,81.83749075475,P6bHBOemRrawM0WCo7gxU3,https://scontent.flim26-1.fna.fbcdn.net/m1/v/t6/An8FQ1t_DD3_9AZPD_PW-r_QLxhoN82kA1x-Q2cFbQ5mVNEcZXUIQnDZnOov_-rePFxqTsFd0KCs-HP-4O0XlDJdPDEhr1klLqc-SdU7v1m5bYifOB034NMfD5aDDcVvvcigmAvvZBLQmn06T0x0J3s?stp=s1024x576&edm=AOnQwmMEAAAA&_nc_gid=LK8tVUOa_KpP-2dq0rnHAw&_nc_oc=AdrdwLjzy1gl1Go80pYP7AVkx9MLfMFXmqimXG2qA83DFt_JNfIDNKIx45XKvRke50c&ccb=10-5&oh=00_AQL9783hruHvX8EkegcidkPz1RyI8fp1lzcivdKnbJ-Vvg&oe=6AC93FDA&_nc_sid=201bca,perspective,none,none,False,0.704,320
1149984609028667,-77.046415685213,-12.094052172362,1670080791200,2022-12-03T15:19:51.200000Z,SAN ISIDRO,san_isidro_03,351.71,5LrBNwGRxtDpUdSHPTuqm4,https://scontent.flim26-1.fna.fbcdn.net/m1/v/t6/An8p6c4mQDNSNSpceDzV7Ix8fmXcHnSFs69h7Seub_gFYmB1bS3nq-Y5GK-2drEEaUSJQ_aWkvJL4Hbwj9_u9VE7Vz50hSHmEqOLsJDa5hCKLenHJjxya-4jkULxBH56jhJ_CaEI3fAxpNLZdhnryOM?stp=s1024x576&edm=AOnQwmMEAAAA&_nc_gid=LK8tVUOa_KpP-2dq0rnHAw&_nc_oc=AdqMIwEyt05CSfRAC62m3_IzgfnprHpgRdbd3POb1PN3iKutMm4rYBg3_iqjZzca_UY&ccb=10-5&oh=00_AQKvrKq8s9yK8qZX_duwsgKuaRyrwKzvRABqhTxjlGYPVQ&oe=6AC953C9&_nc_sid=201bca,perspective,none,none,False,0.61,113
1103920564767689,-77.04667077296,-12.094126478287,1728218940397,2024-10-06T12:49:00.397000Z,SAN ISIDRO,san_isidro_03,261.19027984881,BPMUN4tzp5VqRxFboCcIsy,https://scontent.flim26-1.fna.fbcdn.net/m1/v/t6/An_BWiN2UuE1-fjb9tyII8iFGAjnX-CQafNhmNO47iTCBZ7TGSbwEPMozA-e9P1j_685XgSevjCRBZmm93eQUINtujoF9t6Qj3NJ5BzA3ItWgGb7Zg6-g1qCzKVoVnD-ouHcyRl704sEYjr2JuN2WQ?stp=s1024x576&edm=AOnQwmMEAAAA&_nc_gid=LK8tVUOa_KpP-2dq0rnHAw&_nc_oc=Ado0OuMdbVWwpZhzDy8VNLjFX8FNpUXOyti1h1nnStTTFimNUQceaC1T8yVFp9XIqW0&ccb=10-5&oh=00_AQLERJRG-iI7bCD-5z07xrSP5rEpRQlLldOjFr8wMcipng&oe=6AC9353B&_nc_sid=201bca,perspective,none,none,False,0.675,345
1125285392518689,-77.047068342,-12.094372972,1727974178992,2024-10-03T16:49:38.992000Z,SAN ISIDRO,san_isidro_03,79.727344213282,Sud4mwZevyfMlPD18Wxo0a,https://scontent.flim26-1.fna.fbcdn.net/m1/v/t6/An_UTHHVptmxDC2h39j8FzHPNpB0-VX2pWg62Z3j9ULMoI6rh02jtS7YCdXldXH-HmYzqyZCzUkDQPC1A6m4wsYn5xMUGxkI3Qtoo3Rbtj0H7BZuCTR3bIMQO7JTNyOT3VKFgwg_FLkobjMvpBfkHk4?stp=s1024x576&edm=AOnQwmMEAAAA&_nc_gid=LK8tVUOa_KpP-2dq0rnHAw&_nc_oc=AdrwOwBU9g_CLTu3wYrqkko1JrhArTgB6rItM6E5872w--o01GUylz54NyU3D6iszDc&ccb=10-5&oh=00_AQIPN1CcDhT9T2sbCgVPjOMM1usSjP0uYE0T0tGa0-WIQw&oe=6AC954B8&_nc_sid=201bca,perspective,none,none,False,0.614,104
1179634922751344,-77.046799947919,-12.094209909023,1670085993000,2022-12-03T16:46:33Z,SAN ISIDRO,san_isidro_03,270,Bj8wa3vhAuFDgsVS6LbXcN,https://scontent.flim26-1.fna.fbcdn.net/m1/v/t6/An8MTyoJLeSrvGu8Kw1nkx5Mqib9B3FKCZ4pWege3ua2zy8tS2ZTneKq-rCCqzDWlkwRy7UZz28YsGmBB7JCVqfmhOjyJD9D1sq5Ti_uMmUmDxfIeQ3D16bEY4Clp_8vCgM1Zrrb9JANPR3yFrsqFg?stp=s1024x576&edm=AOnQwmMEAAAA&_nc_gid=LK8tVUOa_KpP-2dq0rnHAw&_nc_oc=AdrN2tFGhN9dHeR66er_jmAorQF5Aazn8I9Rb_mSaq4UUzgkp9mo4FsCIea-FwRehrU&ccb=10-5&oh=00_AQIFBhjxc4kkEF1t3E9JPmotGLOnPvJayXaUS8XxFbHPOQ&oe=6AC955C5&_nc_sid=201bca,perspective,none,none,False,0.707,177
1105572904445252,-77.046491797572,-12.094240866415,1728145317991,2024-10-05T16:21:57.991000Z,SAN ISIDRO,san_isidro_03,79.862558191158,SlJi1W7yfR4Qd5zjZaLPBH,https://scontent.flim26-1.fna.fbcdn.net/m1/v/t6/An9XvOjbXDPxPw6fbVBwsl4tFTpfvu3_J7nDaYwQdgh9118F6QHQKfaI620srZgCzcewdsKENEN7lIHl51g4Zn8fw_NANLvjSs0HgzG-CRU059ANpGu1Bptdo2ofd4NzwmV25_ZxyXsQxuYmNpXRAuQ?stp=s1024x576&edm=AOnQwmMEAAAA&_nc_gid=LK8tVUOa_KpP-2dq0rnHAw&_nc_oc=AdpvBvf9ShngJJVNnG-KC8xnq5AFKet18X-a-_UetaopSCpDkzMtTukI3B8m6e4hAJA&ccb=10-5&oh=00_AQIZYbQzM3Z4lbfx0s7DZ5vYeruk4PY7lSQlPASM030Q6Q&oe=6AC9484D&_nc_sid=201bca,perspective,none,none,False,0.651,266
1150484688974252,-77.046678815751,-12.094100725157,1670062797000,2022-12-03T10:19:57Z,SAN ISIDRO,san_isidro_03,262.14694958987,hVmANlR2GF1x4ajMHYfZLX,https://scontent.flim26-1.fna.fbcdn.net/m1/v/t6/An_CNe-RCV806Uv9CvgktbWDsfX-GiViJrPQ0cnIMjBNIwp8jTC4aNoGtqIvXn6Qo2sS5EiTAw64uFjUbk4WQzTebHLi_a2TjdM4DVMFX80DRy-Cq3dgbRJG8Hk-gAdYyf6WK6Zn_QcTq0ayVtUgdQ?stp=s1024x512&edm=AOnQwmMEAAAA&_nc_gid=LK8tVUOa_KpP-2dq0rnHAw&_nc_oc=AdrymH2opR8f2ulp-WWFFPL2836pHcpibEqJpaUJeEfs_259RHeqz0BcinkgIz_HVls&ccb=10-5&oh=00_AQLFqSgoWrN7FDEsNpip-QstVLPEcwu9qvehxWn4imhPFQ&oe=6AC95FA3&_nc_sid=201bca,spherical,GoPro,GoPro Max,True,0.886,510
1112821896779404,-77.046606403635,-12.094181768525,1670080798400,2022-12-03T15:19:58.400000Z,SAN ISIDRO,san_isidro_03,170.73,HenMKfpPUQYs3F7NS6VRLW,https://scontent.flim26-1.fna.fbcdn.net/m1/v/t6/An_PwNDbTtVUodZQ2UNNuEKcBnpCp5euyzjqxDeVFrI0Ml4FsTfyWc7x8zbBeCvrMWaQu0xZSa6Ch_l8PwI4_KQWw-52YN9G7RfIkio-hflLGIGbL45mhZO9CRtqzlTfSdvs5AI_5uwXyKdAiGMecg?stp=s1024x576&edm=AOnQwmMEAAAA&_nc_gid=LK8tVUOa_KpP-2dq0rnHAw&_nc_oc=AdrwFg6rOxpNyyBBNqMfyne3M6vWJaLr09QQfDSumvongooHM4lpt-6ju9ORgAUquqM&ccb=10-5&oh=00_AQLqUgDRnXIabxKtnKWdiAxgR7WDDAzHI2R6P4_VBzswbg&oe=6AC95545&_nc_sid=201bca,perspective,none,none,False,0.67,279
1154942408519113,-77.046818624193,-12.094083725184,1670085956400,2022-12-03T16:45:56.400000Z,SAN ISIDRO,san_isidro_03,90,Hw3ZsIngWTofNtALkp0FcB,https://scontent.flim26-1.fna.fbcdn.net/m1/v/t6/An8M72oZQvfp0vjyIoEkfobfnfrGJVOb7OaAs-fWAloGBeq0Vdj6pu0cDPx-hyJCuakpkOBYRkOMJPzIjgE-iRzpPSVlDrHdtz7TOVc4zJNpDleD-dbPAK3TL3qLGG8D9UF9E5nNx0DZsbxdJKDAsg?stp=s1024x576&edm=AOnQwmMEAAAA&_nc_gid=LK8tVUOa_KpP-2dq0rnHAw&_nc_oc=AdrKwO-pHGWfoVNFQj8xhzpje9EwKnj4FNxdm5rJWcyWeSMMztcpN-VC36HpzqTqOGo&ccb=10-5&oh=00_AQLaeQEk2M7D5K5Y_FL9Mm5E9TgS4pDF0EMrXbP4fwquag&oe=6AC92E67&_nc_sid=201bca,perspective,none,none,False,0.687,262
1189701238583149,-77.046704995379,-12.094373654033,1670080799800,2022-12-03T15:19:59.800000Z,SAN ISIDRO,san_isidro_03,262.07,jBqTWgVMSLiCIJPR9mOEQo,https://scontent.flim26-1.fna.fbcdn.net/m1/v/t6/An_iyoNGiPVUpY2JaT45-9TrNJ3ORDD73rhoVJSuiltpkjC1r71j2Hp3jLxb_o2jPow2XDCoJ6BY67JwvFyTCaS-kUPIXuxpNVAbrlxjRqBAR3mq7Jfodh3SA_uFVR-WdZrFW1G-BnNn09ixQOtqEg?stp=s1024x576&edm=AOnQwmMEAAAA&_nc_gid=LK8tVUOa_KpP-2dq0rnHAw&_nc_oc=Adqf5VEqCGXLMKigcgrhfOyniAs-YAFrPTgqhBNQbIHpmqAFQ8kKHxzCmc45fcFzUp8&ccb=10-5&oh=00_AQKsHf0ktFGOQ23fLl-SSFUJWwB_IqpneXQRIGjlF1aS6A&oe=6AC95F93&_nc_sid=201bca,perspective,none,none,False,0.663,352
1158319698166308,-77.046971732737,-12.09414365277,1670068003000,2022-12-03T11:46:43Z,SAN ISIDRO,san_isidro_03,261.85297738184,FgRNmQOWr3ahGE7kAbHnpd,https://scontent.flim26-1.fna.fbcdn.net/m1/v/t6/An_Ags94Vf0jIytHoeO0AeDoxT60cZ7lI1eeO7DpkhDsD1WCKbqCTLD6nNIsy-D4BjpNxKHNUR62IZ5-joq0zyDbH7EfpEKHc_1ikt3E5UXaQhGmW8QLu1JfZOZnZtlDCN1IvI1FRi1AzMkXuGqYYQ?stp=s1024x512&edm=AOnQwmMEAAAA&_nc_gid=LK8tVUOa_KpP-2dq0rnHAw&_nc_oc=Ado7iOJD2If8PACWn5tUYI-PACVQ6QZ7J8fAE8i8KKOdOjDe-DKbZL0Fd0EOq3E-MB0&ccb=10-5&oh=00_AQJ9Cj5MSgECEBB3cXFwfhrzbxGS0_094zdZSoUWjw4EFQ&oe=6AC94ECB&_nc_sid=201bca,spherical,GoPro,GoPro Max,True,0.902,457
1164064100975232,-77.046626270871,-12.094182971666,1670085923200,2022-12-03T16:45:23.200000Z,SAN ISIDRO,san_isidro_03,172.22,Wa8DSxChyNZXHjkmK31rqb,https://scontent.flim26-1.fna.fbcdn.net/m1/v/t6/An8Eb5RjJla-dnHVKJjfeR4iZLj0jybAkUUfpDddA7gVkTO57vqnDc8LETxVI5_8sgAC361sTOd-6SPKLPMDCb2IG466UDMtvXi4KhSiZ9bqjuFpvLhpQz0IrYEcVTApEieaKh3JEUFIzP5Als0Lcg?stp=s1024x576&edm=AOnQwmMEAAAA&_nc_gid=LK8tVUOa_KpP-2dq0rnHAw&_nc_oc=AdrpTt3_Fen2mxqkEx2-KStmQwCgiQ_Jn8aDYVRtjB-4BlXeZrWMLbUKIBkZBXo161s&ccb=10-5&oh=00_AQIBb4pnblaQua7EjiuwL224etqhd_S9KZwZ02CTEbJCtQ&oe=6AC938D7&_nc_sid=201bca,perspective,none,none,False,0.679,232
1198870601204528,-77.046790039,-12.094329161,1727974182193,2024-10-03T16:49:42.193000Z,SAN ISIDRO,san_isidro_03,81.311446332784,Sud4mwZevyfMlPD18Wxo0a,https://scontent.flim26-1.fna.fbcdn.net/m1/v/t6/An9NrLorlwZA5kLDyg_iWpOjpWJTwXxlSGzg6DmrP26mQ5dhlF9Yzag9G9GymOy5_JGn1xb09bNv1f5EfjKU7-LQ23DOgFeb8-m--Kjw79Vg2B8dp546TxcKKRrBhhReXlShY3dxODIU-TYW5xCKk_E?stp=s1024x576&edm=AOnQwmMEAAAA&_nc_gid=LK8tVUOa_KpP-2dq0rnHAw&_nc_oc=AdoCLrsFDHBBOqlm35fKVwnyBvYMbpkS0CKv0oABleIRrcWFz5ou_WzYFJPM4zslvik&ccb=10-5&oh=00_AQLDo7YDcXDMSjjKW9gwMQ5be4rG0EQcf-Lu8IoOimujNA&oe=6AC950AE&_nc_sid=201bca,perspective,none,none,False,0.65,106
1124185052400735,-77.046296616835,-12.094119410495,1727974187794,2024-10-03T16:49:47.794000Z,SAN ISIDRO,san_isidro_03,81.943316964305,G9leU7PJdnrmtyVE1aZvh3,https://scontent.flim26-1.fna.fbcdn.net/m1/v/t6/An8JJ4RVEt28fm48Jq6Q457G6ShgptXPBm81msBXac-hGeUbh595CMolz89hfXb3U2EliALlXDFdFTDaxqVq5clB3GbNsCJOjnU_AEWPTwpvQWvWDRml0qWswUr2Spb2sYFPmKK9jHCua-Qga7N3obI?stp=s1024x576&edm=AOnQwmMEAAAA&_nc_gid=LK8tVUOa_KpP-2dq0rnHAw&_nc_oc=AdoMQO1vpAQKpuRJxc1xC1DygKxrjN8UhMemjftz1M3TUfCDDEgYphcAcEwjypcKyrU&ccb=10-5&oh=00_AQLDFsqr4g5lAbfzDP-yodje7AWaOHXDaKLkIMWkTqxHkA&oe=6AC93159&_nc_sid=201bca,perspective,none,none,False,0.687,398
1218029992793257,-77.046876361674,-12.094242330337,1727970617797,2024-10-03T15:50:17.797000Z,SAN ISIDRO,san_isidro_03,258.59757677586,kvP3HBEpX0ZTL9WrCmio78,https://scontent.flim26-1.fna.fbcdn.net/m1/v/t6/An8hh5cv6MCO9sCw_avTCibxYgQA2sp5pcoqDTgmTKwnXoLu1O1sfjCFvL_kc98aTsAfbMqODnemQbhZAun8cnKQSw72MpYgci0RUA8OM7zDxkGY4gKpRaxWyn2ER4_pAgUhiJ0xHSVxlJWDscSzfQ?stp=s1024x576&edm=AOnQwmMEAAAA&_nc_gid=LK8tVUOa_KpP-2dq0rnHAw&_nc_oc=Adr0mvkC5sHWm8gaSFCN_P_HqkWL8WlsWwxb0jeuxX5dHAo9jldiB3sZIADLM58pJME&ccb=10-5&oh=00_AQLvE652C2skd2X-USIekLdz7MdlRJHXz90Rhyye50BP7w&oe=6AC95558&_nc_sid=201bca,perspective,none,none,False,0.711,184
1227291794583716,-77.046818608542,-12.09408371233,1670085974800,2022-12-03T16:46:14.800000Z,SAN ISIDRO,san_isidro_03,90,Hw3ZsIngWTofNtALkp0FcB,https://scontent.flim26-1.fna.fbcdn.net/m1/v/t6/An9TGCYUtsx1vGFAn3pmvkNU1UBQ_WTTzwnutzqeLYnaGVnoAYvUXcgyu1e-v0Idcx7ABbkEX8iGC2bnlvLJNhMXXwCvYzh-AbYTOsgo1DsIqTq1eLOtrPT6zyY2LPG64OAC0bG4rET67oBh5kWN6g?stp=s1024x576&edm=AOnQwmMEAAAA&_nc_gid=LK8tVUOa_KpP-2dq0rnHAw&_nc_oc=AdoadPKMXASDd0mgBJ82OicabqHn5mnI7e_5bMwlk0WXJb0qJhXHj90ZnSmnjrsDnb4&ccb=10-5&oh=00_AQI7XxmnkUH0JuoS4khe0GyAyJ2rVwb0yuKDLf_geE4xPA&oe=6AC94C4A&_nc_sid=201bca,perspective,none,none,False,0.685,273
1228932464374211,-77.046799860828,-12.094209991556,1670085988000,2022-12-03T16:46:28Z,SAN ISIDRO,san_isidro_03,270,Bj8wa3vhAuFDgsVS6LbXcN,https://scontent.flim26-1.fna.fbcdn.net/m1/v/t6/An-Gvfbk39kPCyLLOjRAXa7NkMxuQgPdaph3qH_4mvMPLqkEbGrQfdytOq64vhacLTjHWdK0jdLhvSU1pz5k0Br8F5b54aXyOXy0urXENckzNz-nvLF7Gf9oiOMDyfnvV7OM6SuCbtmj1SD6uiZo2Q?stp=s1024x576&edm=AOnQwmMEAAAA&_nc_gid=LK8tVUOa_KpP-2dq0rnHAw&_nc_oc=AdoH-egv3XIm6KoNTG_WcsAtag4Rm1S6aE5hROAggGMn3sSdIkjDXoA2FvVqGanCUyA&ccb=10-5&oh=00_AQJEdmz2-mr-MNTntJhPsTdqWEvhml2lis5ptB4XUR849g&oe=6AC960FB&_nc_sid=201bca,perspective,none,none,False,0.706,191
1221898482252459,-77.046766598975,-12.094283668469,1727974184000,2024-10-03T16:49:44Z,SAN ISIDRO,san_isidro_03,81.914,lLq37tWFPbDn2zjmXGeKip,https://scontent.flim26-1.fna.fbcdn.net/m1/v/t6/An_4ql2zRqlNZwxjzrTCGIkyBaTouht5PQgZpcyVNVV2tGPG2EkPjF-c0fH-3jLLM4G219rlsryQ0W95jhD6N1UqmJ3sImfCc1EnzIg9iaNMG7TA-iuDFx8i2htxhTqD79Is00BR76geNoz-c2q_-wY?stp=s1024x512&edm=AOnQwmMEAAAA&_nc_gid=LK8tVUOa_KpP-2dq0rnHAw&_nc_oc=AdrzZJftRKGljK55E587_YdG2iJECFHh7M5ng_ZkZdUQKOA8WwAcBX-1hc_ezZncTL0&ccb=10-5&oh=00_AQJypPuUG2pk2P2mgNJJKuJGLClH1f7GF1cb53pGSt6xfA&oe=6AC93793&_nc_sid=201bca,spherical,GoPro,GoPro Max,True,0.873,461
1203721010313903,-77.046818666928,-12.09408372862,1670085953400,2022-12-03T16:45:53.400000Z,SAN ISIDRO,san_isidro_03,90,Hw3ZsIngWTofNtALkp0FcB,https://scontent.flim26-1.fna.fbcdn.net/m1/v/t6/An_PKgyI4YMLRkIJKxSO8vi9UaaEFbLNBT-UuYaMph9VoOMJmwIFLY6zjf-IYNDtNyIkKaVGIaJ7OyWIFa7IZxw8mnfYaQDyI9886BEqMPBsw5NRJb7dcTPcjaeInaZhU9rDI1CxEi6kKiKhj1BIHw?stp=s1024x576&edm=AOnQwmMEAAAA&_nc_gid=LK8tVUOa_KpP-2dq0rnHAw&_nc_oc=Adrfh3-IXflT1UEFM1F7hXIGv0buy3o551YqIpgy4NQnEW9nrzUi84_HnvMes4vWiFA&ccb=10-5&oh=00_AQKo0Teh6sp0Y1P8x36MeNaxnZKkixHldt2jzqfEzfpWUg&oe=6AC958DB&_nc_sid=201bca,perspective,none,none,False,0.684,301
1212455662964814,-77.046800233227,-12.094209069826,1670085962600,2022-12-03T16:46:02.600000Z,SAN ISIDRO,san_isidro_03,270,Bj8wa3vhAuFDgsVS6LbXcN,https://scontent.flim26-1.fna.fbcdn.net/m1/v/t6/An-DLXTy7Q_YyxaM2ZHG5DatGwJrofT3yue1TlZquMc8x8JuNiiMDfUSjnr9CNK41ashVH_QN9lyMD7RUdgYLxZO8J0efDETGqXeP8lQ0jXDUNSmPWaK0zmj_-2evGSp_d6T2QeDu5C4MYM6CN8eAQ?stp=s1024x576&edm=AOnQwmMEAAAA&_nc_gid=LK8tVUOa_KpP-2dq0rnHAw&_nc_oc=Ado2tBHWWNyFoP7UUJ1JAwl2-ASIo-0UKyoBCsBofVa2XirFTTypi3vipz47WnOnWpY&ccb=10-5&oh=00_AQKSaZAvN4UIDIRQMvclzHO-sXnkGf-TktfCOXOH9piEdA&oe=6AC9354C&_nc_sid=201bca,perspective,none,none,False,0.693,156
1081008193549995,-77.046424762853,-12.094451868812,1727974186193,2024-10-03T16:49:46.193000Z,SAN ISIDRO,san_isidro_03,81.311447770394,Sud4mwZevyfMlPD18Wxo0a,https://scontent.flim26-1.fna.fbcdn.net/m1/v/t6/An-7a-AVVoO1BRkzkqlc7seQrVpGXkM4aDX1pYHqrxfTMiGj6Bl-RRM7Lirx0Nrb01BmIBXxjFclVVPVmHFtEmuiny8U3NRxZ_GzOZZfwqKYOuDBLCb9385XqQ808-x3p3KX4deBxUNTt3MSZ0KkGg?stp=s1024x576&edm=AOnQwmMEAAAA&_nc_gid=LK8tVUOa_KpP-2dq0rnHAw&_nc_oc=AdrPfoIFLFP8xipa36_b72AzcUOhrK60qOfyyc3MLQ2AIOzcsbk70m7oXs_yd2gJG4w&ccb=10-5&oh=00_AQImHc8JNldIecrf_OFlZEBu_DhwcYzRZnbCW2Mr2fmihg&oe=6AC94328&_nc_sid=201bca,perspective,none,none,False,0.653,64
1224411158792533,-77.046949565506,-12.094388111695,1728145313399,2024-10-05T16:21:53.399000Z,SAN ISIDRO,san_isidro_03,81.403034644466,7OAKbQDiXclm34ZeGJ86ou,https://scontent.flim26-1.fna.fbcdn.net/m1/v/t6/An_fOpf-8IACPLXsGQefqDuNRbSc7r5pXymwkkB5CNYRoME51D9k2Qi6u5tWjeq7RTF2mCB-e-JQJ8mNZ1OXAdg_6tDeXGMj5To8iAkXNuBXbfNisDB7pQ45qmCsEI23iPKjrYmhIJTJhX9nSrf-KRk?stp=s1024x576&edm=AOnQwmMEAAAA&_nc_gid=LK8tVUOa_KpP-2dq0rnHAw&_nc_oc=AdrevDWFTBDvzy9HXHDlPzP_oec41L7U_mxK5J-DUV_qbhaWxRHq6A94JvMOEht_5K8&ccb=10-5&oh=00_AQLUZgXufuUf0iHqNOUcFsMyrumQghBguhhyL2lMxErnMg&oe=6AC93FD7&_nc_sid=201bca,perspective,none,none,False,0.64,88
1147127515985865,-77.046796708376,-12.094208394413,1670085930400,2022-12-03T16:45:30.400000Z,SAN ISIDRO,san_isidro_03,172.16,Wa8DSxChyNZXHjkmK31rqb,https://scontent.flim26-1.fna.fbcdn.net/m1/v/t6/An9jvd4Cm0PmlUfogYFhrlNH4pkDxIlnTzqI2XIr2Tk44G5rGqzdd1XRn6zKDfYEfMTz3HLtCksPlXYFzCRXXgkpAukC1sOycAx9IJte6DYdhDJOhnuneg15TABQGyKIBd4t2RW0Jm65ZsgvlrVw8aw?stp=s1024x576&edm=AOnQwmMEAAAA&_nc_gid=LK8tVUOa_KpP-2dq0rnHAw&_nc_oc=AdoFjPDE3P-KI_VuNmI1_2yak-3Hqo0zTV5WG1Ma4Aohd3zPRIWeYtSUh-xhTeYXZPQ&ccb=10-5&oh=00_AQKUdY9UVXldAvep36ESWgXw-PHp8Qa8JkHc_hg5BGcyJQ&oe=6AC95663&_nc_sid=201bca,perspective,none,none,False,0.721,214
1225061878407160,-77.046818620142,-12.094083718291,1670085978200,2022-12-03T16:46:18.200000Z,SAN ISIDRO,san_isidro_03,90,Hw3ZsIngWTofNtALkp0FcB,https://scontent.flim26-1.fna.fbcdn.net/m1/v/t6/An8O6Pe520b8AYsJx6Lr57jiITGliW2aaYbU6wMwpuXvwUh_TM4jKD75-AKg66zF7xcP2wU2Xk6GRSPsPdL4uLcYA68yrxpEcqFgJ6GD6JIoe43vhq9EQyF4CwoogptD1AIq5oX0An3OvKDv8kDGSA?stp=s1024x576&edm=AOnQwmMEAAAA&_nc_gid=LK8tVUOa_KpP-2dq0rnHAw&_nc_oc=AdrymSotsAlg5jpiAl3qKNpSlD5uKDrrDucPsHzmm5TRymzlE2j-FLqJ7SBVTq8FpDw&ccb=10-5&oh=00_AQITxGxXAFtMtUhq4UWKlQlSZ0xsoUNHBQPgCnYAnvSEIA&oe=6AC9558E&_nc_sid=201bca,perspective,none,none,False,0.682,271
1206129010290182,-77.046930148151,-12.094049024693,1670085953200,2022-12-03T16:45:53.200000Z,SAN ISIDRO,san_isidro_03,0,ktnfVzqMwHF9SKBbOaGcDr,https://scontent.flim26-1.fna.fbcdn.net/m1/v/t6/An8ODkr8t_p4HEFkTjmjUupXdMo7_VXdpmlApQa_k1wf7-v0z5AX4S_c2Ajj59h_VMBbfDlNsWxZuqxYQ25JSCD-moWdHgiZOq8kHI6rC1ke--741WE1hxK_UVKFq8vvi3RolLjkJ67D5b8aPIqNEA?stp=s1024x576&edm=AOnQwmMEAAAA&_nc_gid=LK8tVUOa_KpP-2dq0rnHAw&_nc_oc=Adr06uMl633BUt2tP_WqAJ7L9bF3JuD078oQwrmYTs4Al-l57SvOL8KAzLsi3ExacrI&ccb=10-5&oh=00_AQIkwf2UP7okeJcc6JBaaNuy08zAAgc-w61LQoncUz3sqQ&oe=6AC9367E&_nc_sid=201bca,perspective,none,none,False,0.637,216
1212104206358563,-77.046814654504,-12.094121020542,1670067959000,2022-12-03T11:45:59Z,SAN ISIDRO,san_isidro_03,77.638817776362,FgRNmQOWr3ahGE7kAbHnpd,https://scontent.flim26-1.fna.fbcdn.net/m1/v/t6/An9uuA97KTXZHdFCrxkmlGquAV6IcTZfLOh6Cbtx4soCSSe6WzFTScSf6Fb6MzqIbBasodQvpL15E1dTYhZz5yUP7ApCW5IN-ZIT_9p1nyv2GXbQovoeHgcW1POpqH86elRlGsDaGB1OV3JiF7cr9g?stp=s1024x512&edm=AOnQwmMEAAAA&_nc_gid=LK8tVUOa_KpP-2dq0rnHAw&_nc_oc=Adqn0kJ6-QwX16VJPw2i0qRQNmSnaWm5zwVOL_bXb-j1WaGkRFcvFCwdw-X2EHv1EY8&ccb=10-5&oh=00_AQJljRujxPXoEslFn-aKWP4np0GTZ6DsyBgtsvFf1SsZCQ&oe=6AC94819&_nc_sid=201bca,spherical,GoPro,GoPro Max,True,0.909,345
1228940621050046,-77.046818397103,-12.094083704813,1670085938200,2022-12-03T16:45:38.200000Z,SAN ISIDRO,san_isidro_03,90,NIbl1yV2R5q8aMfHUWFLx4,https://scontent.flim26-1.fna.fbcdn.net/m1/v/t6/An_6OGWeRJWRX4N0VZeOEY-KueB0enu--yEpTUaTqNHHy8Byju2doVn86VIEMfcAh5x3emWkNUWGOHfbXbA0WB2o5fJibEw56mVtamfIfhKw3GwKi4KKct7YOJyRcpXJkx86ntESqUv0DViBPQAT408?stp=s1024x576&edm=AOnQwmMEAAAA&_nc_gid=LK8tVUOa_KpP-2dq0rnHAw&_nc_oc=Adoabc4jUSvyrzHHjpafwtIP2DSnZtqmFJlXtL1meMd9ZUFiXWM4UklWfI9lW96-xqk&ccb=10-5&oh=00_AQKJUvnWBZa7V-DEMKjmN4fN85aTElTa3oG4E7p45dLbNw&oe=6AC9344E&_nc_sid=201bca,perspective,none,none,False,0.684,285
1232731407644134,-77.0468187079,-12.094083692674,1670085946800,2022-12-03T16:45:46.800000Z,SAN ISIDRO,san_isidro_03,90,NIbl1yV2R5q8aMfHUWFLx4,https://scontent.flim26-1.fna.fbcdn.net/m1/v/t6/An8Z6Df_rr4qDV0B2UGk7F3-du0iW_1sl0X3j4nxmoIgvn-hpRpGev5VjQTM1Crz1wcx0DwpW8YlwaEaTsZGIrhwwnBZxd1_MqaPgQLJJmf_ZGWJsh-BD1srAiCMQw_LCddn0biSikNMsqzDv7Rf8A?stp=s1024x576&edm=AOnQwmMEAAAA&_nc_gid=LK8tVUOa_KpP-2dq0rnHAw&_nc_oc=AdoorKM9AxK6_IIvEeATMRFuEedtVkKWoO3Ah_Jt1sfpCqTr0DRA1WpXUCbSpW6M5FM&ccb=10-5&oh=00_AQJtyR9zIsDHZ0PWwBdk8T9EYIVRR2VN6hQkrXMGDkXQZA&oe=6AC95DD9&_nc_sid=201bca,perspective,none,none,False,0.685,318
1210397696539947,-77.046818671366,-12.094083730271,1670085953800,2022-12-03T16:45:53.800000Z,SAN ISIDRO,san_isidro_03,90,Hw3ZsIngWTofNtALkp0FcB,https://scontent.flim26-1.fna.fbcdn.net/m1/v/t6/An9q0wnKzdSP13hca9lGEVJa4dDv1V3xmYHkME_T2OeOMaPOwSEY_Of4j0i4iV5ox7JGfbW8oIQGrtfooY_tRXskq1yqWMJd5maWxKwKZhi7CzWT7nsXqRTs1svCJbnOI_o1l1n0nizbdBBVXt8Z1Q?stp=s1024x576&edm=AOnQwmMEAAAA&_nc_gid=LK8tVUOa_KpP-2dq0rnHAw&_nc_oc=AdofLzWSn4Gl18ORSet47keega7xQ8TBfZM-6T2o5--ThsbJsthWelU2o1Xd-DzxvtY&ccb=10-5&oh=00_AQIOnMkoikamK87DAmUSGQcAfBqPFkt-GDdJmfnpQUxkIA&oe=6AC963C1&_nc_sid=201bca,perspective,none,none,False,0.683,300
1233021331284999,-77.046012967699,-12.094206897805,1727970613990,2024-10-03T15:50:13.990000Z,SAN ISIDRO,san_isidro_03,261.55247158292,qMvLAQgiBb2uUhDEspc4TO,https://scontent.flim26-1.fna.fbcdn.net/m1/v/t6/An82k8LRITwtdBpExxWVHPR-NSF4fxTje_Zx_kUxU1IvytBKYHIyogkObHjsS7BMYydwD3RH0zj5GO0uS2zowxh2RvDtjMGF-4vyi9TiQEQNz0ge_CApefTuXzfHYvW2OyLfiLbKiFSgMs9V8GFc7A?stp=s1024x576&edm=AOnQwmMEAAAA&_nc_gid=LK8tVUOa_KpP-2dq0rnHAw&_nc_oc=AdoMcBB1gYZNQw6lKcIMemfwdKM46HYx2EKXzZm77CwqM2MH4ukUqx2xAgkrGvAqzC8&ccb=10-5&oh=00_AQIOS-dNqskaoBfgGPctc0J7BvS0IeHG_g5VcuJw3KaORA&oe=6AC94BC8&_nc_sid=201bca,perspective,none,none,False,0.649,332
124169393719024,-77.046818605953,-12.094083709437,1670085965600,2022-12-03T16:46:05.600000Z,SAN ISIDRO,san_isidro_03,208.77,Hw3ZsIngWTofNtALkp0FcB,https://scontent.flim26-1.fna.fbcdn.net/m1/v/t6/An9KOOnmz-8jVmjd7KXS1RRFlWjrsmDOCdRbGH1M38V2RVkf00qVri5_AGrdPm4zwpIJXCiAiA-1CPrQVyBf5fj3oIfII3fXtBbh7COcgJRmth2WxvVgs3pTJ9iGcCR7hvXjOvpluvAhRwuSj-H-Fg?stp=s1024x576&edm=AOnQwmMEAAAA&_nc_gid=LK8tVUOa_KpP-2dq0rnHAw&_nc_oc=AdrlHGedkA5CWv5p1rWcyLy4FYuEGZcNWaR3SEL88J7RJGUAKPw1WXkBoqeRqVOrqRM&ccb=10-5&oh=00_AQKEXXR3yMg2kRBNWTtsHbWa24DpFIWf1XeIoOxduxvVZQ&oe=6AC9517E&_nc_sid=201bca,perspective,none,none,False,0.686,292
124147553725492,-77.046800340263,-12.09420941579,1670085975200,2022-12-03T16:46:15.200000Z,SAN ISIDRO,san_isidro_03,270,Bj8wa3vhAuFDgsVS6LbXcN,https://scontent.flim26-1.fna.fbcdn.net/m1/v/t6/An87zYjQnYwheukAZVvp4NEz_0U67MQlmhExbOcGF_G6kPRQMfcuZpzz8mymnxu27lCZr4TNJhmtI_0DPHQ9Z63Viz6Vtw3f1z6wS8m-JaRAg3jBeaY8s-A1EJhPOPaEWHk8QN-ljP2IRDqnCCbxqlU?stp=s1024x576&edm=AOnQwmMEAAAA&_nc_gid=LK8tVUOa_KpP-2dq0rnHAw&_nc_oc=AdoHGFcMSFCXnYs5PFxYph9lDmsmP8h8Vywe0OA03UjvPjUEQLGiogkpRqme9Sk5Mg0&ccb=10-5&oh=00_AQIioCCSlexno-2VIDhr8C74cQ4CVIXPowVuKIDSWtA8fw&oe=6AC93139&_nc_sid=201bca,perspective,none,none,False,0.707,182
1124801864868208,-77.046684297417,-12.094079707391,1670085927000,2022-12-03T16:45:27Z,SAN ISIDRO,san_isidro_03,349.76,NIbl1yV2R5q8aMfHUWFLx4,https://scontent.flim26-1.fna.fbcdn.net/m1/v/t6/An8lgex7e_bakYi9oXbOCwY_TfJXw9_gyHqFbyZnAkZ6vjEBHR0BUCnOPQYPGCsMJvF5IoYBLyMWKMqRmEv2ZSNXkl6fmeAyiLZnqv0KAtYitKjJdFFqFYo7whDlZoSITsP12uGhy9qM0Eg75nNa2A?stp=s1024x576&edm=AOnQwmMEAAAA&_nc_gid=LK8tVUOa_KpP-2dq0rnHAw&_nc_oc=Adr-Diuryz3960Pj8dWw-1BaVYv5pnowcukgJulr4RJDJ9QS4l82dz8h_Bf3oLam-b4&ccb=10-5&oh=00_AQKBtK3DTyYdqQV6ItM5urraiwrY8qj33KrrgAcTDnyOyg&oe=6AC9386A&_nc_sid=201bca,perspective,none,none,False,0.638,167
1137509627735859,-77.046395060987,-12.09403208508,1728145317197,2024-10-05T16:21:57.197000Z,SAN ISIDRO,san_isidro_03,81.936760159084,OlA1B7NRUwHeVopJuZTn9X,https://scontent.flim26-1.fna.fbcdn.net/m1/v/t6/An8ApNDTnW6NAXJWZzg-p9sR7Nq_E22CtZRRzj4CajJ7FtuLv5UGl6oZlJxQ-pn75bIBe9Z15w4ziZ7v0tmY6Rvp6LioKmjVtdrmilVGkiF7MglzDCy7QLrxhjbhvqV9qFjcKqZFsIsONK6sy4YBKOI?stp=s1024x576&edm=AOnQwmMEAAAA&_nc_gid=LK8tVUOa_KpP-2dq0rnHAw&_nc_oc=AdqT9O5xS8mo39xY1I0pgNjpRoSctA5_v_pTMOt2p6qHo-02S9YZGjKuSZl1R5UJUkI&ccb=10-5&oh=00_AQLgeQXm4WeysBiHAg2esetRm32VmtJ6jV8h65PxGX48uw&oe=6AC940B8&_nc_sid=201bca,perspective,none,none,False,0.679,391
1192310115181207,-77.046532973804,-12.093947334999,1727970612595,2024-10-03T15:50:12.595000Z,SAN ISIDRO,san_isidro_03,259.77749183586,SGM7o2BIquCc4mTL0DgWab,https://scontent.flim26-1.fna.fbcdn.net/m1/v/t6/An8HrK2wafjypLo-KR33ulc-GmRkvZhbNPvuCu_KtE-04Oc1Y617tR6gQtRGBAPRDLfrweHAGLzBDz2MTyLEFGsHGxuU34jRib7nm_wUJG7w_N5Mkvw78_FMBUNjba4ujatKFD8aB3Zk-gfgztcEVg?stp=s1024x576&edm=AOnQwmMEAAAA&_nc_gid=LK8tVUOa_KpP-2dq0rnHAw&_nc_oc=AdoI9j7TmAngzlIxqZcPPM8aUDi1E-3_Zyb8jCcl465uD_0Hy8jmGQoy-2niK1XGHMQ&ccb=10-5&oh=00_AQJKhM1-dDy0MD7T3S4j2VdyFhO69btnXN4qrWdUcleLuQ&oe=6AC93E77&_nc_sid=201bca,perspective,none,none,False,0.58,119
1239865613286354,-77.046814702546,-12.094121029496,1670067985000,2022-12-03T11:46:25Z,SAN ISIDRO,san_isidro_03,82.71472151934,qz1RyGg54sKFhL3YaVDOp9,https://scontent.flim26-1.fna.fbcdn.net/m1/v/t6/An956Mb4XmHqgaB0HUM8Re_SeLGcFU9eaPjMerCqlZCOBN2D6gUE7-eehdT7VMiQ7BxNxm7UTkVDr3b26CPdcgUjfdDMB4UrxR_criZs7F5JG5kqVrte8IAVPsEmiJUVOoBRqmf9Ee5dv4hMJlpwVw?stp=s1024x512&edm=AOnQwmMEAAAA&_nc_gid=LK8tVUOa_KpP-2dq0rnHAw&_nc_oc=Adr6rg8yZ0-SZelnvFXgV8AYrTy9YX_DhyP7Lp5qRpQlB_owzW7pB6Tcy6QHGLW_Ci0&ccb=10-5&oh=00_AQLOQA5FtjjhEwUKQRtDP3UXo2jqpc64O52AKbslhzUvpA&oe=6AC9516C&_nc_sid=201bca,spherical,GoPro,GoPro Max,True,0.906,316
1126256652426079,-77.047009686157,-12.09426137105,1727974180193,2024-10-03T16:49:40.193000Z,SAN ISIDRO,san_isidro_03,81.596867815104,G9leU7PJdnrmtyVE1aZvh3,https://scontent.flim26-1.fna.fbcdn.net/m1/v/t6/An8tB7oZt5s2YkrRDsk5vrYGhqQlfjBxKdbg7zLq8vwv5JSnmiXRrQAz0LZ-1lG7lJORv87L2U7aUdogE0y-2JrzLaMFEszssgeC_A8VQ8B9jgx_6KMZ30A39xGzXKdP9Mr7w7vqEqN5QIp0759dGA?stp=s1024x576&edm=AOnQwmMEAAAA&_nc_gid=LK8tVUOa_KpP-2dq0rnHAw&_nc_oc=AdqMLpsI2CKAst6SiLnersUtIMYKKY_B7sZlzFStO9F0mRFT4B9HtUiYgYoRe9GVb7c&ccb=10-5&oh=00_AQLm0oeRqgl5zNmodYVRtmT-5kVl4YsMLdv_RUp3dCqSfA&oe=6AC95221&_nc_sid=201bca,perspective,none,none,False,0.688,512
1198311767939304,-77.0468073395,-12.094397098923,1728145314599,2024-10-05T16:21:54.599000Z,SAN ISIDRO,san_isidro_03,80.560518779637,7OAKbQDiXclm34ZeGJ86ou,https://scontent.flim26-1.fna.fbcdn.net/m1/v/t6/An-f1IQtZLJOKiAOLyIBK_BCeMB6pVSZ1xowI9f-KvRcV8ouEKTCkJVmD5zRTlMzxVyGXnBtQDUDisPlEZpdKehHYjL5kktTA7JEWdoEWeTSar8D__OahPFVXyNwbC0d-v3e7KDXyGKovu6-vNyPC3Y?stp=s1024x576&edm=AOnQwmMEAAAA&_nc_gid=LK8tVUOa_KpP-2dq0rnHAw&_nc_oc=AdrNgpUNJYmoyKjgDpfWeaVrzFhrVMyusMO8FjK5ydY6biUDAqJa3vsmNpy4g5JGOec&ccb=10-5&oh=00_AQInhWwYwydxp-lFwVvLfgMJPTbYyAR8DkijLD4lo1CrFg&oe=6AC93495&_nc_sid=201bca,perspective,none,none,False,0.698,33
1219846719297576,-77.046731675543,-12.094280363875,1728145315591,2024-10-05T16:21:55.591000Z,SAN ISIDRO,san_isidro_03,80.837008695109,SlJi1W7yfR4Qd5zjZaLPBH,https://scontent.flim26-1.fna.fbcdn.net/m1/v/t6/An8Nstt7oS0UvDL5QI3yFYSkBoJozejFIr3qGlkQpPs__UjPXIU9tpTbundC5dJMQomsAp6yHmy70V4d9TyHc1mpvw4bS9eV6XTcTw5ufv9CD0l0si0gmZ190aZT8U7MfMM54QsOwiRxfKzF2NsX_g?stp=s1024x576&edm=AOnQwmMEAAAA&_nc_gid=LK8tVUOa_KpP-2dq0rnHAw&_nc_oc=Adp5z9iB6h6uIA1lVpQAqFJRDpiLehsJUu_z8zlEarzrwnIeDx4_r5-_wIPdLqutBqQ&ccb=10-5&oh=00_AQLI6nDdd9V33J_asiWGHAcvtK8ldNURwgxw_m9KTSnGNQ&oe=6AC95192&_nc_sid=201bca,perspective,none,none,False,0.671,283
1205533786770942,-77.046800203801,-12.094209128778,1670085969000,2022-12-03T16:46:09Z,SAN ISIDRO,san_isidro_03,270,Bj8wa3vhAuFDgsVS6LbXcN,https://scontent.flim26-1.fna.fbcdn.net/m1/v/t6/An85UkAmFLXdD9aZyI8RfzC5SOkJLWywttD-5zapqaZxGBkUkOgDFjimVy18lBQ3a-AB03C7wTV6Q9fiOPnxwx_eh8l2J3te-nuuozKQzjtG02sKpJAJ-txx9MtR6LBZIv2DvAA5CxoydGaE_41EN48?stp=s1024x576&edm=AOnQwmMEAAAA&_nc_gid=LK8tVUOa_KpP-2dq0rnHAw&_nc_oc=AdoNnyMynU4hwGztSU7n4jWmP2Pw2q89WKXHqXwzFMMZ39qB0Cz_tYkJsxT_Eh4ETPg&ccb=10-5&oh=00_AQJKsGa-hUjTz1jKw6TjDLxy1XtGhjUCl9kV4SRmcYCy0Q&oe=6AC961B7&_nc_sid=201bca,perspective,none,none,False,0.705,176
1142702222978157,-77.046800178917,-12.094209208772,1670085967600,2022-12-03T16:46:07.600000Z,SAN ISIDRO,san_isidro_03,270,Bj8wa3vhAuFDgsVS6LbXcN,https://scontent.flim26-1.fna.fbcdn.net/m1/v/t6/An_A7aykzCYOKgt1C3h2cRmoEXACMYh2BBnFw_7Yu0TtVRME1SkMH5pyImM9wPNWQpwOHA2EZ-wswtvptw2uWFd3x_ONXpaENyMsZ1dU0WohKFrs2BR0bUj6S0yWYjC5Wk8Srwfg9hDIy2D4Pa_qp-Y?stp=s1024x576&edm=AOnQwmMEAAAA&_nc_gid=LK8tVUOa_KpP-2dq0rnHAw&_nc_oc=AdqYw7mJTIpVA3Akyn9sCnuoRi_S1OkvB_La201Y9jwLtOXiEzjOiYKkHfLp-jSSQbk&ccb=10-5&oh=00_AQLjucn3n8axMyxtlcF3s_lEEW0tWnpjCWd9jjx5CvS6Zg&oe=6AC95E3B&_nc_sid=201bca,perspective,none,none,False,0.711,165
1204502954112358,-77.047070408834,-12.094335321325,1728145311990,2024-10-05T16:21:51.990000Z,SAN ISIDRO,san_isidro_03,82.408514383252,SlJi1W7yfR4Qd5zjZaLPBH,https://scontent.flim26-1.fna.fbcdn.net/m1/v/t6/An_CtMzlK5gEz_buILiBKlKyKRPTC11z4XgdUJs4HsxtfF3cEKHw6WGiec2Xpxl9o8uVbMb4kB5ojm79sUA3Pa3MwT2dRfwjQyKIZga0IHDzm6Tfsbovr3aXOENszAlBpX-2-b-gLFywIUFWt8xi_Q?stp=s1024x576&edm=AOnQwmMEAAAA&_nc_gid=LK8tVUOa_KpP-2dq0rnHAw&_nc_oc=AdpV35J0gTvxDyzWVNNALLCwiNuomAHoxH8yGat4kRyksC0EKt3DU1nk_MOltvEb-8M&ccb=10-5&oh=00_AQJ1HN0AVBNmCYYzVo740PXXgzXT5w1xE3x8AJDvkXrnQQ&oe=6AC93E5F&_nc_sid=201bca,perspective,none,none,False,0.629,256
1093894809111280,-77.046933974215,-12.094215499494,1728145311196,2024-10-05T16:21:51.196000Z,SAN ISIDRO,san_isidro_03,81.812133584406,OlA1B7NRUwHeVopJuZTn9X,https://scontent.flim26-1.fna.fbcdn.net/m1/v/t6/An-y7W83b7QmmtcPRWqmue54L-4ebPrbWOZNLF0kuxO8oDL_WRnzb26X-LVJKoo7Q752DhxzhJf2VlzbzSr8l-Owo8US9pE321hJbtDm1C3hGqjH6SaoyizcRGjk4elK-7nWPFEUWTXP-wL4YJgta-w?stp=s1024x576&edm=AOnQwmMEAAAA&_nc_gid=LK8tVUOa_KpP-2dq0rnHAw&_nc_oc=AdqjQ99J5SCeQsP7wp_uiQWAilQMuRtol-z1KWkY-V1bjjO1mfDopT1Z5HBsn9KTtmQ&ccb=10-5&oh=00_AQIpK2t3TdGFGShLrl1FYFeUfaSyXBEuBQ4bzd9Vk6jakA&oe=6AC93330&_nc_sid=201bca,perspective,none,none,False,0.671,344
1236806243923267,-77.046927,-12.094052,1670085974000,2022-12-03T16:46:14Z,SAN ISIDRO,san_isidro_03,0,ktnfVzqMwHF9SKBbOaGcDr,https://scontent.flim26-1.fna.fbcdn.net/m1/v/t6/An9Woz9Tivkq3Jic9fFaNRAkhUW7XEvS0-oe1C92iMbtDM8INbzM_cFU26OYiqbnZ7Gge0Eq2jS0zjg0cAsXeH0l1QqyLcSzdnRwLAzcFANGdta8YVFVJoa0KTPTnFmNTyw8GNg4zuljRnXCE8C0ZQ?stp=s1024x576&edm=AOnQwmMEAAAA&_nc_gid=LK8tVUOa_KpP-2dq0rnHAw&_nc_oc=Adrh3fGoSFds8vfJo2wFK0gzYOiLb-Bg-oBiPgOuN5Ua3xQb7B6cVe6QSodcXhWP77Y&ccb=10-5&oh=00_AQIX-5AilrTiCdJKOPFssBLQup-huIMXw5RVCdEJ6RRcLA&oe=6AC939B6&_nc_sid=201bca,perspective,none,none,False,0.644,264
1238495490209158,-77.046800364742,-12.094209038188,1670085942600,2022-12-03T16:45:42.600000Z,SAN ISIDRO,san_isidro_03,270,Wa8DSxChyNZXHjkmK31rqb,https://scontent.flim26-1.fna.fbcdn.net/m1/v/t6/An-MUFKtKV6UnveI_vCrhJb4P46Utrvw_q2apKmrn8mm1DY4Tzppytxn9dXSAYEkDYnn9Y05hbqRzheufBmlpim0BETZbZR7-J3ekkXK4kqTWME-2DQIVTbpkbkuhkeFgIc2kr0mspKtDSE2eS3lLA?stp=s1024x576&edm=AOnQwmMEAAAA&_nc_gid=LK8tVUOa_KpP-2dq0rnHAw&_nc_oc=Adr1g5Jf6HBis8TY8hfQ0K36e4lQ4WlEyeg4sSRxx1LqTPdhI5KYxwIFTvAcglvzda8&ccb=10-5&oh=00_AQK-KjuOkpFZBh81SxO2MI_LGDQWlZcywuEqXXEXfGUWFQ&oe=6AC951F2&_nc_sid=201bca,perspective,none,none,False,0.706,154
1234015471184167,-77.046907027164,-12.094070000963,1727970619796,2024-10-03T15:50:19.796000Z,SAN ISIDRO,san_isidro_03,260.67027072336,SGM7o2BIquCc4mTL0DgWab,https://scontent.flim26-1.fna.fbcdn.net/m1/v/t6/An_TvOuUfG0tp0Xejrrhb_qn4dCQA7isYyoG0vzuVN4MAH8eOqAX9C-JzVZpxIsx1-pWKtR2xwfac7hKMEOavI4r8NyUxN8ef9FvE93yhL3zIjg1faGfbdVDItbRFXf5CpKg_nGqGjXlYRLci1EbKzQ?stp=s1024x576&edm=AOnQwmMEAAAA&_nc_gid=LK8tVUOa_KpP-2dq0rnHAw&_nc_oc=Adp6Si59hHxvMoUiNA7zjKZcXi01ah6wFY59oGh_z5oWSgsEtsr5ck673DH_OlxfDjE&ccb=10-5&oh=00_AQLoDfiMytYlmag_0nG2qB2PWYnG0AmROZG8_PQ3Wx-mMw&oe=6AC94D11&_nc_sid=201bca,perspective,none,none,False,0.693,258
1230982531284244,-77.046475103477,-12.094373766999,1727974185793,2024-10-03T16:49:45.793000Z,SAN ISIDRO,san_isidro_03,84.889705230762,Sud4mwZevyfMlPD18Wxo0a,https://scontent.flim26-1.fna.fbcdn.net/m1/v/t6/An9OIPAIJeyr6TiNWS2QNjZQuZ4qjOhWsDjXwDBEhwu-X5IqBxOH0PscscpHj73eegiIC-8Wqh0u8sITQlH8tyLU5359rL_xxACgLGLsH6Tto0U_fnYIe7knHSGpLeM7z87JYEsxxwbkjToMJpf-Rg?stp=s1024x576&edm=AOnQwmMEAAAA&_nc_gid=LK8tVUOa_KpP-2dq0rnHAw&_nc_oc=AdoWtz2bADsF966qJaRE9kOq-w-xyyMLT2fU6e4kStY8ad4yljRBGgebjHI3EF8cFdI&ccb=10-5&oh=00_AQL2KFqEpRFhzDnBiVeOu-J2h4N1_JGTvmZjm6L7-5yYzg&oe=6AC94DB6&_nc_sid=201bca,perspective,none,none,False,0.647,55
1236549117289752,-77.046818654872,-12.094083731598,1670085985800,2022-12-03T16:46:25.800000Z,SAN ISIDRO,san_isidro_03,90,Hw3ZsIngWTofNtALkp0FcB,https://scontent.flim26-1.fna.fbcdn.net/m1/v/t6/An_gmsIqoyIqrO4vSrrWIIQ0RQUvSTftUAq_llOiuZck76jX7q5uRl3DqVy79uT9PfLvhX6XX67pdhad43cQ-zW57FaurUtSdu0xhUY3zFkMEEf87GxrK5BVtNlXxNqcHIPimCsKwRuwBDUPYaoD5xY?stp=s1024x576&edm=AOnQwmMEAAAA&_nc_gid=LK8tVUOa_KpP-2dq0rnHAw&_nc_oc=AdpiZr-1K988V9pr0uQ10Q8385m6cCbs3wNZ5lnX7ZlxWNYf2MHWEhj3wf-n_mBKRcA&ccb=10-5&oh=00_AQL9s74BNb2-_TkPdqMRnQ4nCgP89wWDpU2q3BSt1g_R-g&oe=6AC955A6&_nc_sid=201bca,perspective,none,none,False,0.684,274
1214955079715712,-77.046336387016,-12.094127981672,1727974187394,2024-10-03T16:49:47.394000Z,SAN ISIDRO,san_isidro_03,81.943316964305,G9leU7PJdnrmtyVE1aZvh3,https://scontent.flim26-1.fna.fbcdn.net/m1/v/t6/An--i7eYMIl7aIEWRxSX82uJ2BHtCbCd4DATmnWJecSQiI2gSn4ZdGd1oQwGKaSjljfbMO4_zD7GZcvVKE-CXb_SvTxP8za_AWsGH49Xz7rh-jwQtasEMMlLZ8Sl8JSQVxrZ_jpgHVDoVpN9YjyeEQ?stp=s1024x576&edm=AOnQwmMEAAAA&_nc_gid=LK8tVUOa_KpP-2dq0rnHAw&_nc_oc=AdqW7rbuSfV6PKyUA9N34qTuCkRnZaPLUs87tLZ7C5-zPi1H9swWfx8nPZO41IaBrPM&ccb=10-5&oh=00_AQKx-djbAO7IW6hFFF9ky77ccLSFR5u4und_D6X9pXumqQ&oe=6AC952CA&_nc_sid=201bca,perspective,none,none,False,0.696,408
1123930861612849,-77.046588429318,-12.094088051214,1670062795000,2022-12-03T10:19:55Z,SAN ISIDRO,san_isidro_03,263.21365257207,Navq7ZODsAC0lRYWc4rQBX,https://scontent.flim26-1.fna.fbcdn.net/m1/v/t6/An8orPmEDAZcDR17x9ZbzfPyyscc-5XkXCyLr47M6jqefT_dPmFCP4ei9GryfQVkw4pRwbfmUSNoglY7b713VGmMtI_h7IDEkIKfPH-9OkCGlODhqy__BghDr_PUiQm3e2I-pzb8M-4wXVILVVkFEDg?stp=s1024x512&edm=AOnQwmMEAAAA&_nc_gid=LK8tVUOa_KpP-2dq0rnHAw&_nc_oc=AdpvWecZ--x9jHWqqFS2q_5YTBGYzXwhm7J3OAWj6j8m8dVoTiCay8_NdSVu3xdhlz0&ccb=10-5&oh=00_AQIHRVxZw7FzswMy_Nwau2qF6uA7cUBIruT7G_TO5ktsWg&oe=6AC963A7&_nc_sid=201bca,spherical,GoPro,GoPro Max,True,0.888,505
1049340190004830,-77.04445850615,-12.093927742831,1728146402396,2024-10-05T16:40:02.396000Z,SAN ISIDRO,san_isidro_03,82.274752655325,5yGvtlFNc7JwgV192DLdon,https://scontent.flim26-1.fna.fbcdn.net/m1/v/t6/An_qQsk3f6xFLyBUBSQgF4KqyuONqnGRFDb358y15PxbevEKVoQP0NIvI7BplqwBgsQvkYK_EjyYECIlMV6y4YrrTHx0ac-3EPUnROMkHhP9j0cbsl9VTKxcjf1FWNQEiUK7ZEFFTwzq2qLPElBl3Q?stp=s1024x576&edm=AOnQwmMEAAAA&_nc_gid=d18fnaVPjbNLBanV0hJtPw&_nc_oc=AdodD1fIN2SMRfHNc03Qe7ChOTXtsyWwskFNGPo_RI0_WA0yXFI6cHpNeGC--PCxtpw&ccb=10-5&oh=00_AQLrqrZJ0-VO7v4tS2PvOaNF_1EmzGX38UheRUcWSWD-Rg&oe=6AC9632B&_nc_sid=201bca,perspective,none,none,False,0.699,275
1067876414886638,-77.04480435241,-12.094013878487,1728146398796,2024-10-05T16:39:58.796000Z,SAN ISIDRO,san_isidro_03,81.910300997185,xuNZh0T7CovDy3iHqfWKmR,https://scontent.flim26-1.fna.fbcdn.net/m1/v/t6/An_JTXlCql__Yjg11uOLyWz9Bg6QifXDTpjl3HHPSrwYiSzG-Irbksc_hwe7pyeys10d5lMAbvSy7UexYE_aiYEy5px2E55glU9d8OrmhuyfaJAZRpDeZTKe5hl4-3C4RcMd1DSAybzGNq_P5hKAjV0?stp=s1024x576&edm=AOnQwmMEAAAA&_nc_gid=d18fnaVPjbNLBanV0hJtPw&_nc_oc=AdqeyuWlwsYX-LTZ31PXwRRVz6kYLCr7sHgoR9PMq9qLy8YRk_trqpS2bDlJl2_9S3c&ccb=10-5&oh=00_AQJaXqsFOTgBj_vHdSwyZoa0IcdKYXWqQU0RGpK2sPPS3Q&oe=6AC9469D&_nc_sid=201bca,perspective,none,none,False,0.576,180
1075078297443435,-77.044747612738,-12.093994581493,1728146399597,2024-10-05T16:39:59.597000Z,SAN ISIDRO,san_isidro_03,78.706340975436,xuNZh0T7CovDy3iHqfWKmR,https://scontent.flim26-1.fna.fbcdn.net/m1/v/t6/An9Ek446Me_2mqf0xZfL51ngUMD136twHCeLc9zT_0GyOHq6StHJxcE9p_Ba-FH0TP2WozTtxNO2ICe-2y_s5-7FL3bGYe2i6hMxpgldJz7kPksPZc3QovkdeVwO1I08YPLbOBJXuaRS4rG71yIXhA?stp=s1024x576&edm=AOnQwmMEAAAA&_nc_gid=d18fnaVPjbNLBanV0hJtPw&_nc_oc=AdouQTPLTuLzhUShbO91rUDk_1mUnlALEn--Afwrcm-9xOWOlgWUbYqF2H3HLB0Xqk4&ccb=10-5&oh=00_AQKriB-p3Q4NBdR2gXJ2CoNO877E20tdzAN_d8CQIpGrvg&oe=6AC9470C&_nc_sid=201bca,perspective,none,none,False,0.607,137
1067211848430005,-77.044744986169,-12.094032015269,1728145338392,2024-10-05T16:22:18.392000Z,SAN ISIDRO,san_isidro_03,77.832067465785,7AlOrHUhM9mTFXJqdgas5f,https://scontent.flim26-1.fna.fbcdn.net/m1/v/t6/An9X5stgIvThXB228tsRVQQ3UeGecswqfVmfERytkk9bXfyv6EkCgD6Z4bR_WysExwZj1kkrm9YaQjYpF2fb7mRMAoKBrjDOIPww5XSKeRI7W1RYgDtuIkClMp7XEBBw0cKk1Iz7viOhDUGPEjhkR2k?stp=s1024x576&edm=AOnQwmMEAAAA&_nc_gid=d18fnaVPjbNLBanV0hJtPw&_nc_oc=AdpNdTt9s0s9qoMHCLKolNgw8ravJrosQWUgzr5J64NUCi0P89E1HG6br9nsztjwjIM&ccb=10-5&oh=00_AQIvLxcMW4Rct5vW2J8pDYAVWnGYHbjASpOeeyM37tjjsQ&oe=6AC9308A&_nc_sid=201bca,perspective,none,none,False,0.547,59
1116976813365277,-77.044904678167,-12.093996285941,1732882121229,2024-11-29T12:08:41.229000Z,SAN ISIDRO,san_isidro_03,81.166321876237,mT2ywPOq6DQSXgUbW9vd4o,https://scontent.flim26-1.fna.fbcdn.net/m1/v/t6/An-duU5AoMZyUM6ZxWS6wLmEDKpfcjVopmmV4ASc8_gP4XJIKOiGlgduO52yb6UO8psY0A1tQS6gYUABtpRTu6FbSsi_D8DVMOuThK0hkujaEYyOmxvpE5A_IM9-tbVPTJrLuOmplXdhhP9TZzAFU-U?stp=s1024x768&edm=AOnQwmMEAAAA&_nc_gid=d18fnaVPjbNLBanV0hJtPw&_nc_oc=AdregdhDs5C-QqDRS9oxBHYZwXfTIeg18Hdc--F2D5tikmFlTcB01tXBXMxNHWAOVo8&ccb=10-5&oh=00_AQL24Rk-KCclZroLwxQkWGbPuzXnpbrz60AmgwZ2W1l2DA&oe=6AC93C96&_nc_sid=201bca,perspective,Apple,iPhone 13 Pro,False,0.374,168
1103641107771880,-77.0448336542,-12.0940473948,1727974203796,2024-10-03T16:50:03.796000Z,SAN ISIDRO,san_isidro_03,81.245163945635,Sud4mwZevyfMlPD18Wxo0a,https://scontent.flim26-1.fna.fbcdn.net/m1/v/t6/An-QPxglpwVqy3nPtYbPeAZYBpQCpXNvFeeFKs70VBq-dfZ6RAQ9fKRg93hxKgy3IBemtSDK97Ynf47SZR7uas4cm9Nx8hQUWq9xFsGjV4aYHTDp6aFY-6KssXKjQj0QbS7q-08O5Yo1pIfn7muKrU4?stp=s1024x576&edm=AOnQwmMEAAAA&_nc_gid=d18fnaVPjbNLBanV0hJtPw&_nc_oc=Adop5Rc06nz15kYgIOgAmr4xzwsr07afyObD0X7RDL7muhkSsrgb0NS_kcm6q8I4K58&ccb=10-5&oh=00_AQL5hcfJlQnNcxM3lY4mKdfnYwlD9uX_2j4N88IN81yvkg&oe=6AC95323&_nc_sid=201bca,perspective,none,none,False,0.573,163
1510020889715731,-77.044342510638,-12.093763693118,1727970591792,2024-10-03T15:49:51.792000Z,SAN ISIDRO,san_isidro_03,262.97559933069,kvP3HBEpX0ZTL9WrCmio78,https://scontent.flim26-1.fna.fbcdn.net/m1/v/t6/An-_gqMuF4mMCaetxa72lGdbXJlZwC54x9e8BT4DEyKwTF2Xec8vng48jQvMximFoe7BcfUMFhKko64Z2sr-j8h0jARu3V966AcMNsrEp-EGsRLZ54W3Cu_N_zMGxLvoZQ_bPh9zox1eK1Lzd0WESQ?stp=s1024x576&edm=AOnQwmMEAAAA&_nc_gid=d18fnaVPjbNLBanV0hJtPw&_nc_oc=AdqaM09DHlmnKW8lVpOpfMtbqRBWvX7BfUCFL3rPLgFQbb76jLHGfFZ_7O1UnjrGI_o&ccb=10-5&oh=00_AQLV2Gz7lap8FyIdEK67HWMcha5DvT_S6tkrf_slYLu27A&oe=6AC933BE&_nc_sid=201bca,perspective,none,none,False,0.655,256
1130425201843730,-77.044428491006,-12.093911873968,1727974208396,2024-10-03T16:50:08.396000Z,SAN ISIDRO,san_isidro_03,80.9784554446,P6bHBOemRrawM0WCo7gxU3,https://scontent.flim26-1.fna.fbcdn.net/m1/v/t6/An_6-q40JT3gmvIfC6s7Bz4hasG2uunsKsYajUo9mRLeaDQSO7FEBblNcyiCqtq8OALKzKB9hNI6zndFmLWRV1v28F-TC1K9NOVXt3L4sX22IvlPj11I4ZBNBClSpwT1cJbJLAn524gl0ubf_RR2jPQ?stp=s1024x576&edm=AOnQwmMEAAAA&_nc_gid=d18fnaVPjbNLBanV0hJtPw&_nc_oc=AdrDr_NKOweLCvoIDoArfKH9PRsUZCrH3935OI2J7nlHIgPWqw0_JjiyB97k7yrQby8&ccb=10-5&oh=00_AQKCq6xx2xiwHckAupdVfT34E5f6STjUP-PMbYFaRDreGQ&oe=6AC94E31&_nc_sid=201bca,perspective,none,none,False,0.683,292
1227972157811926,-77.045184749807,-12.093946365586,1670085907000,2022-12-03T16:45:07Z,SAN ISIDRO,san_isidro_03,173.42,Wa8DSxChyNZXHjkmK31rqb,https://scontent.flim26-1.fna.fbcdn.net/m1/v/t6/An-ytprrA1SYJILjOWFK1rsZbQCzc3yfMcVeJCZ6a3WP4Xg6Q2KJgTosv6E5pxXoFY8yKL7pBN7Ve_5-_92tosal_T9alU4HekKdQaCuQkC_PeJClAx2ia2NQwgPtiBkFuhg9eC-HfITV_Av0igarw?stp=s1024x576&edm=AOnQwmMEAAAA&_nc_gid=d18fnaVPjbNLBanV0hJtPw&_nc_oc=Adqz-BZ2Pr4ZF1jfP9OiiGaP_oGjtp2QWiIsC_mCNNx0FuwV2DkGvP_0FtRFrOPLiFM&ccb=10-5&oh=00_AQLnXRiwj1DRiPooBbWJnciSEu3JCNep3l-0Y3cC_yWNpQ&oe=6AC93030&_nc_sid=201bca,perspective,none,none,False,0.597,274
1274870663698950,-77.044848118973,-12.093948563296,1728219024993,2024-10-06T12:50:24.993000Z,SAN ISIDRO,san_isidro_03,261.19182164637,lYVv5p7X1fenSRJg3Mar4C,https://scontent.flim26-1.fna.fbcdn.net/m1/v/t6/An-oxo11FsF_vcg0CYxCA8ccB0_IR37jH9fBvl4dyj7xZKfqFkyWZX35aTwLqTaMFLBNS_sjWbaqascuz76xuxeSxNADWqDRKgaB-EH9sUZP6unrIVwkPSFI7GrfGN3eMY6C8nw1CW0i9685S_Z9nUg?stp=s1024x576&edm=AOnQwmMEAAAA&_nc_gid=d18fnaVPjbNLBanV0hJtPw&_nc_oc=AdrCt_1UBcUV0MkZygezScsHckAOswYYApbT9H10C3QaCJObWB2jwiUZUYDeEGqnUKo&ccb=10-5&oh=00_AQJu8hrhlijABPYke2Ze00EZMG-5M0K9o8sGCf1yBj78FQ&oe=6AC94C1A&_nc_sid=201bca,perspective,none,none,False,0.672,252
1268694890814316,-77.044722674088,-12.093834518724,1727970595393,2024-10-03T15:49:55.393000Z,SAN ISIDRO,san_isidro_03,264.71816072898,kvP3HBEpX0ZTL9WrCmio78,https://scontent.flim26-1.fna.fbcdn.net/m1/v/t6/An-oU0hXecUHzzY78nYfY5jvJdp4egwbiCG9twAKVaRzK1pHaLUcdBWD1cXBFy5ISnzyoXcQDvwI_reBYYviyxReFrkW5XNOFy0fd4seaBwylbzfN0VvMsCGi4J5XoxVOwzLDBOI3T384RLmKSQQDGc?stp=s1024x576&edm=AOnQwmMEAAAA&_nc_gid=d18fnaVPjbNLBanV0hJtPw&_nc_oc=AdrcLwZi3GJjWrqacfVIUdi2PLJeJ-6M5iCpAWNzNels2W2JBHDu7XwFBdVIx8yMBBw&ccb=10-5&oh=00_AQICQE4V0GMwJhct0E7IWHrvQgp5pCqvTaRzuobJUqFRkw&oe=6AC95990&_nc_sid=201bca,perspective,none,none,False,0.693,296
1280847023347403,-77.044190818198,-12.093747321097,1727970590192,2024-10-03T15:49:50.192000Z,SAN ISIDRO,san_isidro_03,266.74813584045,kvP3HBEpX0ZTL9WrCmio78,https://scontent.flim26-1.fna.fbcdn.net/m1/v/t6/An9-bk49fDVy8miCtnrCXmchNmrb6gnPxQQ7jMaB34WqgIX43D_BKldvgPAGkvQhRxcADt8hBqpab1AFIjWVQaidZvLqjpDgnR93GZOdYajC8szfYblo8qrBiKj39GpT_lCPaMRqUEfDnlLnmoEPOw?stp=s1024x576&edm=AOnQwmMEAAAA&_nc_gid=d18fnaVPjbNLBanV0hJtPw&_nc_oc=AdoH3pKjesBh79T2HArqXgMmCszSFgBjh2m1--Kwk3vFvgAn8C3B53W_UknJosZKyZU&ccb=10-5&oh=00_AQLbaJZ1gJxOnprZXHQUnCLZEzawq1KmLJ05MSvBtphMWg&oe=6AC94F02&_nc_sid=201bca,perspective,none,none,False,0.677,297
1300691174678958,-77.044425008979,-12.09377600517,1727970592592,2024-10-03T15:49:52.592000Z,SAN ISIDRO,san_isidro_03,263.69907706895,kvP3HBEpX0ZTL9WrCmio78,https://scontent.flim26-1.fna.fbcdn.net/m1/v/t6/An__taJp68II9hZ4T-w8VychOEjTOTaQU0wRmMy562dOx11FP1ldm2lyBB7JurFd3q_hPf3CwEXtBSUyJKOuiI6YXsXfiHiVaiG0DJKHyblHR_YYN5IcjwFQ1HbXmXr8JFmF4k0UnWePbIWj0VCkZQ?stp=s1024x576&edm=AOnQwmMEAAAA&_nc_gid=d18fnaVPjbNLBanV0hJtPw&_nc_oc=AdrmJHiy2D-6wQzFTqofgXLfd2zBbEw7nKOJgTjogZOw7x2GhNlLAbZU2-Rh31Wpwl0&ccb=10-5&oh=00_AQJPuJqF0W_q8IYzMI2IuIqFxw44XEiXJfNXQxAjC30uvA&oe=6AC93375&_nc_sid=201bca,perspective,none,none,False,0.669,288
1008520801036043,-77.044881961322,-12.094104831491,1728145556199,2024-10-05T16:25:56.199000Z,SAN ISIDRO,san_isidro_03,346.63106194678,4kogm0qlEbeLidKauvPBnU,https://scontent.flim26-1.fna.fbcdn.net/m1/v/t6/An9T2Syi0oM7SJBuzWzQb7P092c3HnW1LLVR46FhkXhSOb09_Lk7NWstWFQBVwA0Ww_eFPS2Y28RyOR0DXYXRkTYOxyeQuEG1OJ5RewCUooUPepfi9D-QWKA6SkmHB3I3SgliTuOu5UwA930IRaxYQ?stp=s1024x576&edm=AOnQwmMEAAAA&_nc_gid=d18fnaVPjbNLBanV0hJtPw&_nc_oc=AdofpRKhZJPPTiB8pZzmHWbHsoPxc2Crvs53Gmq33O-9cGCknQj0PzrFUW1y3IcjIIs&ccb=10-5&oh=00_AQJQuSB9lW9jt8YI6W46o2KqurJmj7fneUrrI-vnVp9nnA&oe=6AC95FB2&_nc_sid=201bca,perspective,none,none,False,0.635,321
1072176530755607,-77.044869435411,-12.093977563788,1728145564191,2024-10-05T16:26:04.191000Z,SAN ISIDRO,san_isidro_03,61.262252467514,G1SbueUlH60Co2xQWyZBTE,https://scontent.flim26-1.fna.fbcdn.net/m1/v/t6/An8Wiq8c74PYZ3-T2DrSiWofOxiEWqu2a_NbJBfoIFKwG3wEpra0ysov9vXrcMu8sLM6DTxgIaVnqDAwh0jAYnVZYxxAEyzNyjBxMxV2JqvbruoQg3Y2HcJ2Q4UohNqYZV_Z1yLbFEGwgtTGa0Uj5Rw?stp=s1024x576&edm=AOnQwmMEAAAA&_nc_gid=d18fnaVPjbNLBanV0hJtPw&_nc_oc=AdqoKMQBdQ4jka4FzhYLzbowUtxdZOaPdzmsHAo7l-3YREnJavd_cKrXFRYayL9eBdQ&ccb=10-5&oh=00_AQKhkO22h-N1dPX3tpwaVYi-uHPLTy_BaDgHilf1v7276Q&oe=6AC95278&_nc_sid=201bca,perspective,none,none,False,0.623,232
1071008634727555,-77.044574165875,-12.093994055574,1728145340793,2024-10-05T16:22:20.793000Z,SAN ISIDRO,san_isidro_03,81.377046927464,7AlOrHUhM9mTFXJqdgas5f,https://scontent.flim26-1.fna.fbcdn.net/m1/v/t6/An8KHNb6h6Lv4mENCvqIjGB6XWDVNB5UbzjoQ7x2vAdEy6xE8YS4W0PUCGb5Wn29mAitOPEus5oVyA8gX2HlycUd0c6DsaTzocE72lnQ7J7sUxvJ1ehDaxsVapGbtDcqA4GqbKnYfk1elYghlBUwmCI?stp=s1024x576&edm=AOnQwmMEAAAA&_nc_gid=d18fnaVPjbNLBanV0hJtPw&_nc_oc=Adp0tWzOK-1PR8RNyS2CU9Ittpk-y4N3v3Jarl6Skro3j148b0TakTVhw11XOOfuoB4&ccb=10-5&oh=00_AQLu0lucq95ZazEK2OOwTkQaMR8vZXeFXi_sb1tzA450Cw&oe=6AC9472D&_nc_sid=201bca,perspective,none,none,False,0.559,100
1057618929160365,-77.044748274347,-12.093992479704,1728145564598,2024-10-05T16:26:04.598000Z,SAN ISIDRO,san_isidro_03,71.137460957424,UbTqcvk6X7ehnF8uQRxoga,https://scontent.flim26-1.fna.fbcdn.net/m1/v/t6/An_TJ-EDQabiUGgc-jAlt9z_b753tfdo5s5ShC_CMkBaGoSvzw8eas7yaC0bIw9zD57VjUFbPrtidvjHdl8iZ2RpAdczR03oJp6ksBvm7w18rOBoue52MI9i69ugcOk3NTR9hGOq9PSiHVJdNmlVVYg?stp=s1024x576&edm=AOnQwmMEAAAA&_nc_gid=d18fnaVPjbNLBanV0hJtPw&_nc_oc=AdraHI7BFEE4ffINGgBVx0YRk7NysHcDlx0P4I42eLZ4UXQhWSc6XSBCbm95zrqjBsE&ccb=10-5&oh=00_AQLXgjtVbLRsKGT7OCNcWxx_2Ea52bQKC5yNZq6gHIFcXA&oe=6AC93175&_nc_sid=201bca,perspective,none,none,False,0.682,316
1053723763160476,-77.044517340736,-12.093982724929,1728145341593,2024-10-05T16:22:21.593000Z,SAN ISIDRO,san_isidro_03,80.556190829064,7AlOrHUhM9mTFXJqdgas5f,https://scontent.flim26-1.fna.fbcdn.net/m1/v/t6/An-2jJyThzavieiBRiqVjTbqnHwCREzoOKe2QCcRXTxx79YQnB4Bpfs4nmWmsUsMclqxyaj2EbgbD3BPiXjuGLUNgJnjdCqD8znGaI4POwfJQ4QFjoiRXZ_vQ8wL1Z650aiT83Edp29aLRUSYUgLXXU?stp=s1024x576&edm=AOnQwmMEAAAA&_nc_gid=d18fnaVPjbNLBanV0hJtPw&_nc_oc=Adq8TUzXwPCpmcFuepfyZEefL7aLB2Gvt2mKnhXshstjk7298OXphKsdFSTXwPwqguo&ccb=10-5&oh=00_AQI6XE87kyLGtUAuqBw6Y5i1uwAz12TmLhkrFWzLBw5vWg&oe=6AC95195&_nc_sid=201bca,perspective,none,none,False,0.59,93
1071629461092811,-77.04430077815,-12.09392754924,1728146404797,2024-10-05T16:40:04.797000Z,SAN ISIDRO,san_isidro_03,82.144629286047,xuNZh0T7CovDy3iHqfWKmR,https://scontent.flim26-1.fna.fbcdn.net/m1/v/t6/An-ooBtsrP6MC-Np48AogkmjhJ4Jn4-0M2Rgk-ZVnFK-YvOK80taNL5xhIvTcTqPkfnW8YKW8EDkOrBFDHSJGZpa7b_1teXIb3DD7ObuhKCo1JeeMy38n8d4_eqOGW9xx857cO0JnI3bXUoQxoJQVT4?stp=s1024x576&edm=AOnQwmMEAAAA&_nc_gid=d18fnaVPjbNLBanV0hJtPw&_nc_oc=AdqsH7STUgqdPs4FRI7eH0jGvD_Nf4Fg8ROxBySCfcOMLAJuT78ybmF7C8YrgpKO7FE&ccb=10-5&oh=00_AQLBjmj4_dg6yaN3iz7pM43AeiKYBvNlgS1q_74OGzEc1A&oe=6AC93744&_nc_sid=201bca,perspective,none,none,False,0.651,175
1327071241483390,-77.04499939699,-12.093897060951,1670085905800,2022-12-03T16:45:05.800000Z,SAN ISIDRO,san_isidro_03,172,Wa8DSxChyNZXHjkmK31rqb,https://scontent.flim26-1.fna.fbcdn.net/m1/v/t6/An_Ob4c-aCLIutuyB2hcKBMQTEDIF__USuPt_AQrjXs7EGo2YXNvsdMSh1XU8BCAR6XhpoCMFZk9ZdiEjFKB06FugsXNTmw_BsPYGyele73siDwuIz1UPfxWqymfg4klUpGPEZKzsksbF2-C-_wfBw?stp=s1024x576&edm=AOnQwmMEAAAA&_nc_gid=d18fnaVPjbNLBanV0hJtPw&_nc_oc=AdqwQlaZ9yX56NVIawfAmOsKhcprV5cAFB2fShJ32ZzjI4oZKK2RLcpkTePhEZDmwLo&ccb=10-5&oh=00_AQLfZGRfrbLee7S-2dXoqpg945GIKpk3evXmnnh77TAdOg&oe=6AC95938&_nc_sid=201bca,perspective,none,none,False,0.581,355
1456381115034865,-77.044431940254,-12.09396959686,1728145342793,2024-10-05T16:22:22.793000Z,SAN ISIDRO,san_isidro_03,76.013313166924,7AlOrHUhM9mTFXJqdgas5f,https://scontent.flim26-1.fna.fbcdn.net/m1/v/t6/An8fWQZYU3HecJ9L5uQiYtmkC8FcHeV32iTgVspAD071ntbZQ9Y2tuSO1lV9DcLwH3kVXdxpAvbNpNGdm_TGO_cOk3uuW5SXn06Xk17SahPVdBU-rga689LgYO9mxNt-TIgoffNhK7p6chbkOlNMAg?stp=s1024x576&edm=AOnQwmMEAAAA&_nc_gid=d18fnaVPjbNLBanV0hJtPw&_nc_oc=AdrZke3YAI5YdaWxAwoEhuph1kkC30dMe1crLpf7a0bwHjnfty64lIvb3dymX_ueZB4&ccb=10-5&oh=00_AQIYW2IxigASpX1cVQPsIo4H03VI8FvCOoiwz-iHspPpKA&oe=6AC95C44&_nc_sid=201bca,perspective,none,none,False,0.641,79
1108332431020149,-77.04476188247,-12.093961983185,1728145565992,2024-10-05T16:26:05.992000Z,SAN ISIDRO,san_isidro_03,60.599310470041,G1SbueUlH60Co2xQWyZBTE,https://scontent.flim26-1.fna.fbcdn.net/m1/v/t6/An-J_hscJ5LZe1d3HFsJwHAfibVPG0-bTdZkQuVYNlHdzFtv7b2zT66jkUKme91VpeF2m6unQ6lB0us2zPG1AAybOL8dry1mTmEgxdBW-GbdUD3o-hyQDAomgJu1GOlb6v_xoAzjnuaSzPV_2HzEKA?stp=s1024x576&edm=AOnQwmMEAAAA&_nc_gid=d18fnaVPjbNLBanV0hJtPw&_nc_oc=AdpI4Tj7gwrMVgvXm6IZn7M511lbG6KdDzyUR1EfiQuRFJPOyaxOs639IqKMP0NHvPY&ccb=10-5&oh=00_AQJThISxWrYMU83THQGF2Ukh5tdL-9idEhcUxE0gqayCog&oe=6AC93BA9&_nc_sid=201bca,perspective,none,none,False,0.588,164
1066411664695788,-77.044734610266,-12.094029713453,1727974204597,2024-10-03T16:50:04.597000Z,SAN ISIDRO,san_isidro_03,74.076444125745,Sud4mwZevyfMlPD18Wxo0a,https://scontent.flim26-1.fna.fbcdn.net/m1/v/t6/An82-RHxZIFl2JRpySQ1MJtkMMLS65zk6_D5bKPh8lE_56Z-SaHLx33p8tonux7_09Pb08CS6FcF81HCA4MZbG9mIZ58_SAzthxNiZd2SsKopMxcS7To0FTwFzvR1JcLiYpgDRdZNTR0NG6pH7V0NQ?stp=s1024x576&edm=AOnQwmMEAAAA&_nc_gid=d18fnaVPjbNLBanV0hJtPw&_nc_oc=AdrY4PUTZ6Qgq-u1mWECfj0V_6xNCxByrrONGGsisGrdFm4Wn5HJKfs2f1ymk-fhb_4&ccb=10-5&oh=00_AQLzzNna6o1iDWmurupePTFnORQBex5Niu3pS6ZANMe60g&oe=6AC96398&_nc_sid=201bca,perspective,none,none,False,0.5,65
1084431480025075,-77.044778117327,-12.09400241156,1732882122243,2024-11-29T12:08:42.243000Z,SAN ISIDRO,san_isidro_03,81.166321876237,mT2ywPOq6DQSXgUbW9vd4o,https://scontent.flim26-1.fna.fbcdn.net/m1/v/t6/An_8kEouGdPmvtcn7A3frfsr05njh1fiqtMpQyAFiw1mTWW6BrdupGIu3_qprTCXYZDHcg08T8LTQAZrl_l1aqCtCIJa0rE5t9Lc6f8cFvugdOG7sLC7ONWUopZX4yHO0pWplu_D0G1PnrLmOGHh-g?stp=s1024x768&edm=AOnQwmMEAAAA&_nc_gid=d18fnaVPjbNLBanV0hJtPw&_nc_oc=Adp4gBS3GdeReW8YOJ-VSsKENmXMFfJx0eQ8ciuBqlGnaTBAxq5tAOvydXc3zPQisSs&ccb=10-5&oh=00_AQLWF0A2SH1WRiTM8swQdQSR6xUv-kFvErPRg7QywYDCnw&oe=6AC933F3&_nc_sid=201bca,perspective,Apple,iPhone 13 Pro,False,0.178,145
1003106174982787,-77.04471532756,-12.093894391329,1728146401599,2024-10-05T16:40:01.599000Z,SAN ISIDRO,san_isidro_03,80.567123114155,Ox4tYKMa8CZSU2dcewE57f,https://scontent.flim26-1.fna.fbcdn.net/m1/v/t6/An-UP2ShoYghlxly61nLST4H3Uhhr_GqJ6KJkXJoitA4b051dpP4M49Z2MZwb285BkxugZI-1Qb6wxLeMqbwMkFI4OOR6diMjIb4D5lmtv_ZFBiqWik0UYxkTKc6npZKRZsDsWGTNw2BCBQE-bE6ZQ?stp=s1024x576&edm=AOnQwmMEAAAA&_nc_gid=d18fnaVPjbNLBanV0hJtPw&_nc_oc=AdpKp9Cs3Sl5KzoJCfmejr4tvL-TVLn8ApctFsV1Sr3MfdHZv1xveMGLRs8wpTUYIEY&ccb=10-5&oh=00_AQJZnlvYr8yyDrTDQliWJhjM_zTHL0iOByS_h4pQry32mg&oe=6AC93F71&_nc_sid=201bca,perspective,none,none,False,0.563,213
1090635305832032,-77.044506071594,-12.093948745286,1727974208000,2024-10-03T16:50:08Z,SAN ISIDRO,san_isidro_03,82.015,lLq37tWFPbDn2zjmXGeKip,https://scontent.flim26-1.fna.fbcdn.net/m1/v/t6/An9XVAOV-zDagVecW_OxiIJXnGlqbr2AmQYk2SGXCLCDPx7AsO0L_zuXeimBHW1OePwP3lfmHmfQDy6OaUn5aTlIuev3oD3vOLeJGnGS19NceaIjWxaiy9mt23Em0j_AsuJbbKzCNztT_h70Goo98Q?stp=s1024x512&edm=AOnQwmMEAAAA&_nc_gid=d18fnaVPjbNLBanV0hJtPw&_nc_oc=Adq74kVtwFwNU8R35KazLsCcnf1f7YLHCvg7hrZfy003614qVwFiH5IHbWBRYrQQEMs&ccb=10-5&oh=00_AQKwS-9W6lw16zglcZMxrVsOCqabMWw_1nciOXAxRz0jjw&oe=6AC94055&_nc_sid=201bca,spherical,GoPro,GoPro Max,True,0.879,442
1085832582952847,-77.04463352096,-12.093942849811,1728145341195,2024-10-05T16:22:21.195000Z,SAN ISIDRO,san_isidro_03,78.492891679788,SlJi1W7yfR4Qd5zjZaLPBH,https://scontent.flim26-1.fna.fbcdn.net/m1/v/t6/An9KvuY0ILGa2dxiWQ51IBIuuOvunSaPCSyjGAE4CHibZhuDWlbcNyG83isfh4MhIpjxlv288nXnzJ5zZtzbNfmeP_Llvmp4qUFqKvolx_3Jb_Nn7BKY7skAh6-Ed36Y-HmIzHH7ElilxGWWnFGuyCE?stp=s1024x576&edm=AOnQwmMEAAAA&_nc_gid=d18fnaVPjbNLBanV0hJtPw&_nc_oc=Ado7UWKO1dd5PHUE-ZiNxLcIyY-k56LO-Xw98lhMPzzkgi1bhiShgzn9Q3jwloWsJrg&ccb=10-5&oh=00_AQJn0FngxoTWKTMzFbIOtvf710orFvi45SnkSQLjfX7ypQ&oe=6AC94947&_nc_sid=201bca,perspective,none,none,False,0.632,233
1097949901889192,-77.044700627829,-12.093965720612,1728146399995,2024-10-05T16:39:59.995000Z,SAN ISIDRO,san_isidro_03,78.143628638009,5yGvtlFNc7JwgV192DLdon,https://scontent.flim26-1.fna.fbcdn.net/m1/v/t6/An-ypiyzZUYEhd47LwgukfehQfs-prvL4VRvqkZlFNTDZhXZpJnqDkd--2XpG9qSOVCF__w_LfbiSa-0i1Q2N3UZ-tS3cqHuqkiQNOXTgf9m4Kx_EgTJaOhThltm9rHtYRLBLMWwDBmJcXlb8WRnb0o?stp=s1024x576&edm=AOnQwmMEAAAA&_nc_gid=d18fnaVPjbNLBanV0hJtPw&_nc_oc=AdqlCICpQlH2BSEWad6swE1j69my6TSU3MjeLGmzoXNZJXrlLdVmYGHmfpcqMmMWckE&ccb=10-5&oh=00_AQLzQFritFuEbT7sb-wbIm-a0BR29oAAdjxlQ92oo06iDg&oe=6AC95F83&_nc_sid=201bca,perspective,none,none,False,0.632,313
1101564141530477,-77.044648572815,-12.093936786814,1728145567592,2024-10-05T16:26:07.592000Z,SAN ISIDRO,san_isidro_03,74.933533930503,G1SbueUlH60Co2xQWyZBTE,https://scontent.flim26-1.fna.fbcdn.net/m1/v/t6/An9oCmn_kcaN_3VEmSSQM4LTce_uzyEqZEEudTg1TW9f63VSvoPD4FCviZyzvPwqQ8OCrp7aUi_ux7bGhtD8LkPtdL7nXmf3OeQr8Ak0GKWzSXNT0Ai_3RY7HNE3YP1ezU3XbNgzMi3H1MC01EtEwMQ?stp=s1024x576&edm=AOnQwmMEAAAA&_nc_gid=d18fnaVPjbNLBanV0hJtPw&_nc_oc=Adoh_-Io-pwFFa7L1mPMFpbEy36qr3kSxb1A8RW4sU01_hDD3BRj5WzhxjgzDN-dbXA&ccb=10-5&oh=00_AQKgg8YfvSp0IqkWoMwITyIJsds2c4FTelkehPa1I7LLLQ&oe=6AC95499&_nc_sid=201bca,perspective,none,none,False,0.583,209
1080722180217838,-77.044219491679,-12.093833608468,1728145567000,2024-10-05T16:26:07Z,SAN ISIDRO,san_isidro_03,82.126,LvibFh0SOmjqzUVuartCBe,https://scontent.flim26-1.fna.fbcdn.net/m1/v/t6/An8xma22-Nu7cDPxn1hUoM5hbBPDZOmmxyVNWR1jfS3Seg_xk_c89Hw4CntVtFJHo3hWaEONTp-VgIQ6Oyd4nKqZYx_srgn8CYVXfULtpcoTvn7M4ADy47jLVSjAP2s7krBcVyx8Wl3qzm09KlDlTg?stp=s1024x512&edm=AOnQwmMEAAAA&_nc_gid=d18fnaVPjbNLBanV0hJtPw&_nc_oc=Adp51yWCBa_BFZSyu9LnKq_-C_0v4LOwC_nP8kZGtjdmIzmE5v4rNJ-wQsYrLOFOg24&ccb=10-5&oh=00_AQK2GxoBk2uE9opfulp-6Za5PDqekYZkxMZ2HWQ1UIm0Fw&oe=6AC95CDC&_nc_sid=201bca,spherical,GoPro,GoPro Max,True,0.88,433
1106263414362385,-77.044931275547,-12.093950992896,1728219025493,2024-10-06T12:50:25.493000Z,SAN ISIDRO,san_isidro_03,262.31496124081,lYVv5p7X1fenSRJg3Mar4C,https://scontent.flim26-1.fna.fbcdn.net/m1/v/t6/An_sFXlUvY2aOnL9rSeI9NLpuV1Y-bOqAGCwQ3LmmXHQDKCB1Pu724WQPZ9q7GS8pLXQEfz6NL61ovquA6WnPX1SdwmwpT7dzAIMZsDsUhJLMWEfLXNSdkHJZFxY9HIk-dAbY_nKQPIMDjT7XgHwqp0?stp=s1024x576&edm=AOnQwmMEAAAA&_nc_gid=d18fnaVPjbNLBanV0hJtPw&_nc_oc=AdpTHv8jI5VtP0TOOW7MZ8NZtOlEMltEiwsNaWc8ln2WsKmYOZ3hvFp7auP90C2fkt0&ccb=10-5&oh=00_AQID0DHQEj08H7hm1EnQaud9U9Ys9BdFXGgaKuMqX1RV4g&oe=6AC94ED2&_nc_sid=201bca,perspective,none,none,False,0.677,263
1186471515764007,-77.044352321246,-12.093962515247,1728145343994,2024-10-05T16:22:23.994000Z,SAN ISIDRO,san_isidro_03,75.374599358989,7AlOrHUhM9mTFXJqdgas5f,https://scontent.flim26-1.fna.fbcdn.net/m1/v/t6/An9PJ0yqIygwPLeD-9g0QsXA_xgF4wExLTQac7N6IMDQLTjfiDaVSLg-iAJKaxViEJEVuQE73Rtlb45NmU4Aq9Lj4zCw02A8x0TgteUqxGJQppUwAHjA_vZlZHziJsnb-3jpliJ17RLDO4Syr55NJg?stp=s1024x576&edm=AOnQwmMEAAAA&_nc_gid=d18fnaVPjbNLBanV0hJtPw&_nc_oc=AdoFfmAJwxvzwbknPQGQ2mk4uY-lB9yJPFDHb8uuL5F5bGqRj35O-f9V8dd7xF8JHEQ&ccb=10-5&oh=00_AQLjQ9cv7yCrRAuy5697i-RkwVGGf03QaJ6cHfjCe5P0Ww&oe=6AC95374&_nc_sid=201bca,perspective,none,none,False,0.602,58
1189979171887068,-77.044518636374,-12.093791718279,1670080701000,2022-12-03T15:18:21Z,SAN ISIDRO,san_isidro_03,174.27,sOXn2Sy7bkR8FMLdQxc5Kw,https://scontent.flim26-1.fna.fbcdn.net/m1/v/t6/An9VTwvD0l33qD1FnEXI7w5fZ8ALdia5JNGabV-G6c2q021sfl1UDd3vGYshSr0iH90ARq6Yd70TwtAOOMrYkcOuhIHMD_665Z2dQLs9Axfz9f8j0Dbc8lhsdx1qaxXLeQBA0H8s4lzunJo90Ut3lg?stp=s1024x576&edm=AOnQwmMEAAAA&_nc_gid=d18fnaVPjbNLBanV0hJtPw&_nc_oc=Adqg-KzuEeB_CenGU5MPxcq5LcYu08VSRHvFMyDR35m7TEuL22OcB0m1voOfYuV_0po&ccb=10-5&oh=00_AQIYg8Q1uGVCBF_K20BSZ99Ift6KnVXfJbBFcZT2ZfF5rQ&oe=6AC96458&_nc_sid=201bca,perspective,none,none,False,0.689,315
1330418744610525,-77.044737729346,-12.093973205487,1728146399595,2024-10-05T16:39:59.595000Z,SAN ISIDRO,san_isidro_03,78.143628638009,5yGvtlFNc7JwgV192DLdon,https://scontent.flim26-1.fna.fbcdn.net/m1/v/t6/An_h6eEjQWPOTvEeO3rYxPLJxo8dhMnoDe4eFF3S-w64UhA27EzN4iGBCQ4mIIzB3bvljy7qH_OyMe2Qgn67Xs7tkbQn00QamdyBcxBil-Qs4G4ChcIwiBf7b4OW9uo_5N2_n5390HvjEt6ShKdhMw?stp=s1024x576&edm=AOnQwmMEAAAA&_nc_gid=d18fnaVPjbNLBanV0hJtPw&_nc_oc=AdrKR5cNkfZrDHJKr-XCj_hK5QWUfFntd4e5lUBrNi9g-3a_AA4pF7EZvGAdaO4Qghk&ccb=10-5&oh=00_AQJSK81WjoQKXc7zoIOAr3NolNF3bIGeBJMf2FNpYaMuyg&oe=6AC95BE4&_nc_sid=201bca,perspective,none,none,False,0.628,291
1232877401281542,-77.044580515111,-12.09395766167,1728146401597,2024-10-05T16:40:01.597000Z,SAN ISIDRO,san_isidro_03,80.620879336222,xuNZh0T7CovDy3iHqfWKmR,https://scontent.flim26-1.fna.fbcdn.net/m1/v/t6/An_4QXIbpzgXvFSz4-4R2esv1V9zqAZnaS3HymWC1u6cQHNHSEuswuJkDqalL_w5riorReajw_zxvUz8A-V4OhjkZG_Wbr5wkXg2j-69zlpBmyyEXh7USBnlUkd1h_2CkEj7-9Ys3-6Ji0cfX8dE9w?stp=s1024x576&edm=AOnQwmMEAAAA&_nc_gid=d18fnaVPjbNLBanV0hJtPw&_nc_oc=AdpR8JL4OTndXOKs2ycpRlxkW9xnoVmMwajRwFP86YuBgh0f7kyZ2HeNEtVOL7S90D4&ccb=10-5&oh=00_AQK36qbLWPPgaZy0tfMnEkKL7U7vcxpvD6iFXrtkLpM1bg&oe=6AC947F8&_nc_sid=201bca,perspective,none,none,False,0.649,117
1233508874586228,-77.044552701611,-12.093989047112,1727974206997,2024-10-03T16:50:06.997000Z,SAN ISIDRO,san_isidro_03,83.386534257622,Sud4mwZevyfMlPD18Wxo0a,https://scontent.flim26-1.fna.fbcdn.net/m1/v/t6/An9tRpXAFbk3_Dgo3B-bwX95YWQqW5fvtIOhU2x7UdTlQHsBIiTxmTAHKZlF-zFHVQUSJPmhjIdajQ3ezKU8Auodg3K4SCRd9MPZyWyUyg101u6nP-SydkR01RRw4o6n33AL9OZ-ejx0aVO6GVZXTkk?stp=s1024x576&edm=AOnQwmMEAAAA&_nc_gid=d18fnaVPjbNLBanV0hJtPw&_nc_oc=AdrRLRJUzf6hClCzpGq-7X6dl2VzoWTAqZ81rgj7shqLazbJLhESkcVR7wktKV3Ewv0&ccb=10-5&oh=00_AQJucFMn5SwPcicQtCsKZbyLyGzR_5gBymDMdoi8JhnC-g&oe=6AC940E7&_nc_sid=201bca,perspective,none,none,False,0.577,81
1204001470691633,-77.044338026261,-12.093907368605,1728146403596,2024-10-05T16:40:03.596000Z,SAN ISIDRO,san_isidro_03,78.595798090189,5yGvtlFNc7JwgV192DLdon,https://scontent.flim26-1.fna.fbcdn.net/m1/v/t6/An-zSxha8m0_-XoMH2lUe5TO_V1pc07ohS-2JEMyEUhep-3wwzmGvFj5Twb1Fh4ztKUqYNBxNYJtiaBsVGZNLJc8ptgopTZmZWgBj3u-_o1srHsppE7juDupMunBFvWlFmF41yZgUtvTlv0UNNkU_CQ?stp=s1024x576&edm=AOnQwmMEAAAA&_nc_gid=d18fnaVPjbNLBanV0hJtPw&_nc_oc=AdrWIejGiUol2jbcwhigfm65yNPylJE_5sCYFbsg0wi0ySJxPFq470ytC45ltEvYMaU&ccb=10-5&oh=00_AQKgEH4uozaDoKfcj9VKHLYvVAWWJTNGSWcYaX40KFkYTw&oe=6AC9573A&_nc_sid=201bca,perspective,none,none,False,0.592,352
1256511395663580,-77.044517598294,-12.093863522424,1728146403600,2024-10-05T16:40:03.600000Z,SAN ISIDRO,san_isidro_03,83.090215681732,Ox4tYKMa8CZSU2dcewE57f,https://scontent.flim26-1.fna.fbcdn.net/m1/v/t6/An_09E7GDpd-YMgO6BDi1uRvsLDQ8mnFQ0CSAt__MQKzRqIcSCG2R0IUjPAq7kvsqjpu2Z9RdH6J1JAaJKQ2s-pmInwfPivQmZItQs68yQBUYAxRluhGCZTZ2S-pDwRsVH6A9TdxxjWzN82mq6eU3Q?stp=s1024x576&edm=AOnQwmMEAAAA&_nc_gid=d18fnaVPjbNLBanV0hJtPw&_nc_oc=AdpSbyy8Pn30js4e07kYft0idclWnBbV361S6nG_Chv82GyQxq84gOPeO3jztI8ejQM&ccb=10-5&oh=00_AQKJBSG_yA7qllw92nZq_8wJ6l-D5MLWYHCspEoFS9igxw&oe=6AC956BC&_nc_sid=201bca,perspective,none,none,False,0.599,210
1261784315249788,-77.044740893818,-12.093958439471,1728145339995,2024-10-05T16:22:19.995000Z,SAN ISIDRO,san_isidro_03,80.466699330541,SlJi1W7yfR4Qd5zjZaLPBH,https://scontent.flim26-1.fna.fbcdn.net/m1/v/t6/An-NW8wL5roX8Cb5x9boiDd7hoV3vu-SynFkYymrP7zQ0M5WM7dN_w1AFKuEtKIl6FNUWGTqSqvU4rhB4m0CS99bGWoStF8PHKLcV5Q8LwV8vVHnQk6sZacLNNguwfU84uUYAYur4QdJlAxTJ_rbkJA?stp=s1024x576&edm=AOnQwmMEAAAA&_nc_gid=d18fnaVPjbNLBanV0hJtPw&_nc_oc=AdoSu6nY446kuvY0pwQFOijSyC2CRhwpM161jScHx4tu6MNNh8OgetgoxzuWtz8OVWU&ccb=10-5&oh=00_AQLHF43yskP89gjOZfLHKTNcmpO9a9Bv_z7YUjnf2IzPRg&oe=6AC92E02&_nc_sid=201bca,perspective,none,none,False,0.606,153
1199128841383246,-77.044512614754,-12.093905813502,1728145569193,2024-10-05T16:26:09.193000Z,SAN ISIDRO,san_isidro_03,87.501950472854,G1SbueUlH60Co2xQWyZBTE,https://scontent.flim26-1.fna.fbcdn.net/m1/v/t6/An9W2-ujLnzJK4mj8KYY0pftJW58LtXfMygQFxuYN0KxjY7zIi0xTQFbZTXXBcelunOyMTaZvpwwyzBI81lkqX83s3X8YLFo2Uo9cN4_2mp0aI2vGlhOQQYf1K0Y2K9idk88lGgEyqzQpPtH6grAB20?stp=s1024x576&edm=AOnQwmMEAAAA&_nc_gid=d18fnaVPjbNLBanV0hJtPw&_nc_oc=AdphSkxVsjrdaZA7YAUySaZvcR22ooTVthob9qx8L6nemHDr-xKpAqZOtjl2c7YoFUw&ccb=10-5&oh=00_AQI6CKvYXjc0hCiIYGNl7kdH1LJ638egxc4I12Aqs7HQJQ&oe=6AC945D7&_nc_sid=201bca,perspective,none,none,False,0.639,279
1209575249690763,-77.044717976134,-12.093831668144,1670080705000,2022-12-03T15:18:25Z,SAN ISIDRO,san_isidro_03,171.87,sOXn2Sy7bkR8FMLdQxc5Kw,https://scontent.flim26-1.fna.fbcdn.net/m1/v/t6/An8GQvHu9bFwkb605uElAUeCtSfmoomgS0ram0rb0zRfFYRxs9lm9a__hr54W39iXq8DgFPFJ0pUDS9CYoJywFpT9dX_IZDZpiKyy4Dw-AkU44P_JCLOUJ-85mZK0ajzHHHNDnK53iHcTUJxUQAoQg?stp=s1024x576&edm=AOnQwmMEAAAA&_nc_gid=d18fnaVPjbNLBanV0hJtPw&_nc_oc=AdqYDNtu7kHvLhwiBmH1VgkiWjyRCCu9MTfmWzZBRsy1_X7Cdju6ROyH3dMdW5yLlF0&ccb=10-5&oh=00_AQI4_JWu9RrSSKcjzPiSnnRytNTwMps1O38hdWYgbtGV9Q&oe=6AC93E5D&_nc_sid=201bca,perspective,none,none,False,0.646,378
1075959106944166,-77.044861850141,-12.094511550152,1728145550198,2024-10-05T16:25:50.198000Z,SAN ISIDRO,san_isidro_03,356.7728969123,4kogm0qlEbeLidKauvPBnU,https://scontent.flim26-1.fna.fbcdn.net/m1/v/t6/An82qfLgoTu6a0xvMRKo9gGVIaNOhn7zS8CY59j_YkvbdZ2ZkVSAHze2AA4ABswjNnHGHfrc0ZWebJbHlMw5yIi1_ban89sEGDPLS8YnaP_U5fPoAOpVv8tEHxc7YdBhlUtJ4CjaW-oVnqlXZha2pQ?stp=s1024x576&edm=AOnQwmMEAAAA&_nc_gid=d18fnaVPjbNLBanV0hJtPw&_nc_oc=AdpGwsBNvS_4zp2dxKEAb6RnaIQDfMBoM71wW-jLnlEKjnmw2e0R3hxAQshcbSsvEzQ&ccb=10-5&oh=00_AQKzOY9hDUWvSjRkmopyntOAlM8R4eqWbB8CYmNP7Ay2aw&oe=6AC961CF&_nc_sid=201bca,perspective,none,none,False,0.656,116
1153268836135757,-77.044664621878,-12.093967938494,1728146400395,2024-10-05T16:40:00.395000Z,SAN ISIDRO,san_isidro_03,79.818982602504,5yGvtlFNc7JwgV192DLdon,https://scontent.flim26-1.fna.fbcdn.net/m1/v/t6/An9GVTpoFp1lh2JCMcZuOhmGsudk8F76vaHXQJgtc_B4VJN6OP-mZaDzfchgmTdKHbGDmCUtG9EfU0-HrbeNyds2H7BV6ScAZXHGCMglsB2vpt2opMwSJEE-eQtagEiMp_5mwfaEUrL5BqkyWx9MiQ?stp=s1024x576&edm=AOnQwmMEAAAA&_nc_gid=d18fnaVPjbNLBanV0hJtPw&_nc_oc=AdqH_vdAbvuxs3eHC4wgjSA_wzkkodR9KCp6e4sl-bvO0t2g42ecwltU29gJ2fZZfZw&ccb=10-5&oh=00_AQJC9_gg6p1PIGpyqZnqDT5G6-7eltpL8bWhpBDWS-IDRA&oe=6AC95753&_nc_sid=201bca,perspective,none,none,False,0.676,235
1068881617947956,-77.045093260402,-12.09395815491,1728219022992,2024-10-06T12:50:22.992000Z,SAN ISIDRO,san_isidro_03,260.73728638911,lYVv5p7X1fenSRJg3Mar4C,https://scontent.flim26-1.fna.fbcdn.net/m1/v/t6/An8Gx9ITJshWpGYkPmsN38RGOchR2zOMGxs_wlJGI6akAn01vYzjCJCJJq5rMzorCN5sqZaTMx7vZZ6WSkqmcwcCqQmjuhEd7fh6YPgqXe9i62B5Dg7-B0kaK5GyRgJtRtd9UZvmPMwAUuZZBGJOb8Q?stp=s1024x576&edm=AOnQwmMEAAAA&_nc_gid=d18fnaVPjbNLBanV0hJtPw&_nc_oc=AdrmLEpp0AOv9F3HI2Epk0heV8GGW-fqq2nrD9a0MFKShAmKdojzx0wSgzIrvMw-gnw&ccb=10-5&oh=00_AQJv1mFL3dHMpZ8GJ28WADs3Ve-dKjIesKYinvt050O6VA&oe=6AC95C42&_nc_sid=201bca,perspective,none,none,False,0.646,355
1025922062668592,-77.044688928361,-12.093974454602,1727974206000,2024-10-03T16:50:06Z,SAN ISIDRO,san_isidro_03,81.795,lLq37tWFPbDn2zjmXGeKip,https://scontent.flim26-1.fna.fbcdn.net/m1/v/t6/An9JPEcvJgmo1aM0_1c1d6pbtLYS-VN_Aa54I1TJPrBnnJwyt0Li_-0Ac5Lc-rtiaQLv1zF2vWyQscNSnYs3LnIhcI0n9EdwE5vDfHDvznU-h4jnzy9bXLohrIpXzxU5SBXysyLSzonkpCVTwyzza8E?stp=s1024x512&edm=AOnQwmMEAAAA&_nc_gid=d18fnaVPjbNLBanV0hJtPw&_nc_oc=Adqglm62sseCoub5IzriFp9LkVw1RdvjG4LVzAoSN9I9GGxc3OtbdNcivFBfF2KNWbs&ccb=10-5&oh=00_AQKvAJ1TH3R-LXzecOVyABZFWilKHdvnAXt0fkgeulIHKg&oe=6AC94013&_nc_sid=201bca,spherical,GoPro,GoPro Max,True,0.883,412
1076335144281050,-77.04480090248,-12.093853756969,1727970596193,2024-10-03T15:49:56.193000Z,SAN ISIDRO,san_isidro_03,263.50278043893,kvP3HBEpX0ZTL9WrCmio78,https://scontent.flim26-1.fna.fbcdn.net/m1/v/t6/An-aS9QemFAx_xee5kAei4mz3-QndkPY5iF1n8tH-NuiSaVRa0IVam9AdcEEucvgmE6SiQem1S4MDZg6Xu6S7K4n--y7daoBvLMP1KbMlJAGVOfdjmjsj-xSLiNDbvAvauMe0QpFwVA61z_934Lu1g?stp=s1024x576&edm=AOnQwmMEAAAA&_nc_gid=d18fnaVPjbNLBanV0hJtPw&_nc_oc=Adq_HfdNfUrSA9FdEPhkLo4pHsyQ_tTihjERJiD9SAhy3sammBjH_HZqHVnAOqgxkKE&ccb=10-5&oh=00_AQJD2yqYWIsIdAAbhVdzFMQ_0yqul0oybI2QBoMC5tUVAw&oe=6AC94CCF&_nc_sid=201bca,perspective,none,none,False,0.673,398
1063315728618547,-77.044437351248,-12.093888270787,1728145569992,2024-10-05T16:26:09.992000Z,SAN ISIDRO,san_isidro_03,87.501950472854,G1SbueUlH60Co2xQWyZBTE,https://scontent.flim26-1.fna.fbcdn.net/m1/v/t6/An-BbGOLC2XA-W0tO1M2kkBFOkZNpDu8sF4spGGwM8usPXgVTkdQHiWhSHyiW3_3tQgomAVe4ACvI_huc6YWLLsWP1Q0ri7Xew2Fwufd4kDeDHSRb0avuRFK_Gp5-PYvPaglgjWWuXq3yYg59Y1gew?stp=s1024x576&edm=AOnQwmMEAAAA&_nc_gid=d18fnaVPjbNLBanV0hJtPw&_nc_oc=AdpkdBxQrOfMwnG32f7rxxyOL8Xefn0qGe5LtLqHgvB6BBWapNndRQzh38eZwRjwLyw&ccb=10-5&oh=00_AQKxpi1lTW1dskxDfYDUY-kNIk7ocwJ3KrahTKJ9GcE4DA&oe=6AC93776&_nc_sid=201bca,perspective,none,none,False,0.669,269
1072341854350101,-77.044177058621,-12.093876556005,1728145347196,2024-10-05T16:22:27.196000Z,SAN ISIDRO,san_isidro_03,80.38358941469,SlJi1W7yfR4Qd5zjZaLPBH,https://scontent.flim26-1.fna.fbcdn.net/m1/v/t6/An-p4ACCRjb5iu9otb6EbA2JRoN4sXzEV4DfbbUdB-bOZeU8tsDBQ6itfE6XxkZ_O_c-YpQbiVNtfOjg_dLvS168DFhyfu6X_cmzsw4MIZfDWJOSScBJAlALiaSlhwGhkVtNEU1xNzoPNw1xYd2Pbg?stp=s1024x576&edm=AOnQwmMEAAAA&_nc_gid=d18fnaVPjbNLBanV0hJtPw&_nc_oc=Ado70PemzMVGDRRBJySQYgMeQ1dgnSaHVieZQhj7BsnhCllBuFVBqeoBmSMz4xNRcmw&ccb=10-5&oh=00_AQL_07WYoJTx7UBkE6ApIieO_6uOmeujhJGMPhCwDnuwFA&oe=6AC958FC&_nc_sid=201bca,perspective,none,none,False,0.709,323
1239324943982577,-77.044228987854,-12.093751102954,1727970590592,2024-10-03T15:49:50.592000Z,SAN ISIDRO,san_isidro_03,266.74813584045,kvP3HBEpX0ZTL9WrCmio78,https://scontent.flim26-1.fna.fbcdn.net/m1/v/t6/An8zKoeDiyJ_dF_VGIJGaWy60LCDUMqK33zjIF2oMMgitCcYuCkTGQoRUCALyq7FCt-CaZlwXkxHo-Ob4_k9QKgeRdYaU_2E-MIKT0ctHAqRRi60ofbE-oxl-UHjw0C_3faZA9odUVN39FcmPdrrElA?stp=s1024x576&edm=AOnQwmMEAAAA&_nc_gid=d18fnaVPjbNLBanV0hJtPw&_nc_oc=AdpUZydd_54LYyUONePK5JtdOU-QoxWEzjkR2CRHWVWQ2q9CwDZuA1BjHjb_VL0p6Go&ccb=10-5&oh=00_AQK37K601pGJbsyTnlUwmBmVmIEAFMx-qMcb9tReCa04nw&oe=6AC93A91&_nc_sid=201bca,perspective,none,none,False,0.67,287
1005523668254647,-77.044258446417,-12.093887863169,1728145345996,2024-10-05T16:22:25.996000Z,SAN ISIDRO,san_isidro_03,82.884971577034,SlJi1W7yfR4Qd5zjZaLPBH,https://scontent.flim26-1.fna.fbcdn.net/m1/v/t6/An8OA8lJWlB8i9UEyUVRpz34Cq-XoyktpC83UAjFp3_0nwOY6sZDxTaRgQ2kti1T0v5JHkfE9I6umsmut9e0_0N1owQD_KGfwcazAxa5oiRTSfqpp8nnrBuEfKFLLTWxGZeLHMx6s_h4-lZYmdicrA?stp=s1024x576&edm=AOnQwmMEAAAA&_nc_gid=d18fnaVPjbNLBanV0hJtPw&_nc_oc=AdpEafTFNQoDXZ3QON31bgOKACgqr7_ns0AIz0Il_g2yCMkfQWnWtT8DQKqWSEb3iIU&ccb=10-5&oh=00_AQJI8EOhJKRFbbtBtAVEF5bFyd_6_GThaxpe_UXusCV5eQ&oe=6AC93031&_nc_sid=201bca,perspective,none,none,False,0.7,231
1087207905682389,-77.044878264,-12.0941063288,1728145337593,2024-10-05T16:22:17.593000Z,SAN ISIDRO,san_isidro_03,81.142290932462,7AlOrHUhM9mTFXJqdgas5f,https://scontent.flim26-1.fna.fbcdn.net/m1/v/t6/An9FFYr6oMf2BHKfTwQzHYAdzHIhJef-1nojMRZGVgK1HRYCAAddJ8LDWqEErPYrbMoXr6MYqbaZMDUpCHHQNuEUd032qzcDESYTwkEjrKV7jF9zimEIqxDOGwor9P6AgfWLSqZ9XYbnmmgUImUwxvU?stp=s1024x576&edm=AOnQwmMEAAAA&_nc_gid=d18fnaVPjbNLBanV0hJtPw&_nc_oc=AdozIsgsZ1vDvDhYOu3n0A2ICVPlut2L0599RTJML72SzX_fOgx_-CxByRG4yaffPW0&ccb=10-5&oh=00_AQIHWSUQDpHXnBw_EljK_T-GbBHyZqcIfaJn_2gROZiI3w&oe=6AC94C4B&_nc_sid=201bca,perspective,none,none,False,0.597,124
1013575170781217,-77.044402834608,-12.093909278652,1728145343996,2024-10-05T16:22:23.996000Z,SAN ISIDRO,san_isidro_03,82.539279224385,SlJi1W7yfR4Qd5zjZaLPBH,https://scontent.flim26-1.fna.fbcdn.net/m1/v/t6/An9-S-_feLd5bpQCwc1PrlQA6xXAmIYdT6K4Ie0JKVFi1d7gxrVEdWCnvIUcr1aXeqYGjJsWQ5SNlH3gV_ZTVwYPESyLf6NlZiNJ9MJv-wLnfdpLjYOWKTJW1L5YgjKBePxPqFcmDTWsm9bHHZHQXMkL?stp=s1024x576&edm=AOnQwmMEAAAA&_nc_gid=d18fnaVPjbNLBanV0hJtPw&_nc_oc=Ado0k122qdKl8eGk6kAFBnYFKYUfoxRbTxiAYhYO7YLEZaoB4RZr2xxxFqGyVd74kpA&ccb=10-5&oh=00_AQL2IGsJ-UvcMhIMOQdNAjXYPdwR7_zIiswdlBuxOMTORQ&oe=6AC9630A&_nc_sid=201bca,perspective,none,none,False,0.644,220
1211086783320387,-77.044522803871,-12.093972709512,1732882124269,2024-11-29T12:08:44.269000Z,SAN ISIDRO,san_isidro_03,81.166321876237,mT2ywPOq6DQSXgUbW9vd4o,https://scontent.flim26-1.fna.fbcdn.net/m1/v/t6/An-Zk9CmMlBrwyqm9RuNWpIhcEJec3OrXDtmWdNMSqX9mXWQSzxopCtTffF0zO1rPZWEgzgS0NWnYRAWd5R4TPKWDAupYxr2Pp-QcV2K-6tE0zDJrz-3gRjvXUKSvZ_ZoGSTxn0-HRhzOySAmDwUP-4?stp=s1024x768&edm=AOnQwmMEAAAA&_nc_gid=d18fnaVPjbNLBanV0hJtPw&_nc_oc=AdqE4e2QtRVrWk0FcFX6QMoV6b9V24t2kIZt2EX1kIZbIKpoqTLjxlp-qVoCdJGjAW0&ccb=10-5&oh=00_AQJ7ZcittIwXE8tsbpTbKHWyrhewa7qpsNx4YWw024QG5w&oe=6AC94530&_nc_sid=201bca,perspective,Apple,iPhone 13 Pro,False,0.272,74
1197358994681748,-77.044190681908,-12.09387875774,1727974211197,2024-10-03T16:50:11.197000Z,SAN ISIDRO,san_isidro_03,78.412007589409,P6bHBOemRrawM0WCo7gxU3,https://scontent.flim26-1.fna.fbcdn.net/m1/v/t6/An8RGTr732IZbXB12Btqf9otHx1N2th4a3RVPQ7c3CL2DdWoTCc4eSg9gU-TgX2bQVZYIMj6eJluiFJBTS-Qp7_Ikza3hK8DivbfI692a2nmwTKN0t94jvhWHabTA5wx3bqfvcq49zE_R8dNfTE1MQ?stp=s1024x576&edm=AOnQwmMEAAAA&_nc_gid=d18fnaVPjbNLBanV0hJtPw&_nc_oc=Adpoh9vjsark2sQ_JXlgCTbYCgCyawHw6xMPFVxjsoGaGaYxoFfsgjE8GQ72HNe79gA&ccb=10-5&oh=00_AQLlDWvIYqjyI6lDaarw38HnGa22Balc4ZJTIxipxbk8ZQ&oe=6AC94B37&_nc_sid=201bca,perspective,none,none,False,0.741,293
1280070949799902,-77.044717597797,-12.094022552545,1728145338792,2024-10-05T16:22:18.792000Z,SAN ISIDRO,san_isidro_03,77.832067465785,7AlOrHUhM9mTFXJqdgas5f,https://scontent.flim26-1.fna.fbcdn.net/m1/v/t6/An8oAxZA0LqHRjN0b_Fq-Jg06eBdAzmZic6tFPeEaRjBL6qKM72XlB0lA9VqdxPGRhGceyuin_s1-JrsgC3joAQ0r6E0HR7rzTEtgCZjLt07whFs4kKiOJELesQGa3s-WLGgIbo-s6LaxHjjCeE5Syk?stp=s1024x576&edm=AOnQwmMEAAAA&_nc_gid=d18fnaVPjbNLBanV0hJtPw&_nc_oc=Adp4mgbsix8soh3RBVL8CUvgnrfK-IvUHwsusO1uZXGUN0pTsGlVhWn3qyJJ_Yu95ko&ccb=10-5&oh=00_AQJOtknSWnInggoCAkhKpU3aY8hCNpEul10Qzo1-zjCJDg&oe=6AC94292&_nc_sid=201bca,perspective,none,none,False,0.528,75
1235335534355774,-77.044861912084,-12.09403153543,1728146397996,2024-10-05T16:39:57.996000Z,SAN ISIDRO,san_isidro_03,76.267629188459,xuNZh0T7CovDy3iHqfWKmR,https://scontent.flim26-1.fna.fbcdn.net/m1/v/t6/An_Sl-xVS85JkCnkD3ckU1R0myWpeAefMpgDfgLnNBrnhiuDJrJif8Ucv304-5yT2qxNbj7E0guRVG-tgQ8Ezb_eUc28pYcAzVHJh2rHFYvw0mBMJpW_qXmqjWndCJj5c_3n8is4m4IK6RXXFxvIQvE?stp=s1024x576&edm=AOnQwmMEAAAA&_nc_gid=d18fnaVPjbNLBanV0hJtPw&_nc_oc=Adp_f77DRAkyiX3wYmyHTUgPyT851tUbAlaPz-bA350QsknR3etrZRVld3mu_kcOeg0&ccb=10-5&oh=00_AQIm8dFnEoJoukEfiWUJP-xjbymN-mHiIq5JsrMic_f-hQ&oe=6AC9313D&_nc_sid=201bca,perspective,none,none,False,0.476,120
1167375111485271,-77.044689190693,-12.094019458934,1728145339193,2024-10-05T16:22:19.193000Z,SAN ISIDRO,san_isidro_03,77.306687333807,7AlOrHUhM9mTFXJqdgas5f,https://scontent.flim26-1.fna.fbcdn.net/m1/v/t6/An-bMmzRBiRoB3U4eV9SoxYwg_FV7LrvShFkMUfQrLq1sn_DwZgFGrz0jlJHYoVJOoqsTDM4mpmBcwPYRK03q199I0bVPfJu_8seJaz23K9XEyrBROGvDFo3LJbYvBu0qDrMxAJRBrB9_SvcJVcr9g?stp=s1024x576&edm=AOnQwmMEAAAA&_nc_gid=d18fnaVPjbNLBanV0hJtPw&_nc_oc=AdouobADAH-enxZJM4L_dSFGZrMruuVi6JC4jIZVOlEU2H3C9FGoCF_eKxPr8eWKTRs&ccb=10-5&oh=00_AQIUQKlIpsmDjwmYRZhiOLbdyNr4H1G9JdI8RDdNTuuBjQ&oe=6AC93C84&_nc_sid=201bca,perspective,none,none,False,0.575,57
1120836499777590,-77.044604981924,-12.093986941455,1728145566789,2024-10-05T16:26:06.789000Z,SAN ISIDRO,san_isidro_03,81.156783553115,KpIVZcNaenr49WXEmHJOzs,https://scontent.flim26-1.fna.fbcdn.net/m1/v/t6/An-JAs420pNa5Ft97jNSZg8R_hjtZRWvWR5Ex45ZcTCadXlA7_H4VWKpHCGeOax2c8zEFulV2XWv8dTRJ8zlVT_ZI_PfL_lYAhaxZbEmMa4xKciHCw_u0CabflA_y1v6Z8p9oGA2SNCdTDI1LiY6VA?stp=s1024x576&edm=AOnQwmMEAAAA&_nc_gid=d18fnaVPjbNLBanV0hJtPw&_nc_oc=AdrfrdpM4SRaUwqHprR6XBrMvGx3wDDKWuQXq_bCQaOBh97F4JKNYndsmkxXIqeMx58&ccb=10-5&oh=00_AQKcBoghEurqJquDBXUlopwfN4vqL0F-Eaxm4fcQQY26yg&oe=6AC95731&_nc_sid=201bca,perspective,none,none,False,0.616,91
1278752829933973,-77.044475420263,-12.093856577132,1728146404000,2024-10-05T16:40:04Z,SAN ISIDRO,san_isidro_03,83.090215681732,Ox4tYKMa8CZSU2dcewE57f,https://scontent.flim26-1.fna.fbcdn.net/m1/v/t6/An9xcvegnKV5ehmTBs5xu9lVThKbCuzjoTLvOmSBmc8umttme0YiRqu7SOaSx7rYMUVeBbFRd_E43f6aV-cZlW8qvR2GRYWuiWJWt-M1AQaQ2soGBZE7ezNwjeQ45KtG7oDX2ladm1g-igqJF4SFpQ?stp=s1024x576&edm=AOnQwmMEAAAA&_nc_gid=d18fnaVPjbNLBanV0hJtPw&_nc_oc=AdqpZcfQITZtp0-in3EqdBqhV64Xszf7bPiDDpuCPitXYVL4iU9U3vxeR9TZX06XukQ&ccb=10-5&oh=00_AQIL7bVc_vOb62e9JPkZeqXz0Q654L0PooiFqgUf8eXqeQ&oe=6AC94334&_nc_sid=201bca,perspective,none,none,False,0.597,226
1180042162715335,-77.045127142033,-12.093929204916,1670085906800,2022-12-03T16:45:06.800000Z,SAN ISIDRO,san_isidro_03,172.04,Wa8DSxChyNZXHjkmK31rqb,https://scontent.flim26-1.fna.fbcdn.net/m1/v/t6/An9yPeiNsYzBnV8z7hCfBs-t-__IRhUOC8PulBF0J3I3ztU0ZWF2mldCfd7CahcbvGdHfZEN-xHFVCBKLb06TBQzAim1KBXBKfeLckEFqhaYa1Cg44kS5yjl3HR6cvydx_zpAu3Zojq8aPpe5CXxf74?stp=s1024x576&edm=AOnQwmMEAAAA&_nc_gid=d18fnaVPjbNLBanV0hJtPw&_nc_oc=AdpjGY4B-fQunz0kwYNbwneUegFpnY0jmQApmttfoKMaakIPfDoeHQRFkp5IxcB86y8&ccb=10-5&oh=00_AQKXiOZu7jqI8M85Lc_5Bdjvm21xywwzUegMJmknT7f_cA&oe=6AC934AC&_nc_sid=201bca,perspective,none,none,False,0.606,333
1063048235133778,-77.044447161518,-12.093957576881,1728145568789,2024-10-05T16:26:08.789000Z,SAN ISIDRO,san_isidro_03,81.006863509633,KpIVZcNaenr49WXEmHJOzs,https://scontent.flim26-1.fna.fbcdn.net/m1/v/t6/An8STVET9qRQvRK7p7ia0GrIQmX5plG-ruqtUUO1WTYTLCB3tlYkrEuB5bf0Vvq5uFTtJ71-PEXX8HYNn_3A6IwH-4lic6tGPpc4Y8m_kGwyUBd_trHsuQ2rnxNYG38n2U-rbVuvYZlvS_VgBMo2dQ?stp=s1024x576&edm=AOnQwmMEAAAA&_nc_gid=d18fnaVPjbNLBanV0hJtPw&_nc_oc=Adob9TuO3L-LCfeNOXwvjjG_rmVQ9SNDCdJ4AOh1GjtCZuIxC3gbKF4g4MXv0HspYdU&ccb=10-5&oh=00_AQKHNokE6oWg_5LwOUTR3tiJ9QUfC1vMeoJ64eoDF2SCDg&oe=6AC94D43&_nc_sid=201bca,perspective,none,none,False,0.673,116
1278264880165384,-77.044326200055,-12.093961293621,1728145344393,2024-10-05T16:22:24.393000Z,SAN ISIDRO,san_isidro_03,79.100633723758,7AlOrHUhM9mTFXJqdgas5f,https://scontent.flim26-1.fna.fbcdn.net/m1/v/t6/An9of_o4p46HapsgR_WCLhVS2O7MfReMsbsnFAefUYeT_Rrg8LPlB9hMBGrYmt3qQ4JDGbzG2EDgo_0slzw1W_b6Oet1CYrKeWvkfB54hkv4tupDhL67EGZzGc8ZyAbncLyoCH5ScTKDxzsaxPxdRl4?stp=s1024x576&edm=AOnQwmMEAAAA&_nc_gid=d18fnaVPjbNLBanV0hJtPw&_nc_oc=AdoW2IyP1byWmpKlMXwzO8TbJRNeleAavuPG_Dr6TavqGWFyHg8kNevfa3pMyVi1FvE&ccb=10-5&oh=00_AQKl5sDRayX3YCUQlo_rMe0oi-D11t1udQwQhKG4c8o8eQ&oe=6AC93CFE&_nc_sid=201bca,perspective,none,none,False,0.633,66
1084594759605119,-77.044360765591,-12.093872814242,1728145570793,2024-10-05T16:26:10.793000Z,SAN ISIDRO,san_isidro_03,77.532786634021,G1SbueUlH60Co2xQWyZBTE,https://scontent.flim26-1.fna.fbcdn.net/m1/v/t6/An_AQyLIXCTDS03s1MTNu4A156QBrhL9lVVYJA_xyMlgycrTnlxB_rWef277emMH5RNoODAhYN7n6uaK5iOoQ1GEOoU4tH6Q3nDSWMlt6iLsfgb4V_Viqf39H4YcUgZcBh-SPY0XZtXfsFMRUKViapg?stp=s1024x576&edm=AOnQwmMEAAAA&_nc_gid=d18fnaVPjbNLBanV0hJtPw&_nc_oc=Ado1ZhnHTwwLjhS04Y01fqbsoc-NafBP8nWjIsQR5J-3DodWDqy-b7MX54krbSsFXPs&ccb=10-5&oh=00_AQJ_mrIuFsza9i3WeV_Qee_1s3uPgOok7Nx51AYe7ggcPg&oe=6AC93497&_nc_sid=201bca,perspective,none,none,False,0.673,251
1065216911815438,-77.044223316601,-12.093882293977,1727974210796,2024-10-03T16:50:10.796000Z,SAN ISIDRO,san_isidro_03,81.528199627971,P6bHBOemRrawM0WCo7gxU3,https://scontent.flim26-1.fna.fbcdn.net/m1/v/t6/An-TGO90JWmMPpAL643iBbf8Z85gpW5zlRi7YyOfG_mMCUIoWBHSGTtYOk6Pej7SQj9KZuWp5r85eXsRCpKBCG4gr-dO6j4-1gyc7EO0DbHhkNTfzVd7LADGU4brUNjVUYJFHxUz5x2ToEKjLeO9rjk?stp=s1024x576&edm=AOnQwmMEAAAA&_nc_gid=d18fnaVPjbNLBanV0hJtPw&_nc_oc=Adpd8HJRXaxBsgBGHNdMnoNwW5dkEqqjEYwkQuLIwt09lnN7bxJD7lbbxFu_iTEiTg4&ccb=10-5&oh=00_AQKqmrTcaE6vuQaNRxfqeXg8bYCQh8IGD1QiFp5mItfvRQ&oe=6AC9559C&_nc_sid=201bca,perspective,none,none,False,0.749,293
1110162040720681,-77.044847429623,-12.094179449326,1728145337192,2024-10-05T16:22:17.192000Z,SAN ISIDRO,san_isidro_03,81.142290932462,7AlOrHUhM9mTFXJqdgas5f,https://scontent.flim26-1.fna.fbcdn.net/m1/v/t6/An8wBu3MMfiBXc38AgJxURCWMGRZ6dQ09aHEYsuLf8VwuOFCtFarBa17M8NdXqY4y6K7E3NVs8v-_Q63qXigZRNYoaEkaaU-EQubk1lrIocsl-JP8XtrCSg8Gx3qTkbiHUf6tndMF3o_hTYQ0fAKnC0?stp=s1024x576&edm=AOnQwmMEAAAA&_nc_gid=d18fnaVPjbNLBanV0hJtPw&_nc_oc=AdrdRWr3JOFCBsi8RL5Sg0JkymheJgn5NVm-SpIazegv1U34qyv1bBShxbFOtVf3JZY&ccb=10-5&oh=00_AQKwTLtR9_HYiRJct_DtRSCiOaayQq65b4qC-KhFKw_uFw&oe=6AC96282&_nc_sid=201bca,perspective,none,none,False,0.628,255
1304635480906995,-77.04475524537,-12.094010455126,1728145564998,2024-10-05T16:26:04.998000Z,SAN ISIDRO,san_isidro_03,71.137460957424,UbTqcvk6X7ehnF8uQRxoga,https://scontent.flim26-1.fna.fbcdn.net/m1/v/t6/An-_o24lXq-sGsPPJz_5HNM_GBNFI6sYNSz-jXlSks1u111t2T_qqUte4hUVXIH03U8-6AoAZR7Rn5Ps4J-zQFE5iULPTJAVTwDxnkCwk9K8sQl1MpcWJk3nfNrVhd6j7YhmZX3PRrDCMZveZTmg6Q?stp=s1024x576&edm=AOnQwmMEAAAA&_nc_gid=d18fnaVPjbNLBanV0hJtPw&_nc_oc=AdqFcefHfO31f4Tn50ZP8ZD3uX-IRh6tDZcNFBaKqsQP0QepDtYn02eF7KyQsKK52cM&ccb=10-5&oh=00_AQIbTcvh8As4Ai-_83A9p6X6bimjcblljIho7mo4k2SqFA&oe=6AC94E95&_nc_sid=201bca,perspective,none,none,False,0.658,296
1589547405008775,-77.044100254543,-12.09386609181,1728145348396,2024-10-05T16:22:28.396000Z,SAN ISIDRO,san_isidro_03,86.987400603753,SlJi1W7yfR4Qd5zjZaLPBH,https://scontent.flim26-1.fna.fbcdn.net/m1/v/t6/An-O4lsUJbVUN9jX7xkIH88eqAnwSEHeaCEg8rXg08FzxRrngoMrsOIfXpdDDYHX2kPc1EsW19vhlW9SL3sBpmOq6MBXBispOQvc_bVVcKew7hB3Krma5m5HMRErlqtuV7F71DAvqJkOLenQ839qa44?stp=s1024x576&edm=AOnQwmMEAAAA&_nc_gid=d18fnaVPjbNLBanV0hJtPw&_nc_oc=AdoQ1BSTkEDzxdLS45ZAm1YOpqLKB1NHCz1vnXlHRT40jUQvkkxeDHYqW2cgJACyxTc&ccb=10-5&oh=00_AQIR4c7ndxrM_aG7uVlHcamyFbpEAuz6BKa8FpZ1ADZGDQ&oe=6AC95F11&_nc_sid=201bca,perspective,none,none,False,0.694,305
1198731314693403,-77.044534879736,-12.093928094787,1727974207196,2024-10-03T16:50:07.196000Z,SAN ISIDRO,san_isidro_03,83.415433843588,P6bHBOemRrawM0WCo7gxU3,https://scontent.flim26-1.fna.fbcdn.net/m1/v/t6/An9Kz6oEOFCnfLqDgdFImmZFSmnu7K3OZ_lBkFkS_zlsfoInQev0kt60KSt2xv9oUwCyAWXIlwTc65bf3SdrKJDDraU4cBxjWydjvdXNvbjtBLSgmYrQMo5PLlp1wBOlewWkI1_50l5Ok7XJN5GV8xo?stp=s1024x576&edm=AOnQwmMEAAAA&_nc_gid=d18fnaVPjbNLBanV0hJtPw&_nc_oc=AdowR9vlHRcLTxBu4v7bbVZVFDOCeARh2m6GNNyquoWhHeAMIfUH0Xs0s4G6VDGedik&ccb=10-5&oh=00_AQITKsw8ntSW_BtdvM3LTHdO-rOoaXkauav1-X7nWumB8g&oe=6AC93BF5&_nc_sid=201bca,perspective,none,none,False,0.706,318
1293042138220251,-77.045030524564,-12.093899732038,1670080708000,2022-12-03T15:18:28Z,SAN ISIDRO,san_isidro_03,173.95,sOXn2Sy7bkR8FMLdQxc5Kw,https://scontent.flim26-1.fna.fbcdn.net/m1/v/t6/An_O8oXDnm81B7tDY3Z50L8eQDqRV7qiCNvuUaeqoSlkO1Y6_xgsW9HtYEqwYYzSCtLblL_0kk61vzBO4Xsd10Zp_xlZ9anyQUt9uv4tUGSeCAvjkUrV4fqLy5wjncsBvAZLTkCw_XFEDphJCmgsUJE?stp=s1024x576&edm=AOnQwmMEAAAA&_nc_gid=d18fnaVPjbNLBanV0hJtPw&_nc_oc=AdqbpAotiVJzFp0lqCryvX3d9pmoi_JwVshNeKO1eC0B-zF7vnFoARYmnZOp5Ay7BvE&ccb=10-5&oh=00_AQLTV0gFbgiRvIKGe_bN_hgyMe7_jRYseOinscqx57FH3A&oe=6AC96055&_nc_sid=201bca,perspective,none,none,False,0.674,430
1207433873851472,-77.044158582459,-12.093875088721,1727974211597,2024-10-03T16:50:11.597000Z,SAN ISIDRO,san_isidro_03,78.412007589409,P6bHBOemRrawM0WCo7gxU3,https://scontent.flim26-1.fna.fbcdn.net/m1/v/t6/An9_0XGfkLrtQ0qm5EMtI70Sn5X6iBs66KfSa_oaOFs5-2vqSN5atXsU84fOGnPkSeP6wX9W18SOo-gIhue4dAlqZ3z47HpUAOcdOfC87swOy5-ZRYlhzFy0NJOHvHUoeTgYJzwK4qQYnQcwetvI7e4?stp=s1024x576&edm=AOnQwmMEAAAA&_nc_gid=d18fnaVPjbNLBanV0hJtPw&_nc_oc=AdrltqAhfqve5pkv4P4PYdPeszNrwbGqBZKsfQts83l3fC6iDWMs2fhe7T-FbYbEMDc&ccb=10-5&oh=00_AQKCtFJ20FoPE9w_6x59MX4lMTVqAgrJxglbbAVtr7vezg&oe=6AC9301B&_nc_sid=201bca,perspective,none,none,False,0.729,296
1434918841230021,-77.044190074301,-12.093851767445,1728145341000,2024-10-05T16:22:21Z,SAN ISIDRO,san_isidro_03,81.353,HpaItxyX2G0LKVkuYvCNjd,https://scontent.flim26-1.fna.fbcdn.net/m1/v/t6/An_uBKCSJ1jElkxlPnRyZidfKaTPdpmDgfini7RQGCUx_I9nRXu7PjlDSU1efxuSzsTojduOgYQBIoHD3v3-pJt1dqKZZkEPSVEmLSSTIm8MVYdfqmY0UtBlht_Yd2D90hP1LsDNF1wFDZqau-QoLSM?stp=s1024x512&edm=AOnQwmMEAAAA&_nc_gid=d18fnaVPjbNLBanV0hJtPw&_nc_oc=AdrpeTpd77JpX1LgAU_Ml3Qc75_jtyh4qQxl0wxj-gNVpA2QB0hYjxzUV4UECVYNjoA&ccb=10-5&oh=00_AQKuZheyG_lRtnX5CgkaBw7ID4n-j7BEnfmYdZmcFOBmiA&oe=6AC96420&_nc_sid=201bca,spherical,GoPro,GoPro Max,True,0.886,414
1442651396599432,-77.044545963218,-12.093988678838,1728145341193,2024-10-05T16:22:21.193000Z,SAN ISIDRO,san_isidro_03,80.556190829064,7AlOrHUhM9mTFXJqdgas5f,https://scontent.flim26-1.fna.fbcdn.net/m1/v/t6/An9Io1owCefLnDS3SiVQK43grVkMkNu47LhSnG6Hsju7l_crIDhnGbbdorruiCFaOGVOgS2o_h60ojZLZLjABqqeuZbgiFrTCtAlraNQKz3_mDCT0H5BayyDeAPli-37rC70d2fbAQlTPky3JDWT3oc?stp=s1024x576&edm=AOnQwmMEAAAA&_nc_gid=d18fnaVPjbNLBanV0hJtPw&_nc_oc=Adrn50HubO3PEhcT6QTmEtE1tBsB4batSeY9rDLDfHbeOS-6BtQo95vA5rHCAxyjBPU&ccb=10-5&oh=00_AQKSu2Obb4QzmIMWOxQGqJPZeGeN31XbaWCcg4kB7JVg3Q&oe=6AC95C8A&_nc_sid=201bca,perspective,none,none,False,0.596,77
1236506234293751,-77.044488228554,-12.093977249662,1728145341993,2024-10-05T16:22:21.993000Z,SAN ISIDRO,san_isidro_03,80.556190829064,7AlOrHUhM9mTFXJqdgas5f,https://scontent.flim26-1.fna.fbcdn.net/m1/v/t6/An9Z8jIinmd9KTNYRFvyCnPRbMLXWIIxC9W456UXkW1_RWBKT5XDAvO5KFi1SkPG49mPSnWQreGTYxCGf2nVtKYTTVxxekBO_PWY6DME0Q4HARFhb6W82C0CSV15BSD_FY8dG2IHH3LkaeCJJfhitVw?stp=s1024x576&edm=AOnQwmMEAAAA&_nc_gid=d18fnaVPjbNLBanV0hJtPw&_nc_oc=AdpwsV8cKKPvWcJgvd2CPlX14ilJ07DsNoRP_H1p6mtZg6hoQaFhfSPkmvUtfz7X9fc&ccb=10-5&oh=00_AQI_tE81rbbuciDHS_E6_pWrwxSRSDLcXlqvXT0K6kfrzQ&oe=6AC92FCE&_nc_sid=201bca,perspective,none,none,False,0.592,114
1274199366933115,-77.044433141605,-12.093913401477,1728145343596,2024-10-05T16:22:23.596000Z,SAN ISIDRO,san_isidro_03,82.539279224385,SlJi1W7yfR4Qd5zjZaLPBH,https://scontent.flim26-1.fna.fbcdn.net/m1/v/t6/An_gtHUXyk6oMiPJv5v5b4qBWxWzSRO2--Sp6TxI-y9drQxA4GiDnc5TCOsKifxg4HhBI9a-zuBKVPvAJgNxOqbaD4RcUWcY-6OrxPsN6Qtr-Np4ozGl6wvtzdRxgLBbYo5BxCjIZAAqLbNIFHQcj7Q?stp=s1024x576&edm=AOnQwmMEAAAA&_nc_gid=d18fnaVPjbNLBanV0hJtPw&_nc_oc=AdpJHprY5tTm2V5KYxmGXHhUB-p6bhVVsJB-S82bDoqnbo-Z42XNXSjEZE9afngEkXY&ccb=10-5&oh=00_AQLuZFyIp7h_aPa8l8xznIsozquhKU_UFWVUCRNMpI4ToA&oe=6AC94BDC&_nc_sid=201bca,perspective,none,none,False,0.665,191
1560089047528294,-77.044725304052,-12.093915524289,1468431679000,2016-07-13T17:41:19Z,SAN ISIDRO,san_isidro_03,348.37554812385,lXkQjSTDzQ9ASlw36kBrpw,https://scontent.flim26-1.fna.fbcdn.net/m1/v/t6/An_k7PMQCMp5HqHNUG1-064sNi8x5iw6OD6T90nCbNQqlBCKsIQgFAvhUSfiGIaF8cNt_Y-a46Ic2qhcUY7IVGdm-cJKMppTtbEPP-yNIxKwvelBrZ3V_MCzSFCYAW00ipaBUWCFwGTmm_27OfPQYw?stp=s1024x576&edm=AOnQwmMEAAAA&_nc_gid=d18fnaVPjbNLBanV0hJtPw&_nc_oc=AdpZEQ2p57RgzSeeq-ljtd7cqtzGErL8K0kMdTerG6-PEeXUtSBukb_WoKdlrWFPVcY&ccb=10-5&oh=00_AQL0Noo42pnizC26erUi0WwJm-kP_T6T5ZZXmC4m-eXGbQ&oe=6AC948E6&_nc_sid=201bca,perspective,GARMIN,VIRB-ELITE,False,0.662,0
1616828072165299,-77.044789873638,-12.093850386507,1670085904000,2022-12-03T16:45:04Z,SAN ISIDRO,san_isidro_03,172.81,Wa8DSxChyNZXHjkmK31rqb,https://scontent.flim26-1.fna.fbcdn.net/m1/v/t6/An9xABcRLXgvyrvaCelqSN55qtFFRw2sAkUBeAggkAzXUtiFPvUC_Bd0GBE8ARwZx6LCielRB1Ep2u4xsTC_5tIZNs2o2y1YJJRmFXRFtrcWhggn45Mca4HSTFgrJH3WS-UEXvWZk-lAyWQsRDaREw?stp=s1024x576&edm=AOnQwmMEAAAA&_nc_gid=d18fnaVPjbNLBanV0hJtPw&_nc_oc=AdofRIviaY7pYlZ5GfjjJ0ykVMBcysLWvTxo_dxpRGD6mf6XUP9B5teEdiHNo0fgRrU&ccb=10-5&oh=00_AQKxnL8d64HKaxXbcPn9JRdsoc2PMv60f73BSnfC0Qs74g&oe=6AC93781&_nc_sid=201bca,perspective,none,none,False,0.492,205
1592151081385726,-77.044559297569,-12.093869824596,1728146403199,2024-10-05T16:40:03.199000Z,SAN ISIDRO,san_isidro_03,83.090215681732,Ox4tYKMa8CZSU2dcewE57f,https://scontent.flim26-1.fna.fbcdn.net/m1/v/t6/An_pl8a_eKU65iCPOYabTSh0SQc5hb9FSbzxDKdwIsdXcZ9YAj4suwi6Ab3pBIZDxQ9F1P3MYjFMW20RACI-uN4ZS2ziYs6YmhU8z3trOCRondFca-wL6zBd0R2bvn-i-cJylpk8Fy1TJVlbZb2S0A?stp=s1024x576&edm=AOnQwmMEAAAA&_nc_gid=d18fnaVPjbNLBanV0hJtPw&_nc_oc=Ado_whVanOtZvaRgXmLH27Q0PEbm6V5mRGDJTqw7H7C5_BM0EHtwCvmF4XWTrY6iLUg&ccb=10-5&oh=00_AQLany_s8GbcAjdancJwbkvwW_BS02r8c0EsV5V7M6XTDw&oe=6AC94D65&_nc_sid=201bca,perspective,none,none,False,0.612,234
1296263881363464,-77.044573518814,-12.09397776714,1728145567189,2024-10-05T16:26:07.189000Z,SAN ISIDRO,san_isidro_03,81.156783553115,KpIVZcNaenr49WXEmHJOzs,https://scontent.flim26-1.fna.fbcdn.net/m1/v/t6/An_zOXV_Mib2DJG7RdrDLdPjmBwtzkfPwIo_t7tdwPEgKxoF90rg7CK_ObwbX-3L7f9RA_D6cuBImaqa2vV3Tqsbm38Y_PghBnw5azR-fFeLU5XfO0AF41WYgUTCl3zzvpcbetFVuEhtYdn2cbVL758?stp=s1024x576&edm=AOnQwmMEAAAA&_nc_gid=d18fnaVPjbNLBanV0hJtPw&_nc_oc=Ado-qJ89OxXUGYE3T2Y6l-TExntqJfkTSCEo-HMFeMrkL7W2KW_Xu2H1zyrW0AHBV-s&ccb=10-5&oh=00_AQIfQRrd5HWSPOUuguuVqlz0W5zNrBoGLAhPrNqB7ualdg&oe=6AC9464C&_nc_sid=201bca,perspective,none,none,False,0.658,122
1529198681290286,-77.044447308002,-12.093873074972,1728146401000,2024-10-05T16:40:01Z,SAN ISIDRO,san_isidro_03,81.661,rFzSv71yBnqU6OYwdh5QLV,https://scontent.flim26-1.fna.fbcdn.net/m1/v/t6/An_aCpmwEdXsFBY6s9iKYi_TuM0CZ601j1LkihNyubufFmq8w2C5OxmBw3M9MFEw3GT3xXbU7HShmgw__XkgQd9o-8G4l5laN5n1aIGKM3pMdL8dJ_Y9d47lfwPjs5fP08ruFrgJ0nBWIXc1cmTqgw?stp=s1024x512&edm=AOnQwmMEAAAA&_nc_gid=d18fnaVPjbNLBanV0hJtPw&_nc_oc=AdqzipxHx6O6d1nRmN4ANYlt8bGb5YPK3tbpiNiEXWt1qwRhQEniaY7Cuvq3l5nn-dU&ccb=10-5&oh=00_AQJKdNqpzOtNl6eL96ru41_dPwSaECT9gb_XrdlEJ6bl9Q&oe=6AC95474&_nc_sid=201bca,spherical,GoPro,GoPro Max,True,0.886,415
1577132856264582,-77.044831458754,-12.093974757796,1727974203995,2024-10-03T16:50:03.995000Z,SAN ISIDRO,san_isidro_03,78.942612943844,P6bHBOemRrawM0WCo7gxU3,https://scontent.flim26-1.fna.fbcdn.net/m1/v/t6/An-3UvXEXQV8yyj061r15uOKouHCoM79wJ8VgbC6h1gKEDyYW9NGhrDJxE9DdDVeSYp6dF5GyhcqLyz4OKkqodv5iNLBVJSxaJGyS-GSmIEJqtKQnENbI_LAohf4-ged8kQmX3sWvmgNxpC5NZmnmA?stp=s1024x576&edm=AOnQwmMEAAAA&_nc_gid=d18fnaVPjbNLBanV0hJtPw&_nc_oc=AdqLuQCiEBtAYl44q8W9ff1I5CNdAjjzNhSMKWvEuSE6j79cgXbyOu7TJ78_capZJD0&ccb=10-5&oh=00_AQLOeBSr-oYf_OG2QXJnPAkbJ_C_DSCEHay3UsVWR8QX4Q&oe=6AC9554E&_nc_sid=201bca,perspective,none,none,False,0.653,117
1195558341546784,-77.044301085268,-12.093959796633,1727974210198,2024-10-03T16:50:10.198000Z,SAN ISIDRO,san_isidro_03,81.419383163641,Sud4mwZevyfMlPD18Wxo0a,https://scontent.flim26-1.fna.fbcdn.net/m1/v/t6/An8Cjw8Afge2Z58CtAseubB4NE722uky9uQy1cEQujE9W8tkmJdioI9p_DXdlOSeBhhDgJGDP3fQ2C9jwCwptDvjo0AVObhNmQCGKAQwANsNvAjhLDMq0bqqSd7O51PGEVTBeLANPsnWwnK4bS1lfQ?stp=s1024x576&edm=AOnQwmMEAAAA&_nc_gid=d18fnaVPjbNLBanV0hJtPw&_nc_oc=AdrQymGGzicdTD-JbOkCAM2nkLvbDlHxMCJ6An9jJm7DkpK-xAQPYn0jL8iXChF-qco&ccb=10-5&oh=00_AQJ87sQo1TNbtzUEFKzBLqMuQKUb0TQz8nlPWKKs7XS1bw&oe=6AC9635A&_nc_sid=201bca,perspective,none,none,False,0.624,85
1550375326358132,-77.044256246183,-12.09388640014,1727974210396,2024-10-03T16:50:10.396000Z,SAN ISIDRO,san_isidro_03,81.528199627971,P6bHBOemRrawM0WCo7gxU3,https://scontent.flim26-1.fna.fbcdn.net/m1/v/t6/An8-7r1Qfo-f6daUNRbuVmkg-poYSaP4BShh7fJkkA5z6jJXl3S8JdOtlaTVAw-WJ3431I9RBBqymCTDNEqUjZsAzSSS5EBh2HmcNBQXu8hKGJI3fOEACwVk1R8xNH1IMZqqYHFowvqh3bN1yY940g?stp=s1024x576&edm=AOnQwmMEAAAA&_nc_gid=d18fnaVPjbNLBanV0hJtPw&_nc_oc=Ado2RdixdIRUOWNepIqY4E3GYePhkyVkVvMplOD6LJONOp-Uf3NGsP0wBSd_kWwXS4A&ccb=10-5&oh=00_AQKQ6PuCMIbLE-XT7jyzey2v9y-__hzydYFXC7DEiL3ECg&oe=6AC95C21&_nc_sid=201bca,perspective,none,none,False,0.737,320
1473824596614679,-77.04491898531,-12.093938478765,1728146399199,2024-10-05T16:39:59.199000Z,SAN ISIDRO,san_isidro_03,76.277334810463,Ox4tYKMa8CZSU2dcewE57f,https://scontent.flim26-1.fna.fbcdn.net/m1/v/t6/An8DYsbPKEksE6rT8GE4PZ2HKjYIh4RU-pEo074CP0o-Ybn06t-vj6tgEel3D4ORWqXM-7nxYAfgFNuC_Bqj5SSVjHteVmhhEJAGY3OyJo-HRQUrBAIwbqEInGPnd2J6GcQYzHEOKpVIWarSZAAMrfk?stp=s1024x576&edm=AOnQwmMEAAAA&_nc_gid=d18fnaVPjbNLBanV0hJtPw&_nc_oc=Adq_tYzbH7fead9UZr1t8qUIJm8xkIE3RZu2bdPGzuhP-KmymAV0AsmTl3YIlQzi5zA&ccb=10-5&oh=00_AQJYyWjyYtH9DMhvMSFAxEnlua8DbUsyPD6k-oHzXSgPew&oe=6AC9469B&_nc_sid=201bca,perspective,none,none,False,0.569,284
153948134140162,-77.04514846375,-12.093932824439,1670080709400,2022-12-03T15:18:29.400000Z,SAN ISIDRO,san_isidro_03,172.53,sOXn2Sy7bkR8FMLdQxc5Kw,https://scontent.flim26-1.fna.fbcdn.net/m1/v/t6/An9slOUUSKn_fRfHu5XGaKqJgDUK_vyNXpVUyJT5JWWOHhtyoY1yoboO-xlpfNbvpQcsEmcKOh4_2T_Ed_z-c_RSCT8EAsnl8RPRiegBhl4TLaEomJZdTjvgpCDqRmyJJlRjb9hjwXVmUzVD2YmfOQ?stp=s1024x576&edm=AOnQwmMEAAAA&_nc_gid=d18fnaVPjbNLBanV0hJtPw&_nc_oc=AdqAqiKZaSDUOMQpw3pF2o1tpiWxmqeVZVYyXnia9E72GZqYW2qTJ215v_zpRqLBeRY&ccb=10-5&oh=00_AQKf_5ZXzMODib24qiNTYivoRfgx9SD8IKZyUkGgCvKitw&oe=6AC93CC3&_nc_sid=201bca,perspective,none,none,False,0.653,297
1322764101631841,-77.044556527199,-12.093803531444,1670085902000,2022-12-03T16:45:02Z,SAN ISIDRO,san_isidro_03,172.23,Wa8DSxChyNZXHjkmK31rqb,https://scontent.flim26-1.fna.fbcdn.net/m1/v/t6/An__Irx-onQf6Ws1k4tX9CXmLWRnfJ7Himu9bSJYu_SuL-eAbpg4BGgjnRou5OOjNMNum_-S3mcjAIrD0DPhRuiM_mnOadKqvSHT8_rq-Vp4kkNYJpS1vW0UDVzV_sbUWmMQ_T5xfwQ6mcUKwrSI1pk?stp=s1024x576&edm=AOnQwmMEAAAA&_nc_gid=d18fnaVPjbNLBanV0hJtPw&_nc_oc=Adpl7cZ7y4CemgZsOw_GsaQ2UE3oEqGw_Frvs6kxxBM22mq05c0fAMXBsJhtE6zZTls&ccb=10-5&oh=00_AQKGjJdtSr0PJ4ewN0EKVnJamidTtsCQ7iSHjzikLeC6oQ&oe=6AC9310C&_nc_sid=201bca,perspective,none,none,False,0.449,237
137909578901324,-77.044612143971,-12.093813891435,1670085902800,2022-12-03T16:45:02.800000Z,SAN ISIDRO,san_isidro_03,173.36,Wa8DSxChyNZXHjkmK31rqb,https://scontent.flim26-1.fna.fbcdn.net/m1/v/t6/An_1d6rHrHQGXE-xbLobxOkx_bOVFOpVlGTnRBw7N6ivyjyl0flI10hVgiAtKUoIkHq6kts4kabdYE5rP21mcEMqcZEs17L5atiHEV7PtbsNR_y3eUEMpbWPr82ztS7ZEa6PP4C-v_Mt1_FPMOKA-eg?stp=s1024x576&edm=AOnQwmMEAAAA&_nc_gid=d18fnaVPjbNLBanV0hJtPw&_nc_oc=Adok_BEHylPFD_uqLYf8IUCoHiur_zheDIkqH4oSqo2dQs5CZkj2xUmomqz9djZhxjQ&ccb=10-5&oh=00_AQLYRCE-Q9rNGQBorThvIvV9-Cw8xS-ltqR9YuXo3RBASw&oe=6AC92CCA&_nc_sid=201bca,perspective,none,none,False,0.367,219
1559686904916372,-77.044446164483,-12.093909802098,1732882125252,2024-11-29T12:08:45.252000Z,SAN ISIDRO,san_isidro_03,81.166321876237,mT2ywPOq6DQSXgUbW9vd4o,https://scontent.flim26-1.fna.fbcdn.net/m1/v/t6/An8hHZcifJvcGiL3o-skOlNLoJYchuFBi2UFJrQahFvkTLhJRheDgIIvf1-2REgKNkKSox6keUDpoxpIOYt4WM29Udsh97tEGgndPC5OWcg5TQsSH6QpT2xi1AsFiiQEjsyImhp3k77J3MhnKfiBXg?stp=s1024x768&edm=AOnQwmMEAAAA&_nc_gid=d18fnaVPjbNLBanV0hJtPw&_nc_oc=AdoMaqOFQvou2yI2JSQXLmw_QSPddVR_KAFXjBJCpRhRl2jWObTG5i4xro2d2b8KblI&ccb=10-5&oh=00_AQJ7Jt9BYso8r0YdYDDfSP0VAXwhH_bU8LV0SwBwcxJzAg&oe=6AC94A63&_nc_sid=201bca,perspective,Apple,iPhone 13 Pro,False,0.254,42
1501755037210951,-77.044737096257,-12.093957230618,1728145566392,2024-10-05T16:26:06.392000Z,SAN ISIDRO,san_isidro_03,65.425184991284,G1SbueUlH60Co2xQWyZBTE,https://scontent.flim26-1.fna.fbcdn.net/m1/v/t6/An-3Cy1EbYot3104uw4W6td3h6W5FOe_IDPDGhxoi-SE1lhIsMHVKVxhWqMDZaPsWL_T29nIybRkgGGzupF_NxwWcd-zEL2GMV8dTTkFDe68iXDtSXMLUIHGW5BHp5YQx6PdeREsWfNeFYPgHb5dgdY?stp=s1024x576&edm=AOnQwmMEAAAA&_nc_gid=d18fnaVPjbNLBanV0hJtPw&_nc_oc=AdoxDFhOB3_8dE7i2SSypUfIAtCJrsE2Ejpip0-iIb6OHuINHcQv9SOMeFImpdHtdD4&ccb=10-5&oh=00_AQKmb3D4QCzEgTeyqu7iKi2KKhWNUhT7fFkEWe1vC8K55A&oe=6AC95AA3&_nc_sid=201bca,perspective,none,none,False,0.608,160
1330425107753283,-77.045181141791,-12.093568363252,1670085907000,2022-12-03T16:45:07Z,SAN ISIDRO,san_isidro_03,264.47,bmPEWjLtNSM9zsqJaGwViZ,https://scontent.flim26-1.fna.fbcdn.net/m1/v/t6/An_5cWeuSu0SRwbFoqIZJ5CmV6IL7-LunOzsGV-lpveHYwepiPLUgkZ4KFWMrzFQ3kPhZoJbzttCdcuHH4MkKHgskRgKPAxpKr7dwqB6cdnhWi2kmIb3Q1F9BUa67YhyCYaLZCMlICuWzyZJGM4a5n8?stp=s1024x576&edm=AOnQwmMEAAAA&_nc_gid=d18fnaVPjbNLBanV0hJtPw&_nc_oc=AdouvjHHv23_vKgCB6rckJ4A4S2aPTODNpoz7nhlrpCb_P8fUYAyyyJIdIA2hky-pbQ&ccb=10-5&oh=00_AQJDuzQadMID1-Wq6EEZ_FDWA4o4-qaRH_R6SjXMj5yWQQ&oe=6AC9648C&_nc_sid=201bca,perspective,none,none,False,0.696,224
1481632779034488,-77.044503775506,-12.093793299749,1670085901600,2022-12-03T16:45:01.600000Z,SAN ISIDRO,san_isidro_03,171.78,Wa8DSxChyNZXHjkmK31rqb,https://scontent.flim26-1.fna.fbcdn.net/m1/v/t6/An9K6p0iRtZjox80GKJ06bGeEOc3MgSIw8RJSg2_okgBmbPCzxiiCeZ_f3tMXGPDkN0AeW92bRPywuccZPrYwF01icXO-hy1dV1dl7cl2U1Dg441Hbd28-bsy-tZzwCSEGh9cIWtTvZrbSQ4Qpjkag?stp=s1024x576&edm=AOnQwmMEAAAA&_nc_gid=d18fnaVPjbNLBanV0hJtPw&_nc_oc=AdqGmn_5y-7kMCpL5HUGMzrRsT0rIU-U5SrWQrR8muqlGrgpz0wm7FI0vZ0bQyZ2kAs&ccb=10-5&oh=00_AQL94qWyxKQE1TxlFfes4kPLEqdIMnyjjW1CwrfZ8wX5Sw&oe=6AC93113&_nc_sid=201bca,perspective,none,none,False,0.582,219
1304672734244725,-77.044509043488,-12.093964886758,1728145567989,2024-10-05T16:26:07.989000Z,SAN ISIDRO,san_isidro_03,83.384620102812,KpIVZcNaenr49WXEmHJOzs,https://scontent.flim26-1.fna.fbcdn.net/m1/v/t6/An-yovbsberC7dlX5IkguKMFx_7Hx2Cl7qFSegbBsnEqC7on-T76o-D2taLhdCAeNXSYJppV18jP-BSQjJzVLsGqh-kajEiKI28R9_A6gZ-3QrqHi-KIAw2W2BwxIQJC6wfTCP4y3FOJDR1lBi7ivHM?stp=s1024x576&edm=AOnQwmMEAAAA&_nc_gid=d18fnaVPjbNLBanV0hJtPw&_nc_oc=AdqmUp7fDMWO0D6GQi0YDqWWfMZbEYCeYHWj1srA_uNN5JWoNeGT7fftH7H2w21a-nI&ccb=10-5&oh=00_AQK6U5GdQ_9LnmkN0kfoTfJ46VFnjkwsG12YXGoJHycdNw&oe=6AC9518A&_nc_sid=201bca,perspective,none,none,False,0.63,81
1499655824053704,-77.044440261426,-12.093938624712,1728146403197,2024-10-05T16:40:03.197000Z,SAN ISIDRO,san_isidro_03,83.116482111709,xuNZh0T7CovDy3iHqfWKmR,https://scontent.flim26-1.fna.fbcdn.net/m1/v/t6/An8X0y8BXBA_FLvaS_VdZ8HO7RTT3ECyeKDrLA189CNvdm6ZmYVvMngUGS46yPG4ZymcuUox85pJ_xyV1C6tWPHe3kNtc6-TAyhJuEqKZr8H31JDyBJU3ZWy0Y_d5Apbl7imgh00i-MJT8hAHVY90oU?stp=s1024x576&edm=AOnQwmMEAAAA&_nc_gid=d18fnaVPjbNLBanV0hJtPw&_nc_oc=Adr2XihccxMjsrjbsSvppnDqHxQyS6vnkinJaTMV-UiwykdQapx_TCdEP_kwo_W6JPQ&ccb=10-5&oh=00_AQKVKyEwM6W7el_yd5Vox0UgQf-Lv50ef7IL5nK9V4SozQ&oe=6AC931C3&_nc_sid=201bca,perspective,none,none,False,0.684,159
140753941921292,-77.045389885504,-12.093661740284,1670085908400,2022-12-03T16:45:08.400000Z,SAN ISIDRO,san_isidro_03,263.2,bmPEWjLtNSM9zsqJaGwViZ,https://scontent.flim26-1.fna.fbcdn.net/m1/v/t6/An-IRIYIAvb93vqQk6Iu5L1PNXKvIRuhIx6TP1j7gAvPlMc9ML40rcVxUe8zf8ZXWD0d7ZoFVql7DrXhrpWvAfc0LulYor8zwJh9oxqxnt0c69nUsBLGOx1-9Kz0eGBohLAaGYbeXnYU3bjLQ6RrwFU?stp=s1024x576&edm=AOnQwmMEAAAA&_nc_gid=d18fnaVPjbNLBanV0hJtPw&_nc_oc=AdoH9br7aqOzHdsfhECEQfj83C13T_K9cN3Jpnz56nerVRKToaix6dBy8nHYFQxFTtA&ccb=10-5&oh=00_AQJtz-krWjI8gZOb8vCu-8WTvhdxSt6PRqipV_u1gdwHtw&oe=6AC9358C&_nc_sid=201bca,perspective,none,none,False,0.688,264
1276469626738804,-77.04465009715,-12.093970672925,1728146400797,2024-10-05T16:40:00.797000Z,SAN ISIDRO,san_isidro_03,76.188258927739,xuNZh0T7CovDy3iHqfWKmR,https://scontent.flim26-1.fna.fbcdn.net/m1/v/t6/An_QK9ocAzTArWabh4sVtee4zUDqRj87cdIOEYmRKY0Nx4CSCDNrPRg4SoE_uZwhn_j9q-Dz3kEdSq3W6IfodDVD6SInc3FtQ2yj-NXJbyO09hjcuCzMBuWjGThkjSenpWV-bhOXGeFRvIqZ6A6ItU4?stp=s1024x576&edm=AOnQwmMEAAAA&_nc_gid=d18fnaVPjbNLBanV0hJtPw&_nc_oc=AdqSA0lJgyuGv0pHXQH1G2ehd18dVBW5yrH5jfYctG9W9HDQ3ayVKgkQli8A95PDxoc&ccb=10-5&oh=00_AQKGZXsypb7w7-h_nRWCaSdcG4I-BtHMOmKAnbyApBgMBg&oe=6AC940DE&_nc_sid=201bca,perspective,none,none,False,0.663,101
1285880949095872,-77.044229946483,-12.093960525536,1728145345994,2024-10-05T16:22:25.994000Z,SAN ISIDRO,san_isidro_03,80.740041291824,7AlOrHUhM9mTFXJqdgas5f,https://scontent.flim26-1.fna.fbcdn.net/m1/v/t6/An-bhA-g7-Bmh6DWu2oIqsVcoBIs1PHnRg8ZKb8n3u5YspG7iaGRfV8G3_5IHToaH2qpPvowVwlBtEXyKUpOAulwdE5XvoIbNCclp7DVGNVdvFWDFi2xL4iF40WbY7MNH1Ja8f_G9QTU5ySTvI5dna4?stp=s1024x576&edm=AOnQwmMEAAAA&_nc_gid=d18fnaVPjbNLBanV0hJtPw&_nc_oc=AdqcyGHXESYJolup1UTMn0EaBAQ3HDtdPwcA_hQaFUt9w7s-3r-VjNIlWa8ONNHdZYw&ccb=10-5&oh=00_AQJKlevI1A0opWZaASILGsCzvq5ZMO6WEHVmEqnHSwBPuQ&oe=6AC95645&_nc_sid=201bca,perspective,none,none,False,0.678,102
1465805350762737,-77.044717972783,-12.093958568601,1727974205196,2024-10-03T16:50:05.196000Z,SAN ISIDRO,san_isidro_03,81.915712778319,P6bHBOemRrawM0WCo7gxU3,https://scontent.flim26-1.fna.fbcdn.net/m1/v/t6/An_F_5BIlSXx90IZyb3JJvw01zoMsJ_5e7iOE17eoSCnKcwvlWemGyqSsnMVAyQGMYCd6zJXsyOxhcilGGSCUYbDywmJqlCWJeOPdQJ-e5Z-WjP9-y4fLt1jIKeMVbUxXk6nV8_VdmOZkCv08IDKpec?stp=s1024x576&edm=AOnQwmMEAAAA&_nc_gid=d18fnaVPjbNLBanV0hJtPw&_nc_oc=AdrmMANTlwg4icix0AqmhsyyW6Uho2nPpbsRQicPvKg2EkKusbRqtzS5z7rBhvE9fE8&ccb=10-5&oh=00_AQK3R0ii4wmylzd53nA1z4vMAEP7VZUonTwPwwxoNgRj0Q&oe=6AC94BEC&_nc_sid=201bca,perspective,none,none,False,0.591,215
1574057836837654,-77.044462655365,-12.093917184272,1727974207996,2024-10-03T16:50:07.996000Z,SAN ISIDRO,san_isidro_03,83.415433843588,P6bHBOemRrawM0WCo7gxU3,https://scontent.flim26-1.fna.fbcdn.net/m1/v/t6/An_ogL8kkRgoeWO6uURadU7S8e6ExFz8nRXHCuVhoVFCNzi35u6Pz3Obm_CiP8scEFuGQlTAOIP37iPoQWJUmZp-9OUpJNsA16YV7WU6LDkWB5nRzCzq3GSm92UGlioTXmK36deq_Qgj-gk3uLHmOI0?stp=s1024x576&edm=AOnQwmMEAAAA&_nc_gid=d18fnaVPjbNLBanV0hJtPw&_nc_oc=AdrMH0zfkqApd2tqmFrJUD1VRa7VSwGZFT4hj21OApKi4c9i17PJifyj-NrWzUJU4nE&ccb=10-5&oh=00_AQL_SLRG0LGGJWZZV_sRC73jLTEkrO9ewQ1cfjmDIsihFg&oe=6AC957F9&_nc_sid=201bca,perspective,none,none,False,0.709,241
1295998814752100,-77.044599870476,-12.093808055699,1727970594192,2024-10-03T15:49:54.192000Z,SAN ISIDRO,san_isidro_03,264.86103843573,kvP3HBEpX0ZTL9WrCmio78,https://scontent.flim26-1.fna.fbcdn.net/m1/v/t6/An_z9Z5TFKZkWC_bv-6YLdhELsdPIHfD4A-0yjuisZ_YH1QB9TRj1IgOOQ0mRbtqSDxzD_7CD_Ec5_VqsNJACL94bYFMB9i2aaubxvorSwG7hG1hNwXoOVqB-COweweJyzRo_YQ6WQrAWRfqN-YDozE?stp=s1024x576&edm=AOnQwmMEAAAA&_nc_gid=d18fnaVPjbNLBanV0hJtPw&_nc_oc=AdpYbfTkYnTtgX2cJCEORRt6LGjONVSJ5dzIkpH21qxlbiEy6tXguBJnoYeGBWQJ5zg&ccb=10-5&oh=00_AQJ0r7d5ws8hDRuAjZDGFUOptNzUAdABZ5dBm5NIfcN_5w&oe=6AC94E6D&_nc_sid=201bca,perspective,none,none,False,0.683,255
1454540761883100,-77.044425179972,-12.093968166097,1727974208597,2024-10-03T16:50:08.597000Z,SAN ISIDRO,san_isidro_03,79.912109589398,Sud4mwZevyfMlPD18Wxo0a,https://scontent.flim26-1.fna.fbcdn.net/m1/v/t6/An9Nw7p_lOzLBKwuifnNXD4Qtc5o_bRWGTv1s3VuPwKczWXC6zgFRQfeOYxvjA8PtLELBTZd7P5aA95uN-559cs3aN3XxY9fA_IzmBBHw6iEXZ2XtrVEiTODIEs2PXDRQ1pyVQy1oXduRJJ67OKn2g?stp=s1024x576&edm=AOnQwmMEAAAA&_nc_gid=d18fnaVPjbNLBanV0hJtPw&_nc_oc=AdokQwLU_aCGCPtkwuBYBcYVDG7BCwjkO-pEVCg94zHnCv4pg99tXl4NrcE29OESpnM&ccb=10-5&oh=00_AQIRPC9U1jdwyc0psj0ULyq9LPlBm-KMndzHRRjSxG2hPQ&oe=6AC953EF&_nc_sid=201bca,perspective,none,none,False,0.659,95
1612352289350093,-77.044378513461,-12.093964076891,1728145343593,2024-10-05T16:22:23.593000Z,SAN ISIDRO,san_isidro_03,75.374599358989,7AlOrHUhM9mTFXJqdgas5f,https://scontent.flim26-1.fna.fbcdn.net/m1/v/t6/An-og25ZYZeBpqeemXg5le58MugMQD3uMUXOWOCsuvrJNX1DtjrXHzAdgwKoRuPmxgpcup0adt5XSr_Vzp5HAuYYnd6Wu3uHXmv_RnpGhwOK9U5hZCuDmDj352zAZ6wUgv6FeHP1QV0SpcXtqMhgK04?stp=s1024x576&edm=AOnQwmMEAAAA&_nc_gid=d18fnaVPjbNLBanV0hJtPw&_nc_oc=AdrrUPDhM_1QvazMhy4oBivInX8DC9bwCmetb46hsBstaSf1kY4Dtj7B1QggJ_jjO2A&ccb=10-5&oh=00_AQLGFE9Rd6iULG9IoHnqs6NBYFzq0AXW9MAOaOmir5vU7A&oe=6AC95B46&_nc_sid=201bca,perspective,none,none,False,0.624,71
105445499097656,-77.056036987179,-12.109376511195,1669995293800,2022-12-02T15:34:53.800000Z,SAN ISIDRO,san_isidro_alt_01,32.1,2I9RdkqlxeUzBXwEy3hJo4,https://scontent.flim26-1.fna.fbcdn.net/m1/v/t6/An9lz2GBvhsGaUXaElWNKeHxbW1b-UkXAlFCuVcmqMWEEf17KFvaw-zmNd6NKYq3nXAwrDdfLZHiEnBUxSpSRUDqfgThshj-9GkqQJ-KtFlu-Uroe-C5lI30Wy71cKgdIEWXEGucJGPmoQgazaYpmg?stp=s1024x576&edm=AOnQwmMEAAAA&_nc_gid=gHLDo2Iss43SwAY_OBC6RA&_nc_oc=Adr2NRT8jzjdc4asreSrRkTqFoW6eX_t7q1kQzK9mosxajs_P66g6oBjXYqVRO7IONQ&ccb=10-5&oh=00_AQJHK07IzZvEGNCyQpZxmf-mQGAwNRSZ0L4erfRBjDaU1A&oe=6AC95E7C&_nc_sid=201bca,perspective,none,none,False,0.641,83
1078651837101679,-77.05628129891,-12.109701019558,1727906512190,2024-10-02T22:01:52.190000Z,SAN ISIDRO,san_isidro_alt_01,129.41063970018,lnme5UjtRYDZ2Eyk6bgH3J,https://scontent.flim26-1.fna.fbcdn.net/m1/v/t6/An-piFEnDVaLRc0Xdw1nczJW4JXJ0UhpH699uXPgwy0piV8_K5JZ5yb5dum9opC1u_mzsz7OjZNUs6O86rVSBOaiEmShQaQdGrlSXxediD1sgdCLIgPZ9QQLoc1vdUKCgojjVRDGYWmM8N-8CkU8NNw?stp=s1024x576&edm=AOnQwmMEAAAA&_nc_gid=gHLDo2Iss43SwAY_OBC6RA&_nc_oc=Ado9OKjORqoTXP62WOmIl3NVEDXJA7DFitZY1wgBZSPyzNF_4UqviQMP72Tqb_5PdwI&ccb=10-5&oh=00_AQKtnjAr7O36Ql82H7sPpfM2HfCuSOSlt64a-4SKeWowJQ&oe=6AC94B87&_nc_sid=201bca,perspective,none,none,False,0.666,394
1050945170114558,-77.056190204843,-12.109306491202,1727875161393,2024-10-02T13:19:21.393000Z,SAN ISIDRO,san_isidro_alt_01,296.42717845936,9HywK7nz68ZJ3mMvYLP4qj,https://scontent.flim26-1.fna.fbcdn.net/m1/v/t6/An9OqIxdkoCP5-6eM2CmIXiloPMUcabgUHiOMub_nLL_gDfAHa-YXdfymhgRofixaN5-UhAZW_4QoJ3opx5G3YPpHgK9gXX7kcAyCRhvnWLBNLOA6ZIIh04TEWlqG1JKjbsWwWAEADo5qUoHjO-h6Q?stp=s1024x576&edm=AOnQwmMEAAAA&_nc_gid=gHLDo2Iss43SwAY_OBC6RA&_nc_oc=Adq9qZJsUnPvcA4zrW3J3anEN-qbBUTIvZJ3jFuF3UDqXscaVHLqAVhaGOHdV9RKzxs&ccb=10-5&oh=00_AQIpRuf6ioSDkBm3TmXAAGDi1QymzsTDDgWZnL1vbQqkxw&oe=6AC93258&_nc_sid=201bca,perspective,none,none,False,0.588,301
1272762640582642,-77.055818706201,-12.109531062453,1728133179791,2024-10-05T12:59:39.791000Z,SAN ISIDRO,san_isidro_alt_01,306.50712772175,1qZ0rvPCEsOhFSB9Iu6Jka,https://scontent.flim26-1.fna.fbcdn.net/m1/v/t6/An9pvMd563M6iS4xTZr_JdWMS1J9FW0R00bfeUZkMEdIiENJ5Zz_LTFHgrp4ss4yEVxSrwO7C8YUJDIKs4zfCvkmL9hFRYBTjvCqGpEMWEWHIKgMRMT7WqF1rvyxhabLGXnUjUR_0KXGqTbjiNWTOTY?stp=s1024x576&edm=AOnQwmMEAAAA&_nc_gid=gHLDo2Iss43SwAY_OBC6RA&_nc_oc=Adry3-lUoAlGTRCRPLXLwMYDNKfYPddFCo_cRo12EndK5zH3tdCkI8gU8NA3QQzeBoI&ccb=10-5&oh=00_AQIYQKSKjhc6o08GSlvSQ5pAdtp2QYBSMT9eQnHYblWgmQ&oe=6AC934D0&_nc_sid=201bca,perspective,none,none,False,0.697,238
1055619909569151,-77.056188219967,-12.109317455805,1727961546791,2024-10-03T13:19:06.791000Z,SAN ISIDRO,san_isidro_alt_01,298.57202817313,wWEtQ7kHY5soaDXTZ8n4dK,https://scontent.flim26-1.fna.fbcdn.net/m1/v/t6/An_fDLU2nxQSPq2qHmeoz4obCmd3YrCZJ54-wdizc4xRVuTwpPuJK9KCyCiEz7XPl0_k9iwlxTtZdmtKvFDg-QYkaCBwTCp1lvhNp6c-AXxdsj4JGtow3c4Vjlob_jFebEm2MVLsTj1mcaC5PL5kCdY?stp=s1024x576&edm=AOnQwmMEAAAA&_nc_gid=gHLDo2Iss43SwAY_OBC6RA&_nc_oc=Adrfch7z0XZBgWohvAsABOqYr6SyQJKfkpTxjBp40mI4AkIVswWJGpgWdkef-lvrbRs&ccb=10-5&oh=00_AQJhnVPraxOvjuZQtKiAIgfVACriQsnrFOkcj5K0ilDmkg&oe=6AC94239&_nc_sid=201bca,perspective,none,none,False,0.535,254
1077155724089236,-77.056070686516,-12.109240484523,1727961545998,2024-10-03T13:19:05.998000Z,SAN ISIDRO,san_isidro_alt_01,301.8785682526,PcbBAi8S75U9kL4FOKsMmn,https://scontent.flim26-1.fna.fbcdn.net/m1/v/t6/An9sUnLb1Y43MpClpDld4AS70oYwyOSHFxowBC5cTVCshK12epqjtp4audFK3mHpjtUJdKHQaOiwfEtb8xRzvhsOWfiqYjH96C7LTgivsE1lxKuMf8FOXKRozEu2pGU-RUyAPfN9FRweCvouTICNtw?stp=s1024x576&edm=AOnQwmMEAAAA&_nc_gid=gHLDo2Iss43SwAY_OBC6RA&_nc_oc=AdqnrbWpbOVwNTLTOfyPmjJU75DvQEYqeeqQoht9xhAe3rBkuLTummBXMojkvN05o4M&ccb=10-5&oh=00_AQIns_1FZFAnPma5lFgrsDu4ElG_jsMcGENXznOdfp-D8A&oe=6AC95805&_nc_sid=201bca,perspective,none,none,False,0.554,91
1070505364483726,-77.05637873703,-12.109651155012,1727906511390,2024-10-02T22:01:51.390000Z,SAN ISIDRO,san_isidro_alt_01,129.41063970018,lnme5UjtRYDZ2Eyk6bgH3J,https://scontent.flim26-1.fna.fbcdn.net/m1/v/t6/An_z3lg1GQ-3GidRPI0VbBItpuo_GrnTvB02RPS2E4yg9leiyuKDsBQ7L_A8FIltardDSdoFhkYJ1KNO2SnsWojbi6ieuB6Vlqbfbm6W1sfVhKZj8n1_44twa3KKcOzqekk5lrCiaFipqM38sJkNXAU?stp=s1024x576&edm=AOnQwmMEAAAA&_nc_gid=gHLDo2Iss43SwAY_OBC6RA&_nc_oc=AdqQbNlLlC7js2RN2hjAi3od2J9VI0q4VlpXb2qglhiND7oT_3AlUfUPcWpJh1LwwU4&ccb=10-5&oh=00_AQK8HcnH8tMq_D7aAdOdFyv-E8edI3ndFp_ZmlnB3a8pzQ&oe=6AC94C16&_nc_sid=201bca,perspective,none,none,False,0.687,414
1073009034060528,-77.056335588598,-12.109124949875,1727961547798,2024-10-03T13:19:07.798000Z,SAN ISIDRO,san_isidro_alt_01,298.15870461682,PcbBAi8S75U9kL4FOKsMmn,https://scontent.flim26-1.fna.fbcdn.net/m1/v/t6/An_sOPAaTcU-khBBEmJJdmbO2sY8K5kSxvqTU-BjcaPUM3xE75us1nYjhJYKU1ALRasQzf1L93V-ICyt3o9Eo2dThDd8viE9mjF-CojVSCA8fq1jNoqDlDY-pBqFyBsor9JI1LAferq-J17NL7fv0Q?stp=s1024x576&edm=AOnQwmMEAAAA&_nc_gid=gHLDo2Iss43SwAY_OBC6RA&_nc_oc=AdrnTphubm24A9MeSso-lKQgIsUNXb9g0B681ACAKhcyhws-k953gxEVtBnJNVa5b9o&ccb=10-5&oh=00_AQLdcTAEVYonML9orRLWKIMNgnqsvBKYbYx8ecz01uXp3g&oe=6AC93F94&_nc_sid=201bca,perspective,none,none,False,0.584,87
1115603493508081,-77.056266853113,-12.109158649871,1728317662991,2024-10-07T16:14:22.991000Z,SAN ISIDRO,san_isidro_alt_01,299.19991327864,oYqTnXhslpBaRVQPuJCOgk,https://scontent.flim26-1.fna.fbcdn.net/m1/v/t6/An-_9fNi3PRivPuTchhlFWCk8HUYts2SiYssd-RSbPhE0rBuyzZ31azNhzeIiIsG8x8cypTQKcbRHC6qEZQwbqajhOHxkbBfuwH-PDs-EAKX3rdykyDxtCNTLY0HWPQTXigpAEajnTsmSPusQ_taeSM?stp=s1024x576&edm=AOnQwmMEAAAA&_nc_gid=gHLDo2Iss43SwAY_OBC6RA&_nc_oc=AdpXdrlzOcQ6enlXRslfboGdNoSHZlv0yXBSfpfLaaTzh48dU0ZWFd5e8V0ZF0734GQ&ccb=10-5&oh=00_AQJukKAOg1Vpk50Qukk10XIaddbZAYckXJwqVp-_ZZzTyw&oe=6AC94CD8&_nc_sid=201bca,perspective,none,none,False,0.583,93
1174573536564076,-77.056025,-12.109391,1676734139000,2023-02-18T15:28:59Z,SAN ISIDRO,san_isidro_alt_01,211.16,boe3c9MyB6Z5jvNT1PlIsq,https://scontent.flim26-1.fna.fbcdn.net/m1/v/t6/An8JgV6j4dslSHubTadC3-FEMdhqsey3dxqlmbIU0eDWOtuKXDCZBUSJpu91yLA153P-VyJk7mQt3QJYpc5gWzwVGvKxCpZw-QJDvCy4DtWsKFzmOt9N6z6AiYBQkAU5SF6lO_7-jweVyjpTAFkGfyw?stp=s1024x576&edm=AOnQwmMEAAAA&_nc_gid=gHLDo2Iss43SwAY_OBC6RA&_nc_oc=AdqaVPCEVUjnQBBnEGZFIMfniehqZ0Q5BvL8f6_DiSBmUaNAh_mvPmNqmnZW0B9_z8w&ccb=10-5&oh=00_AQIyybLhwIlewTAhV9joo6_haKZPyjjHihYNo1xTT0UoiA&oe=6AC93235&_nc_sid=201bca,perspective,none,none,False,0.624,215
1159046981460375,-77.055801,-12.109506,1669995292000,2022-12-02T15:34:52Z,SAN ISIDRO,san_isidro_alt_01,214.66,pn2h1W6gtPKQUw0i34rTZV,https://scontent.flim26-1.fna.fbcdn.net/m1/v/t6/An9hxmKdAL0wAxr07Iqtn9NfCPRv3S_JE6drIuJWofh2naFGALJ5v7moGf3jC-nJUtZvfUWGvL-xbzAaIjySbIhA480hwy-BtPN-E16uO1SjFo8oQ3K2m11Iw75-uqEmtXjpfUhZOERBuMkaYdvcgg?stp=s1024x576&edm=AOnQwmMEAAAA&_nc_gid=gHLDo2Iss43SwAY_OBC6RA&_nc_oc=Adq7w10_6mjcC64umH1dDZl6QdE-h31sUHY_T-Onw5IbyOqwySc6pul5aoPHcF1rcN8&ccb=10-5&oh=00_AQJcSqlVad4JBQBC_nuKPSNjbP2dPM5iyalLx6C4-s9U5Q&oe=6AC9462C&_nc_sid=201bca,perspective,none,none,False,0.559,240
1181692352463903,-77.0562512,-12.109206,1669977295000,2022-12-02T10:34:55Z,SAN ISIDRO,san_isidro_alt_01,297.0841944405,jgr2LvQHJtXT6B0dVnyuGR,https://scontent.flim26-1.fna.fbcdn.net/m1/v/t6/An-_WUmghspI9Y5Ib7Yyh7yXC8hewltbtAIOXJ2NIaQwwObXJWrWspDKEAWPx7DpIvNhIQjeP9p8b-nvaDJzsOimh-A8wPQe_UonSGOkjnDpFsH1ie4ReJp30TubF5hn3mqbnzUYHc6k5H1jgEUt_HQ?stp=s1024x512&edm=AOnQwmMEAAAA&_nc_gid=gHLDo2Iss43SwAY_OBC6RA&_nc_oc=AdpNHgUob7W6mu7p1DKymzd5rMpAlWd4RumNRUX4MaBUz3ovUcuLJW8g3YNiw5w6Tl0&ccb=10-5&oh=00_AQL0wV_gCRWuKed7aXYkpY0_kATpIQ8W6KUuwRI1-9T5ew&oe=6AC9335B&_nc_sid=201bca,spherical,GoPro,GoPro Max,True,0.804,383
1045232013757385,-77.056279470392,-12.109150454267,1727875162600,2024-10-02T13:19:22.600000Z,SAN ISIDRO,san_isidro_alt_01,297.24589200215,9V7hcBdMD68WTFNUzkEnqt,https://scontent.flim26-1.fna.fbcdn.net/m1/v/t6/An-HJggiapj4n9msfpVl7eR70entfXpN_V_GDMVtQuCwG3EPvGET_94f3CxFJ5huC7_Ccn2G9PR47jWq7YH7fbYzKGxuqE5xPxW98W97iVyyui-Kk7heWM2XeWqRCADZkLBa2Ye9GDJXMe0IVqyApj0?stp=s1024x576&edm=AOnQwmMEAAAA&_nc_gid=gHLDo2Iss43SwAY_OBC6RA&_nc_oc=Adrt9LHNIfCdSmWn0Zm2bOFKCVf7sbI5Bhk9B31RmKXKW_t8WCUzGyMLZwhjpimph9w&ccb=10-5&oh=00_AQK_WxRvSt1GsRGK6Gc4odFpbGWrgGgErYqQAc0d_HnxHQ&oe=6AC948DF&_nc_sid=201bca,perspective,none,none,False,0.584,115
1057128249524609,-77.056010847522,-12.10940072341,1727875159592,2024-10-02T13:19:19.592000Z,SAN ISIDRO,san_isidro_alt_01,299.97076654461,9HywK7nz68ZJ3mMvYLP4qj,https://scontent.flim26-1.fna.fbcdn.net/m1/v/t6/An8e-lduZ3ugD14w7372qNlZEZWVBoXu-lINnqmbgGQLsHBnZrCivWbRJmE9ErdmG-8vspt--ZPIzP1EGAKV2pfVFlM9xMP_XqdOxHW81H_GrXLqhtz4H4xsx-wYaCkFgpKq04ft9A2s7dFrve-f0w?stp=s1024x576&edm=AOnQwmMEAAAA&_nc_gid=gHLDo2Iss43SwAY_OBC6RA&_nc_oc=AdpkYO8rj5yvmWT6RVfgmI56bH2Q1DnWSuD2m1Z-xVkyXRVgxfk9xaXByFHC9VAQP_c&ccb=10-5&oh=00_AQJNFVL0Nil8ulodOYWCvkd5P8Bg5kdzl49dyyeCNBUz7A&oe=6AC93F04&_nc_sid=201bca,perspective,none,none,False,0.612,278
1017552756837762,-77.056182631646,-12.109732260069,1728304662998,2024-10-07T12:37:42.998000Z,SAN ISIDRO,san_isidro_alt_01,129.06570783537,n3H1u8ZAJYDOIEv5y7poxF,https://scontent.flim26-1.fna.fbcdn.net/m1/v/t6/An_JEyPxxf-jLtz0WcAu8OJ0606LOze5RrM3EZm9R-cYsTufuX3eLpjMCNsvzr2_h_1na4r-uCUNXqLjITD24ElqXkT4NEaEn1g8vQU9hgcGz6vqpveDJfjXndSW-0XtJ6iXe7XxucPQSZRNX1u9UoI?stp=s1024x576&edm=AOnQwmMEAAAA&_nc_gid=gHLDo2Iss43SwAY_OBC6RA&_nc_oc=AdrsReLnG1DyNtmDaVOSVq-5BWbARGFmmJfDc9rBzdw_Uc2zjb-1FFhlalE_QYtCkQ8&ccb=10-5&oh=00_AQLx4xdnHVS6nCqqQ0FxpOfJqHkvzO1Zw5WbioQMUJwwLg&oe=6AC93574&_nc_sid=201bca,perspective,none,none,False,0.623,410
1263862494808119,-77.056227721763,-12.109267180568,1728133184592,2024-10-05T12:59:44.592000Z,SAN ISIDRO,san_isidro_alt_01,302.16969677949,1qZ0rvPCEsOhFSB9Iu6Jka,https://scontent.flim26-1.fna.fbcdn.net/m1/v/t6/An9m2ea9NioiKrF_gn6eYpEKh46UEAWv6pQvu500dkNJvGH4Y7CM-kx3udKE7RqbPXjzkOAUETw6ZxekiDrGQrYc0T3v3VuKopebjHPvSFSniK1XgDI-PvbRaAiAJws5HdoB-ckm5Mdr6SvnNV3vzg?stp=s1024x576&edm=AOnQwmMEAAAA&_nc_gid=gHLDo2Iss43SwAY_OBC6RA&_nc_oc=AdrqBRmMBadbbC5IxEWuSEDZ7No2Ew876gpvVxBvRw1YNeFQHEFtssZOAhQqKXDmqis&ccb=10-5&oh=00_AQKonfVAXf2zskCUOHbXl5syhS2I2mb9jm8oO9KFmRHZMw&oe=6AC95D5E&_nc_sid=201bca,perspective,none,none,False,0.69,224
1060140382257284,-77.056232308675,-12.109220799793,1728317662991,2024-10-07T16:14:22.991000Z,SAN ISIDRO,san_isidro_alt_01,298.88816251447,ZkzP8uWexcRoXhi7wL2aSU,https://scontent.flim26-1.fna.fbcdn.net/m1/v/t6/An8b5oo5_r9vQc9mc9BxkyRVJxPkvIut-SyoMhl_a3KW_eDmuCpAX-pcX3L3ZATUHCl-lZcwZZbfb9QD_PJt7cO1qYSrhKXKEdaFn9Y4xs7jEW2EBng22mm-Ml9atblqUJ5TdtSwm8QJWhARZbcRYw?stp=s1024x576&edm=AOnQwmMEAAAA&_nc_gid=gHLDo2Iss43SwAY_OBC6RA&_nc_oc=AdrJtVYDlNMQAAqC65LrU35CTZAD5EIBITtbPlBTBeC9QiDzsIIrQDgfowR3iBLHtiI&ccb=10-5&oh=00_AQJHIy7icyHhusLg_yBzGPcLcoS3K4xee-gGIKy98RElnA&oe=6AC92EA6&_nc_sid=201bca,perspective,none,none,False,0.562,174
1053176343220366,-77.0564013699,-12.1092030996,1727875164193,2024-10-02T13:19:24.193000Z,SAN ISIDRO,san_isidro_alt_01,298.99068700293,gGZzOei2FpNBhWJlb7cMsL,https://scontent.flim26-1.fna.fbcdn.net/m1/v/t6/An-bflGbF2EjiCRbmyS-riMOiJRlfY-WRN-Gay3OjygEESFDicGiiBi7M9UTA451GqJ_zZgKDSS9X3hqEMTne3QY5RPvGNLFGxGeOjQ9KnvFtnRHXH29zRc-IYRLi69ubIZm_i5CYpV1YncsS3YsKw?stp=s1024x576&edm=AOnQwmMEAAAA&_nc_gid=gHLDo2Iss43SwAY_OBC6RA&_nc_oc=AdpZz8dj6jxfHp6kyWSs7mRrN6yAVLiPByUygyjHdoVbPv3pseot9iV836R5mXguezY&ccb=10-5&oh=00_AQK83FpcWMTwgNz9EpE42YKX2u9bdN3YKqcspjfsPdA1rg&oe=6AC94165&_nc_sid=201bca,perspective,none,none,False,0.502,251
1068863784962549,-77.056210624184,-12.109744386984,1727906512790,2024-10-02T22:01:52.790000Z,SAN ISIDRO,san_isidro_alt_01,133.2093929945,lnme5UjtRYDZ2Eyk6bgH3J,https://scontent.flim26-1.fna.fbcdn.net/m1/v/t6/An_7ReP0prGuQaG2Sq1AIPanHmieSok8m7tGk1QWPuwOeVpD38AKEZx7mesC_e3diVzJmTXDOb9SWW1JllS-ptA7NEESUlcZyn8V6vllGszrPyWV2drRN4THZbXCbAZb3HswD2Wl6NbYkNQ3Sch_vQ?stp=s1024x576&edm=AOnQwmMEAAAA&_nc_gid=gHLDo2Iss43SwAY_OBC6RA&_nc_oc=AdpRog2iCna-KKVWyz0eQ0XFW-IP60mSZ2bARgduasEFtC48SgTWpHzzlbc8WkG86oE&ccb=10-5&oh=00_AQK-JySkaYozcmP0JAstiAZBo7IntdcFpLTgSlK45qDBRw&oe=6AC93EBF&_nc_sid=201bca,perspective,none,none,False,0.688,429
1262416054795820,-77.056159088625,-12.109203347932,1727961546598,2024-10-03T13:19:06.598000Z,SAN ISIDRO,san_isidro_alt_01,300.04749215576,PcbBAi8S75U9kL4FOKsMmn,https://scontent.flim26-1.fna.fbcdn.net/m1/v/t6/An9D6CW2YE3Fzx6K6rnVl6AbhLKFung3a6I1zwOkGYpFs770jpGETSOD846XeMM9RW8sa84bcthJQEJruM6W-0xb0-3W38bjuW0PnS_qnLnPbhhLQsnlaz-vafrYXtWbY6TjIZPlQDjQ1-7SIrjTqA?stp=s1024x576&edm=AOnQwmMEAAAA&_nc_gid=gHLDo2Iss43SwAY_OBC6RA&_nc_oc=AdpDn907tQOiH8CdWxQO93iN-joayCl8n1u443JrojLnzAe0ix-Jql89mxebR1G90YI&ccb=10-5&oh=00_AQJNofL1UNVJqPicUnSSusKONltrXpDtCaAGF2eRuTS0PQ&oe=6AC94D4D&_nc_sid=201bca,perspective,none,none,False,0.58,74
1074191987826969,-77.056128708676,-12.109335202572,1727875160793,2024-10-02T13:19:20.793000Z,SAN ISIDRO,san_isidro_alt_01,296.17734671151,9HywK7nz68ZJ3mMvYLP4qj,https://scontent.flim26-1.fna.fbcdn.net/m1/v/t6/An9G6sX-_AD_JBCMHLbJtFhciH_8a-W9HH1te440B5sCywyrQxmRRGLGk4_dDifFvdQMWuIlvkJ-hxBziielYYZyfdKnTFzm76d-uWxOpBRXIq1ZeXtIZET9oS_MRlB9NJSMs6Fu703XitVfuj1uEA?stp=s1024x576&edm=AOnQwmMEAAAA&_nc_gid=gHLDo2Iss43SwAY_OBC6RA&_nc_oc=Adpnd-XcQhOWbVgrMzVxetp2mF59CeiSgfoU1Ush3vME9mELYA1L7MRnDFviUB0P_7A&ccb=10-5&oh=00_AQKpsZd2vtFnYI4ORnJyRMPyUHsf3fBhDFzn4AbwN-wf1A&oe=6AC9564E&_nc_sid=201bca,perspective,none,none,False,0.62,299
1182259729317027,-77.055857,-12.109469,1669995292600,2022-12-02T15:34:52.600000Z,SAN ISIDRO,san_isidro_alt_01,213.84,bClQR1uAyVT5vXkrec3DJG,https://scontent.flim26-1.fna.fbcdn.net/m1/v/t6/An9wA8nnU2flN-7xE-eGPiasP5aqoCRa0mL_GibGD7DHwYIAg1A5UaVONkWQ5JEqs82Selgubs8DshJC3nZxc5Odj1p7kWh55T_RH2amh_4pcdxYAKZCMpS8SnX_5BvVuG5eEEzNoKqrgeLx9n5EpA?stp=s1024x576&edm=AOnQwmMEAAAA&_nc_gid=gHLDo2Iss43SwAY_OBC6RA&_nc_oc=AdqcZv56EcQrxBHd6fyO3yiNLNDWl6nmWiHMhznY0ersSJlGuqk-J_JmgAr-O-gNVS0&ccb=10-5&oh=00_AQIJobZ7KStr115C9NkF-pya9TQYzZt4a6FVEg5Tg4Erxw&oe=6AC958A3&_nc_sid=201bca,perspective,none,none,False,0.543,219
1234094747836660,-77.056425193444,-12.109303015904,1728304658400,2024-10-07T12:37:38.400000Z,SAN ISIDRO,san_isidro_alt_01,125.96593975616,TPXUBYGk7V5ZyhosizJDub,https://scontent.flim26-1.fna.fbcdn.net/m1/v/t6/An_Fv2pDHyvjiARrNtZ6PnbD2QlZmjTVR4NwtRhRhwAo_cDKbbFDCP2AU0VtBh1bW70ZrZ06s4Km3bCXidkIVEQeymQNzkCKVQO776lcNXz6M42srMwZwT4EcmnNZHJ2r6hh7R5rm58F7PWw_8x4y3k?stp=s1024x576&edm=AOnQwmMEAAAA&_nc_gid=gHLDo2Iss43SwAY_OBC6RA&_nc_oc=AdpFVMqGGOOVwMEYbSYIMP8CA5-bANysKyOhzpiM80Qrvm7RkW8XoXW1ku6Z555Bemw&ccb=10-5&oh=00_AQKq7nozOhD9oBY-DfGNLdMo3g6pR61geEcvxPoZxDIByw&oe=6AC95FA0&_nc_sid=201bca,perspective,none,none,False,0.492,229
1252900878956659,-77.056473987844,-12.109100166524,1676734139800,2023-02-18T15:28:59.800000Z,SAN ISIDRO,san_isidro_alt_01,300.3,sjkTYSF4lX6zLpUgi3Kmd7,https://scontent.flim26-1.fna.fbcdn.net/m1/v/t6/An-9QNQsmWNbTroyTzGV3N8Ii7Ovf4926xKrMGhNWbfiUO534k6-XsbSeDpf-cgKw8liX6QiD9qP8vIYpVSQYPEF_FJ95e9vbn8uNFQnUfyntLpvXaqVzy95d29c0T70JB-7XzekfxyL5gtLJMeMuQ?stp=s1024x576&edm=AOnQwmMEAAAA&_nc_gid=gHLDo2Iss43SwAY_OBC6RA&_nc_oc=Adqp8dK-u1nRF9NbECrPJh4V6Ri0NSUE05XdwGm5efPWHZPMqA9C2lPVwuFxk3SCf2Q&ccb=10-5&oh=00_AQJHK_WOpm5Wjdkqojy4D7i4U9OnZRSzGb8RiIXaql1EfA&oe=6AC93A5D&_nc_sid=201bca,perspective,none,none,False,0.766,389
1084584903051111,-77.05641917526,-12.10916061678,1728317664191,2024-10-07T16:14:24.191000Z,SAN ISIDRO,san_isidro_alt_01,296.1027891797,ZkzP8uWexcRoXhi7wL2aSU,https://scontent.flim26-1.fna.fbcdn.net/m1/v/t6/An-qxvd7DII9L0vMMgLmnecQmY6Vdd-monA32LTPM971XSdbYvQy-BLlwmEK2pz6liNNoXSO26vXPsJaAxVvh5pRSjr-rXl6skQ6zSodiOia96tdY1NbX8vkDeVgE2D9OtFMwdIdEldoSQHS0ArhMOk?stp=s1024x576&edm=AOnQwmMEAAAA&_nc_gid=gHLDo2Iss43SwAY_OBC6RA&_nc_oc=AdpHppz-YkkZnRjp1VYFGQL0Pxo8eXPTCRA4r7Swe2xrw0JfBIMYpr6C01C0cCLxUII&ccb=10-5&oh=00_AQI862RMe0VI0XRQpu3OPb41XfePeT3hfdsxjRewFCjVjw&oe=6AC959FD&_nc_sid=201bca,perspective,none,none,False,0.583,294
1218720562754293,-77.0562981539,-12.109227541598,1728133185392,2024-10-05T12:59:45.392000Z,SAN ISIDRO,san_isidro_alt_01,300.53769854244,1qZ0rvPCEsOhFSB9Iu6Jka,https://scontent.flim26-1.fna.fbcdn.net/m1/v/t6/An-Chbb67wgTNTrx1xpR6SAaR28kiY35GuMDsifPmtWHkwOwmDTMyTbvXiUg8meJIPhAvgojz0Osp3vw6o8fRzaBQ3_p20gsSUsFVbA3HHN7YeFjAFR35FT-cj87E9-ccud7tb2w1g0pHmeOspsUSA?stp=s1024x576&edm=AOnQwmMEAAAA&_nc_gid=gHLDo2Iss43SwAY_OBC6RA&_nc_oc=AdocwQzBg3VW__V_dwYduwYaVnsON6aIzTKpeaOTtiyHHQLIksDP50YGL7IUcaD-bGo&ccb=10-5&oh=00_AQLsokOz9BbzZ-UilUG1dL2b4k4PdbfjuvrrsQAyO7_sEQ&oe=6AC96474&_nc_sid=201bca,perspective,none,none,False,0.7,315
1210577580015799,-77.056193911193,-12.109287616311,1728317665189,2024-10-07T16:14:25.189000Z,SAN ISIDRO,san_isidro_alt_01,297.70229506814,I3UBymbaqYMilDO6F9hjrS,https://scontent.flim26-1.fna.fbcdn.net/m1/v/t6/An9wmXiAMjKk1KmyiaTLZ3G-SvTUh-zcI6o1Ys0P5aozbli_eaKuBqevJIAq4kVydLBdqLzJvNd5l_odJoubEAAs2G7VV7MTXhaBP6uJxgFvHKBLzpf3nPt0IoctcAAFl36fsC7uEvVlukaxJPOTHn8?stp=s1024x576&edm=AOnQwmMEAAAA&_nc_gid=gHLDo2Iss43SwAY_OBC6RA&_nc_oc=AdpJGzh2OxHUiJpcqZ40PXZoh5Is-26SYNWpguF3c4FnGF8Kng8BL5TBsQ1SJfxbQhk&ccb=10-5&oh=00_AQL6pET4Jl9rwt4m_-YWHhYRnj9IYmH09xq8Bm9o8MqVuA&oe=6AC95CCE&_nc_sid=201bca,perspective,none,none,False,0.588,300
1271670143844542,-77.055812732803,-12.109535010787,1727875157592,2024-10-02T13:19:17.592000Z,SAN ISIDRO,san_isidro_alt_01,306.07434072684,9HywK7nz68ZJ3mMvYLP4qj,https://scontent.flim26-1.fna.fbcdn.net/m1/v/t6/An9AQu0qILMOr-aA-7uOWKMktXh-UrsbgGT1CyBRq-ZWe-Zp9iIVbYpGqL8-K8KyYxOnfyI85NdV70F1o1eRzG9W-IwrQ4TrQcUC-NpqQph4VgCAmNZ4Z7ETUjPYCWg1KalDGPSiQabnLeJzawtW5W0?stp=s1024x576&edm=AOnQwmMEAAAA&_nc_gid=gHLDo2Iss43SwAY_OBC6RA&_nc_oc=Adpi1HfK--cQiZbfJutPtFVsEflb19xfenkudbR0EJ5edtVNofUKzjjCc8-MH5Qo6zo&ccb=10-5&oh=00_AQLw7389UnDk_iKHNfcYzZJUlk5Bm9t15zT0nzJtKNiGYw&oe=6AC92E92&_nc_sid=201bca,perspective,none,none,False,0.625,287
1254694462391785,-77.056032720066,-12.109373466091,1728133185992,2024-10-05T12:59:45.992000Z,SAN ISIDRO,san_isidro_alt_01,302.60887804271,8tby1JTHapGnXErdzlSU5Q,https://scontent.flim26-1.fna.fbcdn.net/m1/v/t6/An_TwLN3dnrn9j6WhVxLrn9PNESPnGcFPdKYfmZ7YVKb7Skgc-C7Mc0klbpVyVJsrGAVDWI_AGc0X7W0ksfTuT7TFztjBLluslvCguEYNq-KN_ctIW_JKs6qMpLg7NuH84vNWM_MinZNdSfr-a4ef8E?stp=s1024x576&edm=AOnQwmMEAAAA&_nc_gid=gHLDo2Iss43SwAY_OBC6RA&_nc_oc=AdqSGmmVyc6Jw8CKdErIU4x5c1HHO63sKnR4IKdq0pDd-hME5G6U9KEOxCSulJ04iao&ccb=10-5&oh=00_AQK7iVh_5xhFUon2snzMVkFoQuv-ogRgc18pAs7Hmywr6Q&oe=6AC94DFF&_nc_sid=201bca,perspective,none,none,False,0.621,204
1083002326528261,-77.056333618163,-12.109207336047,1728133185792,2024-10-05T12:59:45.792000Z,SAN ISIDRO,san_isidro_alt_01,300.53769854244,1qZ0rvPCEsOhFSB9Iu6Jka,https://scontent.flim26-1.fna.fbcdn.net/m1/v/t6/An9ajGSrPJMgTnOmBO-1Oe_Eq-djxj5lHmX-msfhCgS4UWLTaPl6xB3GUO2B0diDCioTO82B17K6ZP3s3ug3eXqNtyyxmFu8QwxTBTyJYqZPl_TX4zpPOCyh4C1w6UQcsp5r29AzuSNEgFuq6_PfSA?stp=s1024x576&edm=AOnQwmMEAAAA&_nc_gid=gHLDo2Iss43SwAY_OBC6RA&_nc_oc=AdoowiFFByKB3uAan2MeN9vRqLwyP-mvUrfkBB7xHjErTCC9BDKoOmeVuQhzgJWk8hw&ccb=10-5&oh=00_AQJcyT25FDsA4Mp3liJgdbBtXTy-kcvki3PVCMqT3w2LvA&oe=6AC945E6&_nc_sid=201bca,perspective,none,none,False,0.716,257
1260778145049035,-77.0558612016,-12.1094920356,1727875159792,2024-10-02T13:19:19.792000Z,SAN ISIDRO,san_isidro_alt_01,303.68162628229,gGZzOei2FpNBhWJlb7cMsL,https://scontent.flim26-1.fna.fbcdn.net/m1/v/t6/An_vMekhqJjsWXVAqGSrvIqq_2G-6SUGJiHelTWCfJVJ_9MXgk1KnX19M2rjTV68zF2EjQSN4C2SHQs3kQx4BoBMfEWm87ibh6SpRMyuJ299tuFwxVppjht5f_sZ1fKA4yDaSvMqDGMKWdlmsKwWWg?stp=s1024x576&edm=AOnQwmMEAAAA&_nc_gid=gHLDo2Iss43SwAY_OBC6RA&_nc_oc=AdrSMLHEs2Sf613B-VVkACyWnkQ0tC8t3Rp0EG_Vo0cFcM7GPY2JioC36aiNfyZ49FU&ccb=10-5&oh=00_AQJ0ce4YVxSn7iLcUq5S3sW0pjtGaUKXRLcVO83C5jfY5Q&oe=6AC934DC&_nc_sid=201bca,perspective,none,none,False,0.59,218
1066249754821791,-77.055894207506,-12.109351666756,1727961544798,2024-10-03T13:19:04.798000Z,SAN ISIDRO,san_isidro_alt_01,302.92036685702,PcbBAi8S75U9kL4FOKsMmn,https://scontent.flim26-1.fna.fbcdn.net/m1/v/t6/An_QMFJ3cmeJPHOBRJh2VmexP9twBnbtOWgXkzxox6hlptsxMS-ixP4NwGIY3lyvLo0xscfEp9tYujFN5rbSrKcUyoRzMsNkONUY98VUP7OMmZ714_LAgmz80rnB71mFXPKw3YOY5qwUNcEFriaIZA?stp=s1024x576&edm=AOnQwmMEAAAA&_nc_gid=gHLDo2Iss43SwAY_OBC6RA&_nc_oc=AdqHtmf2dgORJCCfiMEuXbOHixmh5WY_o0oAXKNba0_JXTxb3tj6Es0XqXLx9vqKOhM&ccb=10-5&oh=00_AQIp-ZqFJYopBWfrafJqvDj9FPfvGGhd_DHmJVwGxJlhSA&oe=6AC94715&_nc_sid=201bca,perspective,none,none,False,0.572,80
1084384546677728,-77.056219384714,-12.109177534659,1727961546998,2024-10-03T13:19:06.998000Z,SAN ISIDRO,san_isidro_alt_01,300.04749215576,PcbBAi8S75U9kL4FOKsMmn,https://scontent.flim26-1.fna.fbcdn.net/m1/v/t6/An8Dq9RnBvbdPRwhZZWkTFs5Rc8VLuHZYo8Rzh-h2KvafOA0ryt_41qhPOjBUGO2cbxrfSsQk0nt5QondoRfMcmMURNCUVLT7TNZcZK_1fVZdRMyJxRCFBBJWuHuvLisZ9L9VYhcGgKW1SSQlC_E088?stp=s1024x576&edm=AOnQwmMEAAAA&_nc_gid=gHLDo2Iss43SwAY_OBC6RA&_nc_oc=Adr9120mzT6mbqOhzT-znbAFmIiwXFZRtVT5HJQt9cPHImEc75vdKO6QjBam7lAmhrc&ccb=10-5&oh=00_AQL3YozlXgDlFqmoESe0bUFqspcUGVfHM-zlhB1dKJqwaQ&oe=6AC95547&_nc_sid=201bca,perspective,none,none,False,0.585,66
1018713916694423,-77.05642890934,-12.109626554744,1727906510990,2024-10-02T22:01:50.990000Z,SAN ISIDRO,san_isidro_alt_01,125.22850780228,lnme5UjtRYDZ2Eyk6bgH3J,https://scontent.flim26-1.fna.fbcdn.net/m1/v/t6/An8GHMbHHc9yeRmmnE630tsdDAIEI8gTR0VHF-ZSTs_qi8EQIa8xNfWFs-BZIoZqWxCWLXuiRnLfi8Dsrf-rIYL4sgtMS-HvaKTt71eqFoAqnUwfAfOyIHji8Dm_dFs3M2UZsRsSvyijyxQ16n9GlAY?stp=s1024x576&edm=AOnQwmMEAAAA&_nc_gid=gHLDo2Iss43SwAY_OBC6RA&_nc_oc=Adoo5vKuwMXOD1vY_p82_EeWEFtBcPmb_rZ4AOfeY5wK2iXSAnIAywTWseJxrVFLiQ0&ccb=10-5&oh=00_AQKevvi0nWEC5MZ4uUkmJukDxM_0x9RkJgGYucVXtveD5w&oe=6AC937D6&_nc_sid=201bca,perspective,none,none,False,0.686,371
1065618544397540,-77.056227779216,-12.10922061971,1676734137800,2023-02-18T15:28:57.800000Z,SAN ISIDRO,san_isidro_alt_01,303.09,sjkTYSF4lX6zLpUgi3Kmd7,https://scontent.flim26-1.fna.fbcdn.net/m1/v/t6/An-xCzGAdy-9avwyehRf7AUXMz3Vjg9bvQ7NGUQYb04FOi-Wr_9lqoyE-Z9g0EeMLHtL_PNpXCw_qtelLpHD7rkBEMRdCPqo9YS_X43G7Eb-czeK7ky2sjMA9KssPJBKkiQqbwILgl9q67AzZatoYg?stp=s1024x576&edm=AOnQwmMEAAAA&_nc_gid=gHLDo2Iss43SwAY_OBC6RA&_nc_oc=AdqXmO2EM5AYsjDiA45hwdF0tC7d3CAcLPCa5cAobOJu3HPgr_r3kbEr3gvvRM_6B7c&ccb=10-5&oh=00_AQIzVx-X9tAcmj05Vv3CNtksju5TA3mPUoX4PTvHiR3c5A&oe=6AC95B61&_nc_sid=201bca,perspective,none,none,False,0.774,237
1290811301926227,-77.056099332426,-12.109228515207,1727961546198,2024-10-03T13:19:06.198000Z,SAN ISIDRO,san_isidro_alt_01,300.04749215576,PcbBAi8S75U9kL4FOKsMmn,https://scontent.flim26-1.fna.fbcdn.net/m1/v/t6/An-WzmKv3SLaEs87IxIF5oeZoRuA3ZeTNwppOIErhCCWtx9Jzhsrisegv_ALOqamVuuB8yfFx8RuCFcICHZ9Uk0Xk_f8iQ2-QmcIBJgtJ-xHGzmW5iQRx2cVLdNJtCLqck9IL0nrD4Ie2tXBRDPD9eQ?stp=s1024x576&edm=AOnQwmMEAAAA&_nc_gid=gHLDo2Iss43SwAY_OBC6RA&_nc_oc=AdopQbd4KIhInKHJG87cvewEDapamGTel_lzFvuIqdccIlcggllsHESp2wy_lFJpYko&ccb=10-5&oh=00_AQIAZTuSX1SRsoZrtZk1VNgIycoFfnsJv_vC55LOZKdsIA&oe=6AC92CB5&_nc_sid=201bca,perspective,none,none,False,0.573,96
1078638393396098,-77.055943740084,-12.10941474478,1728317660591,2024-10-07T16:14:20.591000Z,SAN ISIDRO,san_isidro_alt_01,303.091913825,ZkzP8uWexcRoXhi7wL2aSU,https://scontent.flim26-1.fna.fbcdn.net/m1/v/t6/An_BYLo3wuroDl3Pfu8MvRYl38SCg_xV4Cga3DbecIM68KFo9_cO_XZ-JL50kUxZs78W6EE807m9_r6ljQGjDOeSEOfOrkNNfULxyUmrZFddkZ6Nh9MVIeIvkSgfZ2teLFe_TMMaf9CppqbiAeP4rW8?stp=s1024x576&edm=AOnQwmMEAAAA&_nc_gid=gHLDo2Iss43SwAY_OBC6RA&_nc_oc=AdqPKpb4wISlVJqME_WcLSv9NY2xUTukRCNdz7HuyyPfGx_LMz2cF19EU8Hrip6OPzY&ccb=10-5&oh=00_AQK3hyxo6gp-5a2GFEhyHvPGSsYSqFSB0uBBgBs1CKUXZg&oe=6AC96068&_nc_sid=201bca,perspective,none,none,False,0.59,165
1112312617078157,-77.055790549899,-12.109553737245,1728317661399,2024-10-07T16:14:21.399000Z,SAN ISIDRO,san_isidro_alt_01,304.24105727604,DGjMdEnZkmizIT9HLABCva,https://scontent.flim26-1.fna.fbcdn.net/m1/v/t6/An-OawS850kBsw6D692eQBa1hdnHRIQYFrAVqGGKWrDfhI8w6fNVfllmjC9AJzY4B3oT1op0dAskN-OmzirvzkT0KzbjWy48dgk2pZooPAn4sNeDQ2jvptV97kHSnf4jX26b3j8zPkXU5rQkQoBT6Q?stp=s1024x576&edm=AOnQwmMEAAAA&_nc_gid=gHLDo2Iss43SwAY_OBC6RA&_nc_oc=Adogh0usYAGF2iodPHAL1To2QAw391YmxejkQC9rvcY0RIWRt1NnJeto8hnaodlGR5U&ccb=10-5&oh=00_AQIrNfGry0B8XyFYrrn0vJNxyg1_TPmpaIWdRWYAUGERPA&oe=6AC93CD5&_nc_sid=201bca,perspective,none,none,False,0.59,307
1216257616342156,-77.056484967557,-12.10960594922,1727906510590,2024-10-02T22:01:50.590000Z,SAN ISIDRO,san_isidro_alt_01,125.22850780228,lnme5UjtRYDZ2Eyk6bgH3J,https://scontent.flim26-1.fna.fbcdn.net/m1/v/t6/An8ALHko7wmQFKKmyu3arPmWLYFRMFj17Bl1O6VJnxatsO_9HxiA5xaPGixA1UccFOt4UchYaeleISY_p0ZlusiajTj0iQ5ewy3pDAe6d_rtkiAKXl3Y_ICgrb8eZ7xOguMRN4DbnKLKT4V517IVErk?stp=s1024x576&edm=AOnQwmMEAAAA&_nc_gid=gHLDo2Iss43SwAY_OBC6RA&_nc_oc=Adq33vwgSF0V_KEkQiGfheSQg32Pz3Vc65LkKlMYMgYZnoqgYE7M7GAMuOy4MfynOi4&ccb=10-5&oh=00_AQIsrVc_VLfICdepDcZMooZ4EorUVGUGHOnbdEHVuN82Bw&oe=6AC93BC2&_nc_sid=201bca,perspective,none,none,False,0.684,447
1054546502985550,-77.0561763075,-12.1093086287,1728133187192,2024-10-05T12:59:47.192000Z,SAN ISIDRO,san_isidro_alt_01,299.67234006523,8tby1JTHapGnXErdzlSU5Q,https://scontent.flim26-1.fna.fbcdn.net/m1/v/t6/An9DxIx9CLNM3HL7o0ctTeu8nLtQDooM-kPQmhj42W9D6fPeRbztD1dJInGLvFNADaBw0oqwSdk61kVJ2aVlbn-pSiFERuw9uo-gviFDGurpceQPvMmSIo1wgEFLzk6DY3O-unD07FTFod3jPZFrI1E?stp=s1024x576&edm=AOnQwmMEAAAA&_nc_gid=gHLDo2Iss43SwAY_OBC6RA&_nc_oc=AdpgaaV1ELaZRHDCfmTxDiTwwV_M_zlPvtfhtmidN8gn_v5pASqWrTqcOLoKhs29EzU&ccb=10-5&oh=00_AQIipSW6dSlBd5Ju5BLfNAIq93csPgQWHlmc2VCVtgM4wg&oe=6AC94285&_nc_sid=201bca,perspective,none,none,False,0.628,217
1068575321428036,-77.056399782625,-12.109583547329,1727906511990,2024-10-02T22:01:51.990000Z,SAN ISIDRO,san_isidro_alt_01,125.27861403103,vytSRaq2hW7ApzLf0PNeKB,https://scontent.flim26-1.fna.fbcdn.net/m1/v/t6/An-7O1Ayl4pbvNc1mQldstInFltnaknoLgTOu39TqEjI6CE0bpiEFrmVe7dCCACcpekZJyGU086bcxcZA_ECNqYz_PsV6C4NafNnvV31j49K9zuKuaaRWLhfEMz2yL6keqfJqaWAgMFy4Ed8_kWMBmg?stp=s1024x576&edm=AOnQwmMEAAAA&_nc_gid=gHLDo2Iss43SwAY_OBC6RA&_nc_oc=AdpW41zN67NwXJ4R3nWSQLOZ6SK1g3pwF6fo-YzOyu_rrwtToGkbQ5iCPA81FigehS8&ccb=10-5&oh=00_AQKkCum6I_MrV5UQoYgsxDl5NJ2KtegHbowWZ-Obtjl2TA&oe=6AC95D1B&_nc_sid=201bca,perspective,none,none,False,0.458,217
1105559350939917,-77.056119567403,-12.109805674398,1727906513591,2024-10-02T22:01:53.591000Z,SAN ISIDRO,san_isidro_alt_01,137.5141743087,lnme5UjtRYDZ2Eyk6bgH3J,https://scontent.flim26-1.fna.fbcdn.net/m1/v/t6/An_RKsIY9MTOmF5TQJIk5GgMrRp4DRbla_57jdR_MHOKqMZ6UsEJDqFylwn3M9RvjErGLXIeqamgFSYJfLofWVpxnScra7xHsj1uUdM0D2jSvot6uW9T4kcJiAvuVNYlonjUn1vDHq_l3TIGFVSO9Q?stp=s1024x576&edm=AOnQwmMEAAAA&_nc_gid=gHLDo2Iss43SwAY_OBC6RA&_nc_oc=Adqxpl4e9C6_kzjOx4UaD9UnJD68boOaK3riJalz1cu7DSgWzy2iz6pUcc-Ao866ZKY&ccb=10-5&oh=00_AQJpauwZP4JGSiHBe64QgZzavztjLp2zk32bq7oo_CGJlQ&oe=6AC92DDB&_nc_sid=201bca,perspective,none,none,False,0.659,403
1094983338989567,-77.056290131329,-12.109671440514,1728304662198,2024-10-07T12:37:42.198000Z,SAN ISIDRO,san_isidro_alt_01,129.06570783537,n3H1u8ZAJYDOIEv5y7poxF,https://scontent.flim26-1.fna.fbcdn.net/m1/v/t6/An8mRV0XZVy6-_y3x8xVvgAJRfzQGvfdIODwujdqjsiAHR_nN0RzMCvw6jVnvMSDiPREAGkpnlr0T5RDfsm_B3jI8SjoMckAFk33uNZ2ste6Se6K4BW_toO-gvK-vEH6ZG-8O-Nph0gX9nZz70i1ph0?stp=s1024x576&edm=AOnQwmMEAAAA&_nc_gid=gHLDo2Iss43SwAY_OBC6RA&_nc_oc=AdqaRBgt5ap8_LqfvVa1e-0Y62FtbjcLItUchjv0bbIIyfmgTotmN_YAql100f4sDl4&ccb=10-5&oh=00_AQLl8tDRyUq-wjbaKtV8ZeU9zXzkZwnXl9OpCk7G6pfXDg&oe=6AC95F41&_nc_sid=201bca,perspective,none,none,False,0.609,346
1055988889592097,-77.056383922065,-12.109108865025,1728317663791,2024-10-07T16:14:23.791000Z,SAN ISIDRO,san_isidro_alt_01,297.84394627929,oYqTnXhslpBaRVQPuJCOgk,https://scontent.flim26-1.fna.fbcdn.net/m1/v/t6/An_5HjbmDn--wMiqxjxO8Q_Cszbb2jVqqpLXKJ5yNURkj6WibosRE_tnPNyR7QoI001Qbr2OujvMwhpALXl2Yv9q0ucN2CzoEkc5Dp0VSi_V_FSNYksq-jJiX3PvdcvWMhge4MB6bkls-jXAZKoySBw?stp=s1024x576&edm=AOnQwmMEAAAA&_nc_gid=gHLDo2Iss43SwAY_OBC6RA&_nc_oc=AdpfPDKLIfrmrtWPfOQtEBMXpLbZt0hY_8K9-PwUi3sPPCkf6GKXylsFcpM28BJFkfY&ccb=10-5&oh=00_AQIh15unztJGIcWPSVuZWX1yMiKSYLNaa1uzeVRKqfChow&oe=6AC944FC&_nc_sid=201bca,perspective,none,none,False,0.601,61
1135069823841009,-77.056425188843,-12.109182647941,1669995297000,2022-12-02T15:34:57Z,SAN ISIDRO,san_isidro_alt_01,28.02,vMdCE5Jps1SrWIFnYqo64H,https://scontent.flim26-1.fna.fbcdn.net/m1/v/t6/An-CTsv_hQdxUZMPrdzz8nAt3Nfl_eVkKoOT4u7qtcDsoLdLUSR37LNh7T1j19oL72n9R4aRHxUH8X37urFhLbm6cALFC8S2MxX3KLwtadPd8EWnfNRrUaj2GGJCAEMfFogWOaoK8aZhn5LxnPrnaLU?stp=s1024x576&edm=AOnQwmMEAAAA&_nc_gid=gHLDo2Iss43SwAY_OBC6RA&_nc_oc=AdpIKmsH_oJ7hddto2xsIPu5T_T2uinPpz0GuYU_P7mA0fl0euJ7mJypGFHSpjd0c6Y&ccb=10-5&oh=00_AQLgdOgNpOjJ2F-hDHz1SVgvU53xlcxyxhkoYnWMgJkTUQ&oe=6AC949E5&_nc_sid=201bca,perspective,none,none,False,0.596,87
1144393166033176,-77.055963487236,-12.109381839547,1467988002000,2016-07-08T14:26:42Z,SAN ISIDRO,san_isidro_alt_01,303.50873255174,vh0ISy8t869tT6PJiLoVbg,https://scontent.flim26-1.fna.fbcdn.net/m1/v/t6/An8uOIWR8NLNYi2i2H9h-kFt4-L6YlKRBp2PWyx6j04-8Fh9j5Ssxt3pH4Yfxe1yOojOmpb3aX-4l6F17zbxfJ4DJSA1IcFiEfeZg54hVxeAQQGLqZ6tiDup5VAwTaC7BrsEkmRMhU4k_qdbMKGGvw?stp=s1024x576&edm=AOnQwmMEAAAA&_nc_gid=gHLDo2Iss43SwAY_OBC6RA&_nc_oc=AdoNr9mQCTmbzoTHGPlsu-2HgIad67s7XUKRmCIkahFfUCH1knp_VGFNTStaTGGC7AY&ccb=10-5&oh=00_AQKyemsmUhz3Lo0QUXFFtVlgUZ2kJEqKMJsetqNUg4psSA&oe=6AC94403&_nc_sid=201bca,perspective,GARMIN,VIRB-ELITE,False,0.453,1
1034034475075269,-77.056177508435,-12.109779043937,1727906514190,2024-10-02T22:01:54.190000Z,SAN ISIDRO,san_isidro_alt_01,133.16090208859,vytSRaq2hW7ApzLf0PNeKB,https://scontent.flim26-1.fna.fbcdn.net/m1/v/t6/An-holuwfzYGwibD4iPupSZtp_FE-hWELAhaKPzCpWPVN-96v74BFRTtM7asxx07l4z9KJJQhoJLTdOrDeuLA85RhxT9oGVBqzrF8yBvJQ_oZP1j-9P2FSTgB71oVWnOEf5EGBkazczmNgvY-1vjMg?stp=s1024x576&edm=AOnQwmMEAAAA&_nc_gid=gHLDo2Iss43SwAY_OBC6RA&_nc_oc=AdpCqPIun-3FPipKb5gEVdO-rIBHkNDvEiSFFuUEzJ2UcSsYURcE1gzc9dnFKtSsQXE&ccb=10-5&oh=00_AQKpIF1rNvHSKJGmcaOR88mVZR-HOZFfIaMlNJzp4SDP_g&oe=6AC94525&_nc_sid=201bca,perspective,none,none,False,0.592,412
1260359071671807,-77.0562583075,-12.1092629487,1728133187992,2024-10-05T12:59:47.992000Z,SAN ISIDRO,san_isidro_alt_01,299.67234006523,8tby1JTHapGnXErdzlSU5Q,https://scontent.flim26-1.fna.fbcdn.net/m1/v/t6/An9y3TDfvAFxTMAJL_JkkLk7LGfF8gMrxCyOC4NZgLvbVG_Nq-hu3cKuu7b4_DfChJ_IdwHj2MvIuWbqzVbaEWxUCaH5Ld81aUN9ZiRuloQBMj_3kgdbK3OfLSU3O-O814spxP6szXd761hUm1cvJQ?stp=s1024x576&edm=AOnQwmMEAAAA&_nc_gid=gHLDo2Iss43SwAY_OBC6RA&_nc_oc=Adr-fcKaaAKPO5PdGyAS2lPqDQA73xFdyfjVrEsEvZSYWYumBPfQwP_fxE5fCCcYfB0&ccb=10-5&oh=00_AQLfqRtWf6_Ui0vJV-jdLMUmp1KqU4nonGdyabsGzzj2ng&oe=6AC937CA&_nc_sid=201bca,perspective,none,none,False,0.618,184
1072533316576216,-77.055815788043,-12.109540212967,1470327843528,2016-08-04T16:24:03.528000Z,SAN ISIDRO,san_isidro_alt_01,300.25938449451,VLtdy9bw8zBQJ9o2Z0Vj8A,https://scontent.flim26-1.fna.fbcdn.net/m1/v/t6/An8mbwxZQcxnRnL47WNkAwi0Tw47VwS6CRot5vvMxx28U7aaq2aXqBjs7vK22DunISwjtfvFoITsrzFS7cItQRD_HJYivmREtUHPWGFqCQnaLAtwex0cdtv9TUDTx6lvH1slWIpvkYecvDdGHf9mpA?stp=s1024x768&edm=AOnQwmMEAAAA&_nc_gid=gHLDo2Iss43SwAY_OBC6RA&_nc_oc=Adqj-rUQxpV7jBwj87jnWFiRGxQf_16YVpd00VRTY9byvWuv8bXWt7fcmKgfAb-kXL4&ccb=10-5&oh=00_AQI1DcKwauSiMT-433stM_8MaPUhS2wmJPqcIGJs2rlE9Q&oe=6AC92FA1&_nc_sid=201bca,perspective,Motorola,XT1528,False,0.571,0
1082038126628997,-77.05631495654,-12.109521739131,1728304659600,2024-10-07T12:37:39.600000Z,SAN ISIDRO,san_isidro_alt_01,129.098681191,TPXUBYGk7V5ZyhosizJDub,https://scontent.flim26-1.fna.fbcdn.net/m1/v/t6/An9dAMBS_v329fhqnwWfdzDEPGMjWtOWuBeITLfQNaMh9OtsGPtVBRZyTjHWArJ28mucxiNI8r_y8dofwHcRo4KU22M4-qwJvtIcXTJFnecgluosg5AAIOUZeHc6wZfBjM7byu1Z64dkdS6sCU8gqOg?stp=s1024x576&edm=AOnQwmMEAAAA&_nc_gid=gHLDo2Iss43SwAY_OBC6RA&_nc_oc=AdqAnYbsLZSR7g6_9pLdl6ZD9iYGfKmsuSla-hwwzf51FJVPpbZ8A9auLbHFWAy2jus&ccb=10-5&oh=00_AQInV9wFInsijxK7YnN03m0vhZdtlRZGM9o7RmtoiNJGsw&oe=6AC94FAE&_nc_sid=201bca,perspective,none,none,False,0.434,186
1077933127036992,-77.056397918559,-12.109185857416,1727961547391,2024-10-03T13:19:07.391000Z,SAN ISIDRO,san_isidro_alt_01,296.25520176985,wWEtQ7kHY5soaDXTZ8n4dK,https://scontent.flim26-1.fna.fbcdn.net/m1/v/t6/An9amLdP2EcsXBadNHI9lA08c9qbLxrGY5E-7DXClC-XdmLxqW5hiPHlNwLrqQ-4BHoMU-VZv2QDKAGTdBIePJo1xxX2X2n5I7j9SaSKMiNPuHcklhmrPmX1gTsgjNqvc7jA4ZQxAos4BvNzHvmjbA?stp=s1024x576&edm=AOnQwmMEAAAA&_nc_gid=gHLDo2Iss43SwAY_OBC6RA&_nc_oc=Ado3Rcy6kuplh-sX1wHZ7meDAzRsD7bDCIFHlKJTKwUZVUWzfCtqYyqDcgWgJthPtqU&ccb=10-5&oh=00_AQKE1hDZ1V_soFvO9H8gEzCNymwZdbzU4Wtex6sdh8Qm4A&oe=6AC93690&_nc_sid=201bca,perspective,none,none,False,0.574,232
1072031827467599,-77.056257454953,-12.109715037089,1727906512390,2024-10-02T22:01:52.390000Z,SAN ISIDRO,san_isidro_alt_01,133.2093929945,lnme5UjtRYDZ2Eyk6bgH3J,https://scontent.flim26-1.fna.fbcdn.net/m1/v/t6/An_qI6swQE6KIfRV401fJ4WwSdoQ9vMMSvYQxzXaSpAqHDYMhkuOBZt6AH84ZXjjTn09nibytplflFiiMKYwm8fA3d-V7_DO14etCCIiWyNlC_4x44rvp3Kx4oBjQPgVg5D0IA3rYtHp7ThRJ09RL6o?stp=s1024x576&edm=AOnQwmMEAAAA&_nc_gid=gHLDo2Iss43SwAY_OBC6RA&_nc_oc=AdoTbIDxtVcHkgZtyroFcc_GWqE7zoex0hpM9xy-JxIq7pDbI1PLlGCOXQ2u8f1wvoo&ccb=10-5&oh=00_AQI3Br8aJ_3JOj9Gl_7akhuldSIVoWjqD-4lmcH1-g1zYg&oe=6AC9417C&_nc_sid=201bca,perspective,none,none,False,0.674,381
1096916175392337,-77.055834801329,-12.109533107783,1728133178000,2024-10-05T12:59:38Z,SAN ISIDRO,san_isidro_alt_01,304.564,lETIsiRGyW5pVqYX1CQvZ6,https://scontent.flim26-1.fna.fbcdn.net/m1/v/t6/An8w6yywgnzWWgMvCbF8F3uKe0bPc7e-pja8hk8fjKvy5HAOSYkw2lZqh7TwmjcNECn3Ip7iK7sM4joreSgPpy5oxHz1Po0Bwyj7r9hgZURY9GZVWEE9-ONmgFoFenm-i8057N44bHpGjSusfYg2pg?stp=s1024x512&edm=AOnQwmMEAAAA&_nc_gid=gHLDo2Iss43SwAY_OBC6RA&_nc_oc=AdoE6j5j8xkDcoBx4KTPcZzc818NlagiSd7MUBh19ywLhQYlv1sYIu-ZKVGvep_wSzM&ccb=10-5&oh=00_AQLCmsezhPN7hHjqUdc2-WBg9sjK5e4vFNukbChE99BTSg&oe=6AC95456&_nc_sid=201bca,spherical,GoPro,GoPro Max,True,0.832,409
1067683364624711,-77.055835402375,-12.109400725255,1728133183591,2024-10-05T12:59:43.591000Z,SAN ISIDRO,san_isidro_alt_01,303.5031816952,IfaFYvps86kuMNXLTKZ59c,https://scontent.flim26-1.fna.fbcdn.net/m1/v/t6/An_14Ym7KhRPa4b4GClrJIlFb07-ulVQaSjKNTlrdZQTstN3tSWSznlu6xz_ew4NUulec4tvAG2bm2Xt2BuWn4IVjSvUONTkXujJwoBtF3hu_MuMLt1TUtmiZcoOKrxd1sVwUbsrcRSanbkbkRW3jfc?stp=s1024x576&edm=AOnQwmMEAAAA&_nc_gid=gHLDo2Iss43SwAY_OBC6RA&_nc_oc=AdpMWrurizPiePyFvCQItrh-YENbRMKNMyp9E5EeYUspk2ozc0ALhvV3VMZTZcjwvJY&ccb=10-5&oh=00_AQJqZUglDiBo1pKx5EoHtDMJqKqlMxO0emBFKnE-Ehwwhw&oe=6AC95AC4&_nc_sid=201bca,perspective,none,none,False,0.557,103
1206638466642035,-77.056167,-12.10928,1669995295600,2022-12-02T15:34:55.600000Z,SAN ISIDRO,san_isidro_alt_01,210.35,3GaoQnEviyCjfNFOVIgeLR,https://scontent.flim26-1.fna.fbcdn.net/m1/v/t6/An9-03pkL2GEJpBeITTN0HeOu7ybUBV4VyKuY3aYxDLvBn5CVbqHlx8-8rZYbI9vxigB4Fi1-945amQtcCWKaCK37giXVhcqiIsttRMk9pEktLJ97CnTD-afJtAuyVNohaCRzjyXPchn_3ar8bhh_g?stp=s1024x576&edm=AOnQwmMEAAAA&_nc_gid=gHLDo2Iss43SwAY_OBC6RA&_nc_oc=AdqEPHXxtmaiPhJTzzhtl2Zkn0D2vs7H0c6WS0Rgyly_kNf-qHo5o16zbICU-mCFc58&ccb=10-5&oh=00_AQJTITRkUR48H_XmJk67FbaZmF5uTtGtSOQBGmtBYCT1rg&oe=6AC94A0F&_nc_sid=201bca,perspective,none,none,False,0.445,316
119324274406743,-77.056466908848,-12.109041747062,1669995294600,2022-12-02T15:34:54.600000Z,SAN ISIDRO,san_isidro_alt_01,301.05,MJdBgHYAvcleUhL3ay6xDo,https://scontent.flim26-1.fna.fbcdn.net/m1/v/t6/An98uUs8GVwytzxwjzsVnMkDpBNtRctqFzd8O4QgMbcB6AbNfflOR0I4cTHpt3w7SuM_K_8XwZLgCB7UDt9XUzTJsmdDavQ_Wo9hhvdEMGd_VoQ5pDPKnOeOPZTeyYDm3Ef6wAZhxTb7g9E4q5LOpQ?stp=s1024x576&edm=AOnQwmMEAAAA&_nc_gid=gHLDo2Iss43SwAY_OBC6RA&_nc_oc=AdqY3KmvtdZxhunxJhAaR7oWXjj79_R9jgXZXJ477fQuQtLvkDt17vHXA34hrp6QmgU&ccb=10-5&oh=00_AQI2i4NHL0VMpajcrRo_jVTWMLbZmQpcOYa26UF39_2DFA&oe=6AC93A3A&_nc_sid=201bca,perspective,none,none,False,0.674,353
1194511695524751,-77.056402960044,-12.109193239113,1727961547191,2024-10-03T13:19:07.191000Z,SAN ISIDRO,san_isidro_alt_01,296.25520176985,wWEtQ7kHY5soaDXTZ8n4dK,https://scontent.flim26-1.fna.fbcdn.net/m1/v/t6/An81hsWuPRL92Z7GnHbWClQ-vbPRmWcl02fZdmK1BKjb0xvPT6qIngwAdID15ESv5iLYqgrKccVP0oNFU8Cz5UFWKv0C-jtmuvYYv8eOnsIsATSWGisHz_ZMXHcsLrCBHe-0u4EYXpdf2WpMwTAtxA?stp=s1024x576&edm=AOnQwmMEAAAA&_nc_gid=gHLDo2Iss43SwAY_OBC6RA&_nc_oc=AdoneOQ3ZJJPNImtQD3dZsiGIt1BTWJtZx1SC97OCMy7Bn6u5CF4zEVOWFAB6sp1cqg&ccb=10-5&oh=00_AQIzHgur67FZDLl6o9uI2fw26qXmiz9wQ5ShoHK3IB5UYg&oe=6AC953D2&_nc_sid=201bca,perspective,none,none,False,0.548,185
1209521043611529,-77.05611371784,-12.109332448798,1727875161593,2024-10-02T13:19:21.593000Z,SAN ISIDRO,san_isidro_alt_01,296.37488031051,gGZzOei2FpNBhWJlb7cMsL,https://scontent.flim26-1.fna.fbcdn.net/m1/v/t6/An8oOZwMEEv56QnbK1eDpJSFF2dDUo3piFTSfliFbgKGtPujknC2ZPBCrSYgJmlYXavlfH6896tL_6VHG6KKNNuz78ljrYr-Cz7g1lfX9xAGPJssuuXFt84TUaflfXSP1NyVQC0FsC-VFMfpkMFNDkI?stp=s1024x576&edm=AOnQwmMEAAAA&_nc_gid=gHLDo2Iss43SwAY_OBC6RA&_nc_oc=AdpJKz6gcEWK0V6TJoa5YXz8raFrXmcJ_yDrvMGGy3X2bDfAKdVJz5HXF3mX-aXTtBw&ccb=10-5&oh=00_AQLjJz2TQlijSd45Ziq0V0ey0esYq54fG2FIUeAVpoENmg&oe=6AC93060&_nc_sid=201bca,perspective,none,none,False,0.577,285
1122086199273331,-77.055805069618,-12.109430518066,1728133183191,2024-10-05T12:59:43.191000Z,SAN ISIDRO,san_isidro_alt_01,303.5031816952,IfaFYvps86kuMNXLTKZ59c,https://scontent.flim26-1.fna.fbcdn.net/m1/v/t6/An-b917A9_ngBvN1HbAao83ovRSrQimUMbQcrrtqGQIr4BUS2q5_THUWb4pA7zw9i85EG3XFA4labZGwTHCxTvtRUrP2Vwh18cdhj8WgGJdw2F_kErGNYv0kLflyg6i_nsy3szdLlt5hY09t-WHQVQ?stp=s1024x576&edm=AOnQwmMEAAAA&_nc_gid=gHLDo2Iss43SwAY_OBC6RA&_nc_oc=AdpmxhsS4KKnQPEJx7TybgRLjkYdAkJIaysaaWR_6Eniwv1NSVluvrRTT8CTkVgaKdw&ccb=10-5&oh=00_AQIkknVFD5MBFPlNccLxQOapWbioHVGa7mv10EDBrFh4_w&oe=6AC941EF&_nc_sid=201bca,perspective,none,none,False,0.554,110
1190077315394076,-77.056276804568,-12.109709514081,1727906513390,2024-10-02T22:01:53.390000Z,SAN ISIDRO,san_isidro_alt_01,133.16090208859,vytSRaq2hW7ApzLf0PNeKB,https://scontent.flim26-1.fna.fbcdn.net/m1/v/t6/An_puTYpZJm_I4S75w41ZjLrOfXNICJHeAwXq9zCSqjmgI4H9j5qCIHslZVIUd_HUoEc_Km0NlSUJ-D4eHFioLiorUYSk0ESiUsb34e2bwovHk-82j6faeJxCe_tGV8JuAQcSeqWw0sqOGpQXaw9Rw?stp=s1024x576&edm=AOnQwmMEAAAA&_nc_gid=gHLDo2Iss43SwAY_OBC6RA&_nc_oc=AdpJd9Zj_NaBpm7liqzyeUJ_kLXGe-N1R-oJoK38Uv8KkRfGp5yAhd0EWN6asHOOHVI&ccb=10-5&oh=00_AQKAWnGvU2yAGZ-ewNebH5NBbHoWW13FcT-GxfSURlotSA&oe=6AC93706&_nc_sid=201bca,perspective,none,none,False,0.594,316
1094253749086501,-77.056033535111,-12.109389631571,1727961543590,2024-10-03T13:19:03.590000Z,SAN ISIDRO,san_isidro_alt_01,302.56831510957,VaNZvclt1MpBeSdLoumKfJ,https://scontent.flim26-1.fna.fbcdn.net/m1/v/t6/An_cCV_ZFz-K53vI25oCtXUbmJZL5Kjj8Idme5eRL7ngMDN0UoxtQNnf1a1UH0GQO42yP8HNZ2y18sbwWd1OdKYbNbyCPmxY4uNEd8cYOz6CQFjqwunsYVEXORxszFV4yL7CtSUnNJXAMTNsgE4ZdJs?stp=s1024x576&edm=AOnQwmMEAAAA&_nc_gid=gHLDo2Iss43SwAY_OBC6RA&_nc_oc=Adpd9T-Rw5SXtSIUYElkGTGJxNQyhB8F-RiObT66GB0bReKxdX2lQ5Ly3i5RgxG2lTw&ccb=10-5&oh=00_AQKx_Lp2WKQp_hVm8dvPVRB4Uu_JEUNfuL3lm4nergg33A&oe=6AC95A58&_nc_sid=201bca,perspective,none,none,False,0.598,321
1091434425709997,-77.055905532,-12.109463169,1727875160192,2024-10-02T13:19:20.192000Z,SAN ISIDRO,san_isidro_alt_01,300.0066539021,gGZzOei2FpNBhWJlb7cMsL,https://scontent.flim26-1.fna.fbcdn.net/m1/v/t6/An99FZisa6o_vmxDgc5HkoriWNE1JqjAtS0lMQriXLtMDAoiMpyCcFiUpvRXnL4SaIUzvBCMxN3MC7hiu1if41v9C4UNOmQWx_sDWVlzS-yb4LEepmeVmh9iqETEARdril58VK0GDkjEikm1m7Py7gk?stp=s1024x576&edm=AOnQwmMEAAAA&_nc_gid=gHLDo2Iss43SwAY_OBC6RA&_nc_oc=Adr1s1DruA9E5v95v8aayoaaJS97Ibrbbmb_cjoINA2T8SGCjd7L9j05RqSbNtSWrEY&ccb=10-5&oh=00_AQLPS4ugxwyfAIEnDWQ9Ox3wOr5Jrw5le0UR69boLCoF6A&oe=6AC94992&_nc_sid=201bca,perspective,none,none,False,0.59,214
1107009574325755,-77.056506047656,-12.109827107673,1728304660000,2024-10-07T12:37:40Z,SAN ISIDRO,san_isidro_alt_01,129.49081586522,X5FZAcCSMs31poyPjrxvBn,https://scontent.flim26-1.fna.fbcdn.net/m1/v/t6/An_b256ZQX22jkPAGB2xrCvVbVCddKD38cK-4Hq0cD5gy0EDBV052ZJHKdynx5L6gINS0n42plMTQoUaoMpN4HjYDDiCdX8qF_ZgPbMVgJm8wCNaHjqnHZEj9cQvX3_us93OAeWt01m1dPMtyLr0EQ?stp=s1024x576&edm=AOnQwmMEAAAA&_nc_gid=gHLDo2Iss43SwAY_OBC6RA&_nc_oc=Adp4SYmczHjWN2lFpy5J4PWsJH7grmVQxAoe8OMj-vwIeiBMIC7O3TSJ2Zj_uwDm3lo&ccb=10-5&oh=00_AQI17iw5Wh4imccF1AlbLDDwlXXIFdGJ9kK3EIXyqwCNGg&oe=6AC93812&_nc_sid=201bca,perspective,none,none,False,0.648,456
1247122416605980,-77.056207436802,-12.1096599553,1727906513590,2024-10-02T22:01:53.590000Z,SAN ISIDRO,san_isidro_alt_01,133.05986297749,f8wl1zIAY64ed3X9oPtQFG,https://scontent.flim26-1.fna.fbcdn.net/m1/v/t6/An96XDi2su1qq2WTl_LV2-tGbGgEEbw7LDsLnHpI-ZsEwABOAjMejmgG5IGeHjqdRxUtu-coWceGXIv9YJpj6rNKJbY4R-zyaT3zxCz0d2S_reN6v-nTjUH6S5GUoqhuI-Us_E77uRGm1kpj3AwPKw?stp=s1024x576&edm=AOnQwmMEAAAA&_nc_gid=gHLDo2Iss43SwAY_OBC6RA&_nc_oc=Adr82RfJ7l7wIbpdSEtGakVCaXyJsRdg9YIIPnoq4bjoGb1dWiAlukVgJ4g1PmxQsL4&ccb=10-5&oh=00_AQIJPPXyqOpXh32oOah63wXX-NFfFGavoDvq5mvblkA2ag&oe=6AC953A5&_nc_sid=201bca,perspective,none,none,False,0.433,186
1239993133886980,-77.056351160863,-12.109660782222,1727906512790,2024-10-02T22:01:52.790000Z,SAN ISIDRO,san_isidro_alt_01,129.14259298962,vytSRaq2hW7ApzLf0PNeKB,https://scontent.flim26-1.fna.fbcdn.net/m1/v/t6/An9D89YqP0w79Ymy0OHtzSH83JinpY7EbXNg8OFadqzRw_Sm9djxtegTfKW278I8BjL9Vmrlzqvw7K385XlFYa35KHqKsb4wxxby9A-UlAlf23VQ2ohpQ2uUCOotUfDZ3z8nIdXMQo-iyKdlwQKDGw?stp=s1024x576&edm=AOnQwmMEAAAA&_nc_gid=gHLDo2Iss43SwAY_OBC6RA&_nc_oc=Adoyw9p74VfpRd1E8QdNh8o-xDO3_shKA-OOVpkT0CE71gDFKO8cEO7o_j3iqhB-1Tw&ccb=10-5&oh=00_AQLE9uLKWansGYczMOONrUIxsrwd53jBAIJ_pRsmeGiAsA&oe=6AC943B8&_nc_sid=201bca,perspective,none,none,False,0.584,291
1108401620684432,-77.05612837121,-12.109215378242,1727961546398,2024-10-03T13:19:06.398000Z,SAN ISIDRO,san_isidro_alt_01,300.04749215576,PcbBAi8S75U9kL4FOKsMmn,https://scontent.flim26-1.fna.fbcdn.net/m1/v/t6/An_W2sJdpbCOrWCGduM9VupPTaeT9Xnrw4P9WE64Dl1P1ixAboeQvFnRyT6tYm-cGIE3vlqN7OFhST7wT3_9Wqvx8UUezhjQNNHEepp8f_6oNLGcbmv-JB2FgSb7i5enuzgDaKetORGz2HH4NUuJpos?stp=s1024x576&edm=AOnQwmMEAAAA&_nc_gid=gHLDo2Iss43SwAY_OBC6RA&_nc_oc=AdrcSG4OIzFVtgnsDpwSoR4EXZnaTW_PywVhaSSSQQSvZs4iDAqQKi-SRUyrXRCo2NY&ccb=10-5&oh=00_AQJ_mqB226pnjIclQag-6eIFlFomvXP4TAmiDPxTae0U0w&oe=6AC94070&_nc_sid=201bca,perspective,none,none,False,0.561,63
1086319813091134,-77.056545850413,-12.109759328305,1728304659200,2024-10-07T12:37:39.200000Z,SAN ISIDRO,san_isidro_alt_01,129.49081586522,X5FZAcCSMs31poyPjrxvBn,https://scontent.flim26-1.fna.fbcdn.net/m1/v/t6/An-pfDKYUWAa1BB2h2BW-nVl-WkSDT763grlFq60TFs2VaF1u2JCC0qyc266aA4DqRgj5_N5Fq03hkp1W6kORqgPoFXrlBykW_siPA3OYptcxlsKtz0y0To0KZ0MuOCibezJdXFmxgErZPAdWxiLSQ?stp=s1024x576&edm=AOnQwmMEAAAA&_nc_gid=gHLDo2Iss43SwAY_OBC6RA&_nc_oc=AdqzkHlshQBg8_Zvo5QYzo46YDtZ9v8MkKVJvlpBROwINQZfsyHP0Xzm1Q6fz-1fuMo&ccb=10-5&oh=00_AQL2Q9s10mDKlUpUvN0NPxbTv_1dUzpB5woOkRPJ_g_nKA&oe=6AC94B2A&_nc_sid=201bca,perspective,none,none,False,0.615,398
1187126032175142,-77.056028888611,-12.109301481383,1669995291800,2022-12-02T15:34:51.800000Z,SAN ISIDRO,san_isidro_alt_01,304.5,MJdBgHYAvcleUhL3ay6xDo,https://scontent.flim26-1.fna.fbcdn.net/m1/v/t6/An9X6e2Aepb95PCENSOZy84gdbtyJ-WxAHsQxWWYpyo5-23x6YdtdGkDUZhQsGToiN1E9JnKl_FLpR32IyjVvqTS7GyGer__82Br4X45J0Nyj15EJNRMutF4FTSw5OsVXaLD6QH8qjpvfYLBwYO9hDE?stp=s1024x576&edm=AOnQwmMEAAAA&_nc_gid=gHLDo2Iss43SwAY_OBC6RA&_nc_oc=Adq9t4yKTc9PvCcglgnCyyJhzNDj68azYpV-i2rtAoI24BnDX5xnfXzaGEO1CTRqdOA&ccb=10-5&oh=00_AQIrmTCM6-scARZP0z6_82jYOljAEsyixlEJt0TzzZ-MrA&oe=6AC94975&_nc_sid=201bca,perspective,none,none,False,0.673,346
1144542077319062,-77.05614910373,-12.109325701244,1727875160993,2024-10-02T13:19:20.993000Z,SAN ISIDRO,san_isidro_alt_01,296.17734671151,9HywK7nz68ZJ3mMvYLP4qj,https://scontent.flim26-1.fna.fbcdn.net/m1/v/t6/An-F8bCZJQb5ZcgN9vpkD6knBD1jYT_pZB1UYvMOiHOUYls2rAbrLQQkPN-_eIsN08jDPLH7gT6lKzrf8krzOCktwsla-Ebs9wvysvC7oB7aqrX9GWtOvEwveqZrx-IdigAb8roWMOC10nWo5qXNi74?stp=s1024x576&edm=AOnQwmMEAAAA&_nc_gid=gHLDo2Iss43SwAY_OBC6RA&_nc_oc=Ado6jJ9ZzFAEfbve0G9I-pC_MDOqrsJzHitOo4xpfm1hhkDBTs81uLgL8srVJFG-CCI&ccb=10-5&oh=00_AQKZbP6v7OJZ1cLxjvt_9syW_WEFLTRit7zqRQ6TgXph_Q&oe=6AC95E93&_nc_sid=201bca,perspective,none,none,False,0.611,296
1219711302616715,-77.056104827844,-12.109230803458,1728317661791,2024-10-07T16:14:21.791000Z,SAN ISIDRO,san_isidro_alt_01,301.43718338605,oYqTnXhslpBaRVQPuJCOgk,https://scontent.flim26-1.fna.fbcdn.net/m1/v/t6/An94d3-9IgkbJE16N9dxzoOq6doqWjgvwitikWl6Su_fU8lhvzzjrJq0ifV9ERKULQ4s1N5g8cEnz-rXRtsxJ_QlMyry-We0hUZ21p9-8tRY8TtCZrgxufvKSUn_M7hWWKp4rqpuHnE7Vuj0RDD1KRE?stp=s1024x576&edm=AOnQwmMEAAAA&_nc_gid=gHLDo2Iss43SwAY_OBC6RA&_nc_oc=Adp7dmXWZevynM48T9F1wn5pAb4mdhUOQ87fCTvhSRjar1dPA5Gf161VIuqnvu-G4rY&ccb=10-5&oh=00_AQKGoc5yveabF3ufx78QTSNxmei669Oox7AvKe9tpvqj8Q&oe=6AC93188&_nc_sid=201bca,perspective,none,none,False,0.552,87
1089807315379244,-77.05633219791,-12.109205347953,1728317663591,2024-10-07T16:14:23.591000Z,SAN ISIDRO,san_isidro_alt_01,298.28481159951,ZkzP8uWexcRoXhi7wL2aSU,https://scontent.flim26-1.fna.fbcdn.net/m1/v/t6/An8anvTUXqfuN7mEGbc_Na6tRPBjO2y9uib0DoHWG2vhc-tpDVi8JXGQwRhkysWGyfao13Xvt6DrQC-CXTlPwBlkPUSrYeARtAvp64bro9SRg4voYCyWbaYnd8d1y82p8OkcyFdTuEul2ZHNCfbFKA?stp=s1024x576&edm=AOnQwmMEAAAA&_nc_gid=gHLDo2Iss43SwAY_OBC6RA&_nc_oc=Adrr5LxE0JmDhAKILANofEgZJ6HyPKIrz6w-Z-cLKeh1wgSmebBTF90kT8uJOrjg4EI&ccb=10-5&oh=00_AQI3G_unyuPBaWgASizkkgc6iPNq365V1iAQcAdQO8j4Mg&oe=6AC933F2&_nc_sid=201bca,perspective,none,none,False,0.609,255
1096906468825301,-77.056329716597,-12.109132449653,1727875163000,2024-10-02T13:19:23Z,SAN ISIDRO,san_isidro_alt_01,297.24589200215,9V7hcBdMD68WTFNUzkEnqt,https://scontent.flim26-1.fna.fbcdn.net/m1/v/t6/An_SyOc9XGxIns_nrJ3Czn_fF_hp8J3zYm-nt93xfPqnb2_uPWOfYh8u5BZroMmM3WsFFaWj_CL3Fr3ybT7hHRjQ29aFRaL93lTONfTH49seHJQPOg-IuuR8_9b1i5JEd4vfzkwyqyuWKm_v4PAV45U?stp=s1024x576&edm=AOnQwmMEAAAA&_nc_gid=gHLDo2Iss43SwAY_OBC6RA&_nc_oc=AdruEeJprsvgLYRujStH7RNsUZd7X6lB2Rac6y_x5Si37-75Kscxf83bigCDDvjZ5Kk&ccb=10-5&oh=00_AQIwi79VhdVTE8no0m2yQO4K-OcUyz0HkWqnRchpdy1RMQ&oe=6AC949DF&_nc_sid=201bca,perspective,none,none,False,0.608,114
1255899431978058,-77.056231552077,-12.109722838307,1670193000600,2022-12-04T22:30:00.600000Z,SAN ISIDRO,san_isidro_alt_01,220.14,14HhQCFKbEkAXYojT93sx2,https://scontent.flim26-1.fna.fbcdn.net/m1/v/t6/An9bIDTOKctxAxc4P-imQ5mWg4PIYOzDEj6GMbXBPe8wSVO4RKR3Ix6Lecsg8vnntZFixAtQYZdgevZTGOyoblgBtnATzTNzSdi6xOxJo28bo2E9wXx3IPIVpvuAROWQdAz5jF_J9SFoGFs5alZO0Q?stp=s1024x576&edm=AOnQwmMEAAAA&_nc_gid=gHLDo2Iss43SwAY_OBC6RA&_nc_oc=AdrUlkhE8gBEBqSiPOCvYMVPBd5H1oZqCtzLjHlPFvloJBmb1FP11lhucdUK52bTVRw&ccb=10-5&oh=00_AQLENDlnOLCl9VIQyyS59LW5y3uGDR22EgAqL9vj5ELrrw&oe=6AC93B1D&_nc_sid=201bca,perspective,none,none,False,0.548,437
1227260955192750,-77.05640772397,-12.109340383194,1728304658600,2024-10-07T12:37:38.600000Z,SAN ISIDRO,san_isidro_alt_01,125.96593975616,TPXUBYGk7V5ZyhosizJDub,https://scontent.flim26-1.fna.fbcdn.net/m1/v/t6/An-gDJEcZRSC_rWcH9t5eN6XcNm-F03MZt2iIP0G9_WSw-iCLGdqZ7E0tSgs3Xamag_CZjDgVyQ6EvQ7bB__ldg3aeFVRaZ8XTqTeivrOOv1qSq2j_hUPA83Y0Ak6WLxaqfLwvX5oW4-tl1cR8Mi_nU?stp=s1024x576&edm=AOnQwmMEAAAA&_nc_gid=gHLDo2Iss43SwAY_OBC6RA&_nc_oc=AdrzJw_zaSB5eK5rF6QmjM4zgmM_YAH7f8-sv-coy1X2TCcJNRoNUauqcXE-fXrm2Rs&ccb=10-5&oh=00_AQJ2EyNvfHJB8ry26nlKX4QKyjfSqwXTMa5GYJG-kCN4OQ&oe=6AC94423&_nc_sid=201bca,perspective,none,none,False,0.448,229
1086563226390072,-77.056344350299,-12.109481992465,1727906512390,2024-10-02T22:01:52.390000Z,SAN ISIDRO,san_isidro_alt_01,129.05770016682,f8wl1zIAY64ed3X9oPtQFG,https://scontent.flim26-1.fna.fbcdn.net/m1/v/t6/An905XFDnmovvbcPlFCtsTfBKzNr7yTrlQCWCDWieuLHDAfBUiZc_KbByqFZkB4-Fd5egRZf7meqNkjUnhC6I4K9mUdobhRwPc17CNFStW-WiZxm5QxVV88VocGpu0Hz371y7RHe3EZWMpfz7Dvk3YQ?stp=s1024x576&edm=AOnQwmMEAAAA&_nc_gid=gHLDo2Iss43SwAY_OBC6RA&_nc_oc=AdqFPwUuqzIWPv6KuSj2mfpfkZ_WpNnrN-nM8XdQnqxzvRxH_jdvqfWhyqAOoEjky3M&ccb=10-5&oh=00_AQI0_zD8yjXU5ZgY9AC1dkdRG3TXt_tFuDWeTvQaeHUU-A&oe=6AC93860&_nc_sid=201bca,perspective,none,none,False,0.437,197
1245989189985195,-77.056157814258,-12.109306808807,1728133183792,2024-10-05T12:59:43.792000Z,SAN ISIDRO,san_isidro_alt_01,300.80275768097,1qZ0rvPCEsOhFSB9Iu6Jka,https://scontent.flim26-1.fna.fbcdn.net/m1/v/t6/An8lBFLd0inluluu4H6xUYisN6gBKxLZGmEImBvU8ufTMns9RaMsSMW2_fpns0-z8bhJPj_7eBUpmuc3QCw5B-a_7C9C6I4ExDjj2jCxBVHpi1aX_3wjKgj6bvin7h-IgSq_Sqtd2LY4Km9M7CQl2Q?stp=s1024x576&edm=AOnQwmMEAAAA&_nc_gid=gHLDo2Iss43SwAY_OBC6RA&_nc_oc=Adry9I94iDSF8LsoYP5vImaM2Ufv5EQwgxg8YBE9fsQhtuu3F0gnTa1MgpA6kgzW354&ccb=10-5&oh=00_AQJR3OYpoU8JV2zilOGNc_LIsVXeIxJd3Y4Oq0e8ogRODg&oe=6AC93091&_nc_sid=201bca,perspective,none,none,False,0.688,290
1264265964713980,-77.056252584,-12.1092843489,1727875162993,2024-10-02T13:19:22.993000Z,SAN ISIDRO,san_isidro_alt_01,296.97523878502,gGZzOei2FpNBhWJlb7cMsL,https://scontent.flim26-1.fna.fbcdn.net/m1/v/t6/An8Off07G_-jJ2WgXnWz8vIuyV6O5zwrrPm6qqRlg0nEJdxJSny4EWfTU6KENV0N900XVtTv2HIGxo8UCNufVToQaCLyhVym-4cBIoDaqgNaFtEMgPIDU0cPCWxFW43BrR6bADySxVAUJKQjzj08ng?stp=s1024x576&edm=AOnQwmMEAAAA&_nc_gid=gHLDo2Iss43SwAY_OBC6RA&_nc_oc=Adqpdzpe2ncMkV6pgoG00Te-mPr-VjbPtmUgc37ghGb7afkJdCSpMNlLCWY0J5cFXxw&ccb=10-5&oh=00_AQK9eycRkF8yBOloWR_hxaxqdOb7Sz67j-WbF4-czerLDA&oe=6AC9488D&_nc_sid=201bca,perspective,none,none,False,0.559,272
1251450516168858,-77.056295151353,-12.109146438565,1728317663191,2024-10-07T16:14:23.191000Z,SAN ISIDRO,san_isidro_alt_01,297.84394627929,oYqTnXhslpBaRVQPuJCOgk,https://scontent.flim26-1.fna.fbcdn.net/m1/v/t6/An_ALLFFkZ_mBg5_bMZO5lV6JMKAOmSSrrcbNxceeQzVNSLqO6PyqxHAXtkD566ZU5ucit5xnPH_Jbbvf4KSwKaoQdaHIh_4vjvrX7yVlJ1Ujxh5_FYuu8gvHN5ZibGhg1-7NWtaDVxYSM_8XWGjlA?stp=s1024x576&edm=AOnQwmMEAAAA&_nc_gid=gHLDo2Iss43SwAY_OBC6RA&_nc_oc=AdrS72-xI72Tgcr73Tu-_gRGArR2uPhlPV2W8_3Mxtb-mNClvPEGi1eESbcCYBX5wsg&ccb=10-5&oh=00_AQLyaZEUkqVGCyikk-Me-4k391nzYIojDx3SHYKVOpTRjg&oe=6AC954D5&_nc_sid=201bca,perspective,none,none,False,0.579,71
1066485358311627,-77.0563176863,-12.1092308021,1727961546991,2024-10-03T13:19:06.991000Z,SAN ISIDRO,san_isidro_alt_01,298.57202817313,wWEtQ7kHY5soaDXTZ8n4dK,https://scontent.flim26-1.fna.fbcdn.net/m1/v/t6/An9pjhV0zyTTxgFusxGHS2OvigYdoyKhzHpIcX6zoBz6tKL0TtjVpZ0Y4Dj-4nMwZvUtwm-0Ok4i8STpMJMbhRVUem_YUMbL-ejTWVlbdkq8WK4HfeVP05ukqL-p4JSm_REzUIgb5aPjYQrATeUYDw?stp=s1024x576&edm=AOnQwmMEAAAA&_nc_gid=gHLDo2Iss43SwAY_OBC6RA&_nc_oc=AdpUHOVTa59rcvNHKg28Zazf5WaCfm6SZFbhJOkUxuLxC7zaATpri81B6DDQBxd-Le8&ccb=10-5&oh=00_AQLfzb5UHhbeHDcHyua-1hxZVroJIhbgmurhoJivPE1Giw&oe=6AC9523C&_nc_sid=201bca,perspective,none,none,False,0.55,227
1140182234441272,-77.056396284753,-12.109177925618,1727961547591,2024-10-03T13:19:07.591000Z,SAN ISIDRO,san_isidro_alt_01,296.25520176985,wWEtQ7kHY5soaDXTZ8n4dK,https://scontent.flim26-1.fna.fbcdn.net/m1/v/t6/An9OmFMXEcaOzJdCpVbMdKsUEP5QyFG2-myZkIodz8NLu78uW-fJtpMuPJ5dME3m1ZQMuMEw_qbcmeN8xa-xKyYbPZ7NQkUtCItmRVWGNGe5gV277c-pY9N7s4W6NIpCaW4snde5tflrCufMW3h_-W4?stp=s1024x576&edm=AOnQwmMEAAAA&_nc_gid=gHLDo2Iss43SwAY_OBC6RA&_nc_oc=Adouo0vkb7A0BtX-6WvwUotGpY2LiS_-cfr-RnHmCu8QZc7_B4WJHgClEWgQvyJG5rE&ccb=10-5&oh=00_AQJZ318rrD2ncTewMK8SZBRLy3_fGYaVcka-Gz2wrBsa9g&oe=6AC93C8C&_nc_sid=201bca,perspective,none,none,False,0.585,216
1190614774902238,-77.055960554307,-12.109405290403,1669995293200,2022-12-02T15:34:53.200000Z,SAN ISIDRO,san_isidro_alt_01,33.1,2I9RdkqlxeUzBXwEy3hJo4,https://scontent.flim26-1.fna.fbcdn.net/m1/v/t6/An-Z3ypHmvjexzSJNDF2BqdTl1lcHWYLORC0Ls0Bs0uhIKF3xfa4ngzEpgL-5aBm9EwMM7y2mzP7ytL9QS5KPFgwqrGc-ZkPSDJ6ylhOGtR_9UcdyA19Abu4q8RRCXGLInLWLBEtIeEjeJCM4JC2cQ?stp=s1024x576&edm=AOnQwmMEAAAA&_nc_gid=gHLDo2Iss43SwAY_OBC6RA&_nc_oc=AdrjmrR0TOygsYrmnE3uxO4h3zEWyCCSagO-7IJGe4EgwRq-N9Eihaa3Q5sol69px9Y&ccb=10-5&oh=00_AQJy8Bz0C4Ev8s6KLDKyyS01oAa_dthgDRpyvjp5xjNZ3Q&oe=6AC94F88&_nc_sid=201bca,perspective,none,none,False,0.634,54
119312496840713,-77.056007184975,-12.109294400391,1460821998720,2016-04-16T15:53:18.720000Z,SAN ISIDRO,san_isidro_alt_01,293.1016,9TuZapRJpNn84KMeohrDFQ,https://scontent.flim26-1.fna.fbcdn.net/m1/v/t6/An-a_TEdzYhpo70Pk22Ql8NC_VkaJK6_qJF-gaM4MFtApT2jPwby9yVwAaCmE326-r8CKTE73A79myBDPbt1X0djKwoScO6AM_fCKlGYZBXB-LIp2m2NAVqzPGeoJkHey91UqfYgHAQk1MFM-r7kBA?stp=s1024x768&edm=AOnQwmMEAAAA&_nc_gid=gHLDo2Iss43SwAY_OBC6RA&_nc_oc=AdqZk1LtftrLbD_OemEYcscwVnmSobTrG4WONQZ59L1zIaiNEh67m8M_gGARTLG1z-E&ccb=10-5&oh=00_AQKSWCoOB2UGT_jeUeCkl838bfvR9hv-bGLsoMgfmBlVAA&oe=6AC93502&_nc_sid=201bca,perspective,Apple,"iPhone8,1",False,0.8,3
1071526714174049,-77.056373026535,-12.109413549274,1728304659000,2024-10-07T12:37:39Z,SAN ISIDRO,san_isidro_alt_01,125.96593975616,TPXUBYGk7V5ZyhosizJDub,https://scontent.flim26-1.fna.fbcdn.net/m1/v/t6/An9mXUKtn2tmypmXT2kabR8b2JT1_mz-mpKGfH58CIoc1i_FgMGW23ziKiJBiHv_ck1UYH9OJmfie81PrQo0oQqpkI5uaX3yvlKzbSDVKK0tT6y4u2Ud-bSHYConDRO2lvThx4KE2ZoAMP9Eg5HX6B8?stp=s1024x576&edm=AOnQwmMEAAAA&_nc_gid=gHLDo2Iss43SwAY_OBC6RA&_nc_oc=AdomfUY3dfL5ULLXVdZ_SX-9tgKphMNTJgwPfWx_xIcOlsLf0Hn17MB76_OqpR2gPqA&ccb=10-5&oh=00_AQJcuatQZbuTkUtem9kJfm0eE5qOwYQuqAsugVpK9vsLzg&oe=6AC93680&_nc_sid=201bca,perspective,none,none,False,0.458,229
1284670786048145,-77.055847039039,-12.10940079201,1728317659791,2024-10-07T16:14:19.791000Z,SAN ISIDRO,san_isidro_alt_01,304.11413071295,oYqTnXhslpBaRVQPuJCOgk,https://scontent.flim26-1.fna.fbcdn.net/m1/v/t6/An-hSMrnjCP_ywu5mEByyhrOmx8ETKZmnRK1hldk3aiXjzErCKB9mv2QnWPJnpIhkWzJO-xb0jfpds88PSGisCxPm0WHHeQUDN42M2ItCCnXguWyteWDU169gQwbIvGQMxsiJHULxpS9n3oZX3i15g?stp=s1024x576&edm=AOnQwmMEAAAA&_nc_gid=gHLDo2Iss43SwAY_OBC6RA&_nc_oc=AdqC9xCJlDvINrWRhBUdsEIcNZwMEgyQvcjSuvgdVcANyD21CNz85B8edSgjsKvelpI&ccb=10-5&oh=00_AQI-Kb3V4cYs-QZ7hlP1G8eUODh3eKv91TSxPBpbyCMq6Q&oe=6AC9378A&_nc_sid=201bca,perspective,none,none,False,0.423,90
1263798084664893,-77.056011698326,-12.109307969662,1728317661391,2024-10-07T16:14:21.391000Z,SAN ISIDRO,san_isidro_alt_01,301.85980849413,ZkzP8uWexcRoXhi7wL2aSU,https://scontent.flim26-1.fna.fbcdn.net/m1/v/t6/An8UDSx7iwENVSVK5gTfcFgdql2A4BWee-6mAKKocPnzZSJdNFB31ZRkl-CvEKqIVo_RcKaWrOtGdgczqbrst-WYeTKQ2XgxU9nhxbkRRRmu9tRKo3fxijxqd3v0yL9lIkiEli5nmOhaw8h2z5kupQ?stp=s1024x576&edm=AOnQwmMEAAAA&_nc_gid=gHLDo2Iss43SwAY_OBC6RA&_nc_oc=AdqGFveIsgew0AqhBUZJ-MYuZKu3HAwnzS-WtHjR5C7qM30RK8pbjQFruI5G8RsvOXM&ccb=10-5&oh=00_AQJhxmi8VSHdcs2P5O0ubPsQNfwkB2WI4zomFpLdK7WpmA&oe=6AC943A0&_nc_sid=201bca,perspective,none,none,False,0.611,186
1071372894623241,-77.056331343912,-12.10919259572,1728317663791,2024-10-07T16:14:23.791000Z,SAN ISIDRO,san_isidro_alt_01,298.28481159951,ZkzP8uWexcRoXhi7wL2aSU,https://scontent.flim26-1.fna.fbcdn.net/m1/v/t6/An-IdAx98pjALmbvDjzWoN7vWO7E5D1AhR21pRYCuTHTRcbFkJUz8BrpwXzHhYEBMpwQx1b2p0DziNl1HFc0GYNVIXXFSDEB7yo9tzHVXxDyz2_KTwJ8byH6hrvSg2VelwGB2ckYbSlxWC4Y_XJ4k6g?stp=s1024x576&edm=AOnQwmMEAAAA&_nc_gid=gHLDo2Iss43SwAY_OBC6RA&_nc_oc=AdpPuTLgYfo2PWx-0dG_5ydkdgsrE_89hbdZiXbDqF7Ou1zlwdD9EH1IrIXZSzt4Xg8&ccb=10-5&oh=00_AQJ8T8FRbnuUzDUoplQ672_7HmW-2jEkHqT7IGC6273UWw&oe=6AC9366C&_nc_sid=201bca,perspective,none,none,False,0.604,192
1272235963791421,-77.05623394383,-12.109729589789,1727906512590,2024-10-02T22:01:52.590000Z,SAN ISIDRO,san_isidro_alt_01,133.2093929945,lnme5UjtRYDZ2Eyk6bgH3J,https://scontent.flim26-1.fna.fbcdn.net/m1/v/t6/An8LWLfQxtoo8Oks4e6-D6hTq87ceiF5wqh8Pg54h-9UdasEMFl07mgy7Jt_pjPA47WqSAjGMkbwQ15tNZQeFkKBUx0js6cO-MBj73-ei42ScNaS9vDK3tTdZRTUigQ4h93zXrm3mhtzOxoh6DdZfw?stp=s1024x576&edm=AOnQwmMEAAAA&_nc_gid=gHLDo2Iss43SwAY_OBC6RA&_nc_oc=AdptoVf7LnGmRrrVa6c9JE8nUG15mm1gb47DAQVMYhM1uPVHVqJgUUUgHpxwvdYT-Wc&ccb=10-5&oh=00_AQIIHcR7dz1LvrrX6Pdk_bwFC3K1QooH2PatAg71XOXpAg&oe=6AC92F2E&_nc_sid=201bca,perspective,none,none,False,0.68,434
1209800290241815,-77.056344758454,-12.109228239584,1727875162793,2024-10-02T13:19:22.793000Z,SAN ISIDRO,san_isidro_alt_01,298.3465823629,9HywK7nz68ZJ3mMvYLP4qj,https://scontent.flim26-1.fna.fbcdn.net/m1/v/t6/An8AuZifQM2GoWuFnbmPctj93Xyw0VCqDLeOBp0ww4fdMPjpOIDY5ETDxRr32X5N0cD8lnQdQjt9k2t3kzl04OgE_GyejAOh_r8r4XNLTnNzvAOjdiEkGsTHkilGf6WERIYmOOlHkHB7ltqqwXI_Snw?stp=s1024x576&edm=AOnQwmMEAAAA&_nc_gid=gHLDo2Iss43SwAY_OBC6RA&_nc_oc=AdpIbNsGVrT7zn5v3REEPruJUW7HxPsPMlsfePljYg9LyUSd1oP2kYNgrFDcq7ONT_I&ccb=10-5&oh=00_AQIFfOa6OLTOI5O-_EJfXngCxsugeO-027YmrL5WmCnj_w&oe=6AC95E4C&_nc_sid=201bca,perspective,none,none,False,0.603,243
1213878815925698,-77.056595423584,-12.109046959658,1676734140800,2023-02-18T15:29:00.800000Z,SAN ISIDRO,san_isidro_alt_01,299.05,sjkTYSF4lX6zLpUgi3Kmd7,https://scontent.flim26-1.fna.fbcdn.net/m1/v/t6/An8n3FCsMV7zbtXftSso0Hk2BpOMgRMs2_SwcdJEvDe3dfoQXxtUpVmDrqhR8DaPE5FVAxJdKiA7gzN2NO5wTz4xEBbtGKxkxyZnZ3BPxwf7HlLpV5eHOmE5P5kDADEc-9EfD0WnMYUHajp6Xy9MXw?stp=s1024x576&edm=AOnQwmMEAAAA&_nc_gid=gHLDo2Iss43SwAY_OBC6RA&_nc_oc=AdpfloziJNl7w817OD2Ifvftn-SFJV7bvPC__lx9GiJKhcnx5v-WY4pm8YjtRGn_C50&ccb=10-5&oh=00_AQJ_usBULuThR0HDS6z_lwCzLighvHuk22APQV80p-gbLA&oe=6AC95536&_nc_sid=201bca,perspective,none,none,False,0.775,372
1200797790978807,-77.056353960954,-12.109449626611,1728304659200,2024-10-07T12:37:39.200000Z,SAN ISIDRO,san_isidro_alt_01,129.098681191,TPXUBYGk7V5ZyhosizJDub,https://scontent.flim26-1.fna.fbcdn.net/m1/v/t6/An-XBUGv5m1pnVzzswjeY6-0GBAwwUUIymc5PkPQHA0OI97374pQ4PimZ2M4YKfbCfchKf9bTJaBlDeygr11mhxqMRO10baahijofe-ALNMTpzVSQWBGp5QoEvNJE6pNQ-7fLoDCknGwwb9CgYdMMQ?stp=s1024x576&edm=AOnQwmMEAAAA&_nc_gid=gHLDo2Iss43SwAY_OBC6RA&_nc_oc=AdqUWAGa8TLKoWCswh-kC5ILHGLKsqwu0vNoWOjekJZ1MMaz6EVkMCllFmIdfo_wDI4&ccb=10-5&oh=00_AQJjaFAs661lXCXobY05P-wrCwkPAJVWe_XqZa35zLVa4g&oe=6AC95A90&_nc_sid=201bca,perspective,none,none,False,0.479,252
1256769015668439,-77.056252827372,-12.109726444786,1727906513590,2024-10-02T22:01:53.590000Z,SAN ISIDRO,san_isidro_alt_01,133.16090208859,vytSRaq2hW7ApzLf0PNeKB,https://scontent.flim26-1.fna.fbcdn.net/m1/v/t6/An9Xvep16ev57Whh8py8uqEaS-XOY35oyBtZgxlZ9zbB_QRDCry4y4_VxW3wQGNTVOouJcsBE3C4r8L5aMwlThcghQSAR-6O8eXVpE_iDU4mOyPmZTa23KWhHZ2Dz_tlBvxua68aEtws_QgHlTQqtMI?stp=s1024x576&edm=AOnQwmMEAAAA&_nc_gid=gHLDo2Iss43SwAY_OBC6RA&_nc_oc=AdoX7O36od8J31LLPuHx16VVcLzJJn0dHdQo9CZ7qYctt7-5WHpx64LneTyhVLcuY0g&ccb=10-5&oh=00_AQLGXru4Lb9LZVOMrXS5vbmm1GTEpZgladH4SZTE6Is4wg&oe=6AC94D97&_nc_sid=201bca,perspective,none,none,False,0.589,363
1193652991069202,-77.056272160584,-12.109706804165,1511995125084,2017-11-29T22:38:45.084000Z,SAN ISIDRO,san_isidro_alt_01,128.73278808594,iz8RSukEHOQOjs6hB6G4mQ,https://scontent.flim26-1.fna.fbcdn.net/m1/v/t6/An8FJgVksqCNZD5oXVSA-kY8zA3pS1Nut9Sdg621nzL6AoRJn1zS78UsjI71vLVeOVtT4uYzk3BHm9D5-St3ELVBijYi73ojvJIZAKrL3TZ3HOWc4ZQT_J1-MfI9hmyPeChLQ8mUk8wKTGIrm2_nzQ?stp=s1024x768&edm=AOnQwmMEAAAA&_nc_gid=gHLDo2Iss43SwAY_OBC6RA&_nc_oc=Adp3XWOEh3WgDdN6rq8yird2qviofp5ElAlSICTX9wsJvhCTPbrZTprQYjhNJwHzOAM&ccb=10-5&oh=00_AQJUCjWeLBxnriBG88oNZvJJTKQZRq5ygTYBCcmNQwJNzg&oe=6AC949D4&_nc_sid=201bca,perspective,motorola,XT1635-02,False,0,0
1276452973493946,-77.056090216806,-12.109347568785,1728133182992,2024-10-05T12:59:42.992000Z,SAN ISIDRO,san_isidro_alt_01,301.72134869365,1qZ0rvPCEsOhFSB9Iu6Jka,https://scontent.flim26-1.fna.fbcdn.net/m1/v/t6/An_yGIiaJrKfOxJwi4mftaHxWik_rHjqSI0Of8SHyveTqBxT4n2s6q9OojdjN3xd-mEQmXjrxJBjFPA1eeBpNtQGnvrSzvN3zz0yp_nFwG4X65s3aiNCF1liLLVvDeCS6-7jvJbk5OQZsVtG50DfPw?stp=s1024x576&edm=AOnQwmMEAAAA&_nc_gid=gHLDo2Iss43SwAY_OBC6RA&_nc_oc=AdoDdBbCRuT_8Bsoy2GT-fVd0R83BihB5g7TrMHcV-FjUASE_tglpQBJ_hZvzIlwjrI&ccb=10-5&oh=00_AQI9WQZHdTkASwB1nWqJt-VjW4y5FV_5sXGzhYnPZDeWLA&oe=6AC9582B&_nc_sid=201bca,perspective,none,none,False,0.686,294
1287248212194119,-77.056344211747,-12.109574475084,1728304661598,2024-10-07T12:37:41.598000Z,SAN ISIDRO,san_isidro_alt_01,125.4468714519,n3H1u8ZAJYDOIEv5y7poxF,https://scontent.flim26-1.fna.fbcdn.net/m1/v/t6/An_9kdgkIeebfwB3HlHOe4KnNcCqc43KTJBN3iaVp8Jb8oS0_DNjA6w7hH5U4nixCY-6K9gMUn_187VuLWoigK_OgNCjS8qQ1AKGqLzUV-PlZR-KJtChjKIWdOri_TGi5RNjfzF9iHeYQSjKh1YBY1c?stp=s1024x576&edm=AOnQwmMEAAAA&_nc_gid=gHLDo2Iss43SwAY_OBC6RA&_nc_oc=AdpPer3NWXO9CDvRePVhWs8biREJM1eQmTGqD_oDszeAcjeaZpPqipRsEjfOU2fHZUk&ccb=10-5&oh=00_AQLVRN7fMPpaoJwmU1MUeNCEGn47ZcoNOOVhJc-jVeZ5AA&oe=6AC9422B&_nc_sid=201bca,perspective,none,none,False,0.645,360
1259219648755379,-77.0558592296,-12.1095071888,1728133183991,2024-10-05T12:59:43.991000Z,SAN ISIDRO,san_isidro_alt_01,305.28822751429,8tby1JTHapGnXErdzlSU5Q,https://scontent.flim26-1.fna.fbcdn.net/m1/v/t6/An-6qZZyZnhToPzHWoTO8CZRwkjarzkMjgjAmfnd8-OG47du8uD9mgYvIwNCdl2XZ1NCMzr4_xjAGoKGIYztEPxdKfnHyk138ZOE18pzfrqUN7hL-LhVs6aeCBwOwYhkQlMBmTQktvwZfR6OLZFMFQ?stp=s1024x576&edm=AOnQwmMEAAAA&_nc_gid=gHLDo2Iss43SwAY_OBC6RA&_nc_oc=AdrluLKoQWQGbRw3AhNUbr7Ajw0vuX8Grqk9mjEmTT98ywR5gPjo-yVkMk8I3MDxeUw&ccb=10-5&oh=00_AQJpPwrWLD9r16GvKjwz84h2rRkDn_JHk-iiFnTitM4vrw&oe=6AC938A6&_nc_sid=201bca,perspective,none,none,False,0.636,171
1244006776845896,-77.056357213662,-12.108927260159,1727875164189,2024-10-02T13:19:24.189000Z,SAN ISIDRO,san_isidro_alt_01,298.49325855081,1r6kI4PMaoLwuhfvNejmTA,https://scontent.flim26-1.fna.fbcdn.net/m1/v/t6/An9Ay9SQi8tWFTgLsCxogC0uYqUzi8Udflmeep55kD8Xx1rSC8nX3qZ8-TYHsG9Pdthv7rDVoojxK1OHsVjMgiMs2vrPcXoC1_e6Mlh9miaAL7mAmqRmdduyOOxPgFpnD5CnWA5lbUODMhPc3LCAOg?stp=s1024x576&edm=AOnQwmMEAAAA&_nc_gid=gHLDo2Iss43SwAY_OBC6RA&_nc_oc=AdqK4ZD_DgEeFsojy-xSgu3Ya2cWLMLnXRSjFpGWhVE9L5pEhFeEw0Lrz6DmuH3-EVg&ccb=10-5&oh=00_AQIaegAuHyH39kjHbpt8mVruDPQIpRw2Kb_7T3tbP1BFrA&oe=6AC945A6&_nc_sid=201bca,perspective,none,none,False,0.576,131
1142197536288220,-77.055720759958,-12.109588455099,1470327842494,2016-08-04T16:24:02.494000Z,SAN ISIDRO,san_isidro_alt_01,302.41557505539,VLtdy9bw8zBQJ9o2Z0Vj8A,https://scontent.flim26-1.fna.fbcdn.net/m1/v/t6/An_PMlZI5RJTRvYhbGBz-69MgMJ4qQwrH4czrtEG0f7sv9UIFk6j9Pu62JM1mTUaX-NfWHQFQHfNMeiUNBxNOQ2BGw8GZRQzkOPOociBiC19iYi8eWsL5eAWodG1yoOEhVdVnn49ZbVJtHkTb2N2FA?stp=s1024x768&edm=AOnQwmMEAAAA&_nc_gid=gHLDo2Iss43SwAY_OBC6RA&_nc_oc=Adqci2c5NmFiv2QEEd0Ge9rDkIOtwBzt4ZaJdkFnO-BrRRlA-hkKth3LNivh3G25GwE&ccb=10-5&oh=00_AQKWYA4tcDyq7L1tQhtBsso62FKKtY1hnfa2H4CJqGDQ4A&oe=6AC93E2C&_nc_sid=201bca,perspective,Motorola,XT1528,False,0.546,0
1253035632613116,-77.056293050409,-12.109543123104,1727906512790,2024-10-02T22:01:52.790000Z,SAN ISIDRO,san_isidro_alt_01,129.05770016682,f8wl1zIAY64ed3X9oPtQFG,https://scontent.flim26-1.fna.fbcdn.net/m1/v/t6/An-BRKnbi-t4HYcgpJh-OiJ4gsvhiWHmB6Z0N3wGI5AhEcqtp-baeXdc4E4xKbLHfiQ1ErRnt8PyPOeXTnCXiOnoqcUiOlDiNX0FBAs5hSN_cTMfiKInb5xkjf1M2-QDiZwL6o-DysDIEf74kpsBPm8?stp=s1024x576&edm=AOnQwmMEAAAA&_nc_gid=gHLDo2Iss43SwAY_OBC6RA&_nc_oc=AdqiT2ZkTSDYjbbb3y5y04iswzBKyg1iNDhjxnMi6zTVAnFKvj5z-vtYhNl_uQDwYsQ&ccb=10-5&oh=00_AQLdg__o0u0rzDxQu8Yixftz3JWn3b7Sqil14YhZtuwvsw&oe=6AC954D9&_nc_sid=201bca,perspective,none,none,False,0.403,221
1238991120754087,-77.055873829095,-12.109498904763,1728317662200,2024-10-07T16:14:22.200000Z,SAN ISIDRO,san_isidro_alt_01,303.35097092834,DGjMdEnZkmizIT9HLABCva,https://scontent.flim26-1.fna.fbcdn.net/m1/v/t6/An-92zbOyjwoTvWEk_dUyk4eO6plK75m-LTwGdV1_0pL89xDjfWNAUMO3rIJuLhfVjxEn5JicviblMxj4HFVtmKOPk0Du9PBEdeDtXuRTV2Zg5BxFHxbIJIBFiJtE2V9BGV4SLVQos2dh-2Vg5AsKA?stp=s1024x576&edm=AOnQwmMEAAAA&_nc_gid=gHLDo2Iss43SwAY_OBC6RA&_nc_oc=Adrmn9Q_itaOllPWicpczp3CxEgyS6fEAByv7RHb7Di00x0ky0Tz0kC-fS9oRKI_EsI&ccb=10-5&oh=00_AQIOPZq6GNBiLF3UpIbPqB95lLALj8ubq8MY6ZJgyzBpXw&oe=6AC94C96&_nc_sid=201bca,perspective,none,none,False,0.624,323
1277440837014648,-77.055841556142,-12.109399129945,1727875159199,2024-10-02T13:19:19.199000Z,SAN ISIDRO,san_isidro_alt_01,302.6732684035,9V7hcBdMD68WTFNUzkEnqt,https://scontent.flim26-1.fna.fbcdn.net/m1/v/t6/An-XMZjfT12N6juioWmWz58vdBjCWh_AY7wFntbhNEmfErgnph3wkJ6ZI865y_L6kO0w3BsIkgjJio-FGoVHs4dKPmCzg_oldBNboyeSsyJanfY_OSzc6tUX46FsdUK95lZbJ29JYpCx2Td_7ZaV9lc?stp=s1024x576&edm=AOnQwmMEAAAA&_nc_gid=gHLDo2Iss43SwAY_OBC6RA&_nc_oc=AdqufvzP3hcgo1OJBz5ozZyorsoP4pLUSPrdCvqGh3NunCgQfLcjNk7YyuGamhFogjc&ccb=10-5&oh=00_AQJQAcN7pXpRlThwwbvcUEqxXRycld1YtBV8lau83_TU1w&oe=6AC95367&_nc_sid=201bca,perspective,none,none,False,0.575,78
1137883290214629,-77.01109684524,-12.009728877973,1676998258600,2023-02-21T16:50:58.600000Z,SAN JUAN DE LURIGANCHO,san_juan_lurigancho_01,279.13,YDslREg7WFXbJpqMZ3B9VG,https://scontent.flim26-1.fna.fbcdn.net/m1/v/t6/An9XnNujfAXK3UleUeYrIMFQDV6YgQbUCb72_AbHvVpsjbeQ_KhykmOJQgrm6y47GMufeeJ8U6y3yaRppI88EzZAqB61WIOVMK8xC8lbZ8VkTcPHj2nPKBW_L_iiRCz4nIbK7rCUpF2Hv_IX6KPnNA8?stp=s1024x576&edm=AOnQwmMEAAAA&_nc_gid=hlTcMVrqjnceSm-ML5tPCw&_nc_oc=Adqe5IttIHLfnzTdfYxZr_92hDzgMY-8cTEBk7TGKkWjX-TueMBO2wtGizFfLbxBf4U&ccb=10-5&oh=00_AQIm3GPXZUbcaHvi8Ygzx_WVUF034oij9VMUZDUv1mxU5g&oe=6AC94DAD&_nc_sid=201bca,perspective,none,none,False,0.651,283
1172982816743504,-77.011137283778,-12.009969619563,1676995285400,2023-02-21T16:01:25.400000Z,SAN JUAN DE LURIGANCHO,san_juan_lurigancho_01,279.91,3KeVQIogtdCHWnTXr9a1Yb,https://scontent.flim26-1.fna.fbcdn.net/m1/v/t6/An9s6DAd9_7Nne1asli-rmg3irRY0fY_QDOlaWZCUPZoi2KWxa5ltK8Irch4dRLzjPpgKFSRObVeLqXdtLuHSjPMKjO3XTBUhCoGAZsHyy6Gi00jvPYuaQ1JhbOnqpg6haLUQ2a7VL0uiQ26HsrJqw?stp=s1024x576&edm=AOnQwmMEAAAA&_nc_gid=hlTcMVrqjnceSm-ML5tPCw&_nc_oc=Adr4znd5QmYa5ubeEZTglNHYxBj2sCBLTUibdryRHotcIE0MUADXhx2OdZ7-haTmyI4&ccb=10-5&oh=00_AQLndFUh0mJ-tVSbk1EvVJrUnPOgizDIH146tHY0VPWwEA&oe=6AC9579C&_nc_sid=201bca,perspective,none,none,False,0.721,242
1006170477023989,-77.011120475,-12.00980962437,1676995287600,2023-02-21T16:01:27.600000Z,SAN JUAN DE LURIGANCHO,san_juan_lurigancho_01,275.85,3KeVQIogtdCHWnTXr9a1Yb,https://scontent.flim26-1.fna.fbcdn.net/m1/v/t6/An8N5SzvmZnc8Pw1xN48INvWlvf5erJyObu4bG1SS6la6IVYlDHcwV8BMmBYl5nsCsuG1FFuz4tUJh6dHt6VMlwaZo906KVnPL3xUh9WCTCbuu2FlFTzgMVVzLaHO0PK0-HsBUWnTbdDi0qSnAEqkg?stp=s1024x576&edm=AOnQwmMEAAAA&_nc_gid=hlTcMVrqjnceSm-ML5tPCw&_nc_oc=AdofRzEY5caAske8nhXG7YgIprqKuSf4528H2a6WBVoby1EdjZTTID3ow0Gz4uDXIoI&ccb=10-5&oh=00_AQLfSDOSpxD5hAgJjYfriIYWJjkKlrzQykTZvKp-rhVtNw&oe=6AC94D09&_nc_sid=201bca,perspective,none,none,False,0.699,288
1446053459581492,-77.011118202589,-12.009964596908,1676998249200,2023-02-21T16:50:49.200000Z,SAN JUAN DE LURIGANCHO,san_juan_lurigancho_01,270,YDslREg7WFXbJpqMZ3B9VG,https://scontent.flim26-1.fna.fbcdn.net/m1/v/t6/An-Is_hSW3Vlr1vVHFcv1jrOo6plhzzztBmcV93QHQ67XBVGln-tyOzSCyt5jXGZb8wqLBIRJ6HAAhCHIko0vbu0txd72jRBWYKbQqe_45U8U0aOMSunq7SPYO66YPQv5M9XkQt1C0H0elrLaPEZhg?stp=s1024x576&edm=AOnQwmMEAAAA&_nc_gid=hlTcMVrqjnceSm-ML5tPCw&_nc_oc=Adr4P_OvxpJtyzucYKiu_apw2177StbRyBFGlx6Ld4idz9tUXDfkXYC3MKlcLwKgCp0&ccb=10-5&oh=00_AQLhHGWFEE_Bvgok8N9g5Cp5L8lrHzo5H44Ijwj3U9YPpA&oe=6AC94A07&_nc_sid=201bca,perspective,none,none,False,0.704,142
178942834111924,-77.011196950631,-12.009827348335,1468275834000,2016-07-11T22:23:54Z,SAN JUAN DE LURIGANCHO,san_juan_lurigancho_01,96.417573665414,ysJ79h9ApBTolE3l0tGAgA,https://scontent.flim26-1.fna.fbcdn.net/m1/v/t6/An9U_ox9KWhqjufg7sGEaRCRNjMjpamYY5IfD5McI0XKqU0BHo5hJD3tcGIFc7W_mntVELXDS44KL-Vty_JC3Stwf14La8905TfPFbGMgUfGPitc9aC9u6ceYuvvR7Ol0iuHQ3jHSB7c2bFgOmwRxg?stp=s1024x576&edm=AOnQwmMEAAAA&_nc_gid=hlTcMVrqjnceSm-ML5tPCw&_nc_oc=AdoEIac753hHJkQsQCvVVg6iM1-ZaxiqtFScRF3Ig-xNgzdyV5rbQggmhWozwOO_oPE&ccb=10-5&oh=00_AQIEbfc-1C3iv2ARkhbh4hUy4Xa6Fh6NnnghoabfqJcmFA&oe=6AC94469&_nc_sid=201bca,perspective,GARMIN,VIRB-ELITE,False,0.484,5
110149411997128,-77.011107748629,-12.010044756682,1676994727400,2023-02-21T15:52:07.400000Z,SAN JUAN DE LURIGANCHO,san_juan_lurigancho_01,187.68,3dNApHmF9o8RtVjGSMw4qc,https://scontent.flim26-1.fna.fbcdn.net/m1/v/t6/An9BnckiceadSggpeKG08WloKcxwC1Oj2Es9x9fQrBMflthIHAZAOr7vn3LGDVz8JQi_7d6ruN_bB610dy_7Mns8VtNBIiegXjSrSXi1nuQrh9oTBY1E6_A792v38G_mZMF8tAxcbhFJg-_Lye_XaA?stp=s1024x576&edm=AOnQwmMEAAAA&_nc_gid=hlTcMVrqjnceSm-ML5tPCw&_nc_oc=AdpQFUbZvcjCRiiGmCBzdIb-12bwusC1HGtnZ_F7yAjsVRASU-eO7otccm9u3w9Efdc&ccb=10-5&oh=00_AQL3aoMJjABc6XsizAkyNtP2KPpC9z2vF7F9fsLkKAoQIA&oe=6AC936F9&_nc_sid=201bca,perspective,none,none,False,0.717,429
1267636880831064,-77.011118988971,-12.009970193272,1676998246800,2023-02-21T16:50:46.800000Z,SAN JUAN DE LURIGANCHO,san_juan_lurigancho_01,285.43,YDslREg7WFXbJpqMZ3B9VG,https://scontent.flim26-1.fna.fbcdn.net/m1/v/t6/An8CNcVd0GC-eZvq5vqRPt3OT3Nz70KSciaQygjwuT41pRE17mHK7tm7j6jWKvItTtzJpLKW_UZjszrA-KRxerC2-LpOR8tqvCKL0hs6jvEXPL6h33KDPM4c1PYjedOlWtDSA7vN9gNreppfOwTBqA?stp=s1024x576&edm=AOnQwmMEAAAA&_nc_gid=hlTcMVrqjnceSm-ML5tPCw&_nc_oc=Adrp6LE-wI6XgQzFpQiEJJAqKUSg0KajE6-eKqpZ-rjWZ_IUvUc3kxENiViO7k0IlOU&ccb=10-5&oh=00_AQJ0YZQ-oJgb7wusbrjIZv4lXI8S3V6XIi1vwEdGMqcHCw&oe=6AC95664&_nc_sid=201bca,perspective,none,none,False,0.648,203
128112703354093,-77.011118503207,-12.009967598248,1676998248400,2023-02-21T16:50:48.400000Z,SAN JUAN DE LURIGANCHO,san_juan_lurigancho_01,270,YDslREg7WFXbJpqMZ3B9VG,https://scontent.flim26-1.fna.fbcdn.net/m1/v/t6/An9JUepwDjO7-QafSw0hv4c1SzVWzDTSbYxRnRAiK7AuZNubsM_X7CXO_xfTW_WljZDg229Fmou7mVLZQw6dzUn4IeS6tmvHx24g546BTe-S-a_3yBZMkcoVq_z5k6ZtjrYVH_cpmrilhQtdsnmF4DA?stp=s1024x576&edm=AOnQwmMEAAAA&_nc_gid=hlTcMVrqjnceSm-ML5tPCw&_nc_oc=AdqzR_ZeHT2-n4KG6kwXz0gyoMzy6VaTZdZVCAVNRpMa2bWS9JiiqZEOFX17rVxqKnI&ccb=10-5&oh=00_AQJIOH0HSA9hVWp9OzhA9U9xSEuvnCFUsg6Ls5OsokTtVg&oe=6AC95E1E&_nc_sid=201bca,perspective,none,none,False,0.711,142
168584565185214,-77.01123177724,-12.009818338278,1468274359000,2016-07-11T21:59:19Z,SAN JUAN DE LURIGANCHO,san_juan_lurigancho_01,276.74822812139,_wmaUMMKDKvKLdlqWJWXKw,https://scontent.flim26-1.fna.fbcdn.net/m1/v/t6/An8t4c4CXF2aWQ31IHb3vtH2MOKKaHC7JfulfcZ_vN1xsh8myidSEXQi5zWEhS8LLHI45duxACv7U7NaDK3g3h4_8WiVvdpiztCzVUGlx6oGIwLFQcB6mGDgXnMA8RfptjKWjZjc_uPbR6FTBro3Xg?stp=s1024x576&edm=AOnQwmMEAAAA&_nc_gid=hlTcMVrqjnceSm-ML5tPCw&_nc_oc=Ado3YrKO9QKMCdnGg53JUxue73NZa5F3jBl4QtVk--yNzNeKZp_b-V6sEVqIfxCqHNA&ccb=10-5&oh=00_AQKE-9UfsL3OOb5BNEBvOwWKkKOF82neAM5NDNA37r6qVg&oe=6AC94D87&_nc_sid=201bca,perspective,GARMIN,VIRB-ELITE,False,0.59,2
132163266241443,-77.011119264749,-12.009970085874,1676998245600,2023-02-21T16:50:45.600000Z,SAN JUAN DE LURIGANCHO,san_juan_lurigancho_01,276.18,YDslREg7WFXbJpqMZ3B9VG,https://scontent.flim26-1.fna.fbcdn.net/m1/v/t6/An_YPv-aHYigkvtB1kza0JwddziUkq8AdfFx9JDwjBw1rZXBrde0MIF193ShVQIwDBM7Wghi5ozRnkwNWgmRNHJmJs-ow89BXnDeRfNOHTkHbTLdB40pAO-0GubE44IZJ-avQM59_1FFAkS4iIzRYPU?stp=s1024x576&edm=AOnQwmMEAAAA&_nc_gid=hlTcMVrqjnceSm-ML5tPCw&_nc_oc=Adp4L9ON1Ef5O36LYkTVHFrQzYODXwfVY2sw6XaVaXxI5rDQ1I5RMjtussTkO7NoHAM&ccb=10-5&oh=00_AQI96-j7eXobpSOYNxs_cPJpdYyf32O6dxDu0NosutuyAQ&oe=6AC96379&_nc_sid=201bca,perspective,none,none,False,0.632,180
1351107162405642,-77.011119431608,-12.009771624524,1676995288000,2023-02-21T16:01:28Z,SAN JUAN DE LURIGANCHO,san_juan_lurigancho_01,276.66,3KeVQIogtdCHWnTXr9a1Yb,https://scontent.flim26-1.fna.fbcdn.net/m1/v/t6/An-20pSgTyyWntRqUVWPnZjSpqOgpjOi1sfWZg2fmgF539vnw1ghQuMQa35zLACSBihDA9YoHWR4vKibn5P5XxN4XtVGRX51Clnnp0e7a6_cJOAGMlcGIOv6Hoz9LKwnDTOiQKKCoagRVmrAUfr8EQ?stp=s1024x576&edm=AOnQwmMEAAAA&_nc_gid=hlTcMVrqjnceSm-ML5tPCw&_nc_oc=Ado2kewKbL9q2Hva4VDQaT-7DeD5jtOZ0ySnIs-dY8898qpYFAoUFh6w1kyQXe2VFzc&ccb=10-5&oh=00_AQJi4TWpIEczt9Z9vgN34ynhZyGL24qAga9usk7y5jfRaQ&oe=6AC93DF7&_nc_sid=201bca,perspective,none,none,False,0.702,269
1627940304387270,-77.01111203816,-12.009920911564,1676998252600,2023-02-21T16:50:52.600000Z,SAN JUAN DE LURIGANCHO,san_juan_lurigancho_01,270,YDslREg7WFXbJpqMZ3B9VG,https://scontent.flim26-1.fna.fbcdn.net/m1/v/t6/An-h83P-9PwtbGVm2eMtI9GsKSc8BjenfADZarSnWeNDbksTod0NXRzo_05Px3FAt8VEQkgi-u-LqLFVHvKqXecIt6ydbHxY5YJ4x5Zado1pgN-C-gO6G0mxayl1OoPXA_35WokAdSf4Rxdir7vFw9Y?stp=s1024x576&edm=AOnQwmMEAAAA&_nc_gid=hlTcMVrqjnceSm-ML5tPCw&_nc_oc=AdoK0KcyDWZeWXTNS70sC41lQ0eZp-UgD9lRV_KNb7XBf_F1tZqbZ-hs8dbdthCuFNU&ccb=10-5&oh=00_AQK8eDK2dsIrEzNb1RMSCNPOKxnFoV2dnF0NvtDsDKJlkg&oe=6AC92CDE&_nc_sid=201bca,perspective,none,none,False,0.712,193
134387789565934,-77.011118708231,-12.009969622443,1676998248000,2023-02-21T16:50:48Z,SAN JUAN DE LURIGANCHO,san_juan_lurigancho_01,270,YDslREg7WFXbJpqMZ3B9VG,https://scontent.flim26-1.fna.fbcdn.net/m1/v/t6/An98vNi0RHYr8o_jsrnT_e63Vh3WDQ0-pJUBq37DC8N_pN4b-Ufm1lfg7q-HWlZxa-6flJMrrvr8bCw2GP9Y1RidvnLM6Xga_ohJczL7OiD7ri7Pv_kuu23_99jtMQZ1KpI4Q4BD6YmRKahZNH8jUg?stp=s1024x576&edm=AOnQwmMEAAAA&_nc_gid=hlTcMVrqjnceSm-ML5tPCw&_nc_oc=AdpAnsv58MXnnPk5o_Z_ECYwExdUkpPc80OUPSKfFGN0uPiTlIiygWHzZJoWYESm9Es&ccb=10-5&oh=00_AQJVqx3EYPRlLHq85_Z5UQVIeR6M0n4d4pa0M6K0zATQkQ&oe=6AC92E3C&_nc_sid=201bca,perspective,none,none,False,0.706,151
1132029257628876,-77.011136001737,-12.009890903683,1676994727600,2023-02-21T15:52:07.600000Z,SAN JUAN DE LURIGANCHO,san_juan_lurigancho_01,96.14,9XF8SsKmr7Ongf0UPhpBcj,https://scontent.flim26-1.fna.fbcdn.net/m1/v/t6/An-ln07AiRpoCY4D0p96ITz_swMLuOy20rnv6XK7okreaANA60Jg7YE8SPd58KM-WWzpB7G2HuWZNb__56fpLm5YmLxRHLi8JEQNt115FCg-0rrqC-7Rwcl8A1mcBltez019YB_Qas7ObXibjUzfyg?stp=s1024x576&edm=AOnQwmMEAAAA&_nc_gid=hlTcMVrqjnceSm-ML5tPCw&_nc_oc=AdoFQ3mz7pNs2JFJYkld-zuO6KjIy7uCuBEX_2OS7YBkK5sOsJKR2Ov3CaL7Hfdwpfg&ccb=10-5&oh=00_AQIVlz6bTCz_kQI28aIh15SgTIDWVw6o4x_7JliNuI5Q7w&oe=6AC94EB1&_nc_sid=201bca,perspective,none,none,False,0.488,449
1393547031397313,-77.011127841006,-12.00988716378,1676995286600,2023-02-21T16:01:26.600000Z,SAN JUAN DE LURIGANCHO,san_juan_lurigancho_01,277.41,3KeVQIogtdCHWnTXr9a1Yb,https://scontent.flim26-1.fna.fbcdn.net/m1/v/t6/An_jf2kdOPzIEP7IDw8bdvyDUobiGRs6IgMoH27r5DKXPEDl6Xlh23wakMz43OyS9PsJwKxanYpW_FUbqIYHQPQGRXoPc9IBRFtpg2Ez1UW1LKNY1s2FT-Pzp0MPGx3V1kPtKjM9Tq-AStDcJCj9zQ?stp=s1024x576&edm=AOnQwmMEAAAA&_nc_gid=hlTcMVrqjnceSm-ML5tPCw&_nc_oc=Adpl7N5-C-VDXZWS0qKh-ZdeJ5IB-s63oUJRLCM4vQ9lQOuF4WQZce-39N-7VC8kWKU&ccb=10-5&oh=00_AQJvWk4mPTfl4KZ5mP3gRzJoLGaUglp1gqETmbsA_Pr7Bw&oe=6AC957E2&_nc_sid=201bca,perspective,none,none,False,0.707,231
1054707425310378,-77.011291210843,-12.00995311506,1641147795579,2022-01-02T18:23:15.579000Z,SAN JUAN DE LURIGANCHO,san_juan_lurigancho_01,186.95059204102,uvT9Co7flrhiZdIWJE2ct0,https://scontent.flim26-1.fna.fbcdn.net/m1/v/t6/An9mH5GolWYdAnOZiKChAtmTCgLSraPI-qV1vFmkTRJWlBalzU8i7_Vl07tQM3rY4LdvNY1kzqwZbZuEHDgJbYktrQrR3R_pGZRQfz_HTIznwiG8PnJuWKIwx56L9KKbWjiwIapgM-tJzxpbrKpokg?stp=s1024x576&edm=AOnQwmMEAAAA&_nc_gid=hlTcMVrqjnceSm-ML5tPCw&_nc_oc=AdrBZ-5sTeITYbsPhGAWQgH36Pjo0VN1swDczOeCzqwnC00pn_I6emPK2YC7d2V89tQ&ccb=10-5&oh=00_AQIuYp0Gs2hZtpRzeEdcCCCl3ROOkV_WFXslnWqBonczbQ&oe=6AC9422F&_nc_sid=201bca,perspective,Xiaomi,Redmi 8A,False,0.551,75
153204757620907,-77.011094690768,-12.009607295891,1676998261600,2023-02-21T16:51:01.600000Z,SAN JUAN DE LURIGANCHO,san_juan_lurigancho_01,277.9,YDslREg7WFXbJpqMZ3B9VG,https://scontent.flim26-1.fna.fbcdn.net/m1/v/t6/An8hLqg4xugZFF8tIiIMRuQjWFI9dudSMOKvpbRlDrGnWVDUe-S_HOTXJ7j-mJYyp_YluSPd0WQgSEm0w26Wk4lqAUSVY_52i8B0rst7ny55RVjUlKLG7W7xjk9WlcbJd266EzY8UdoYqBtAYzSfWA?stp=s1024x576&edm=AOnQwmMEAAAA&_nc_gid=hlTcMVrqjnceSm-ML5tPCw&_nc_oc=AdoOvkcgRB2erjn-SvAcYCJLTyjxttXQGeO8UH_HkPjKMvMolLmR2jus6Kj-vYk6ul4&ccb=10-5&oh=00_AQJoJ0Kh-wV9ZiLdR0pVyFIlejeVoAB9VsF2uS2pOzWJYg&oe=6AC93F89&_nc_sid=201bca,perspective,none,none,False,0.59,201
131699632332061,-77.011220916519,-12.009754114027,1468274358000,2016-07-11T21:59:18Z,SAN JUAN DE LURIGANCHO,san_juan_lurigancho_01,181.20602266404,3zRB8Y4TufdG4kTdBjaXOw,https://scontent.flim26-1.fna.fbcdn.net/m1/v/t6/An-C_DSia9GLX8t5nvENP7ihOf1vaORTRZ8Iz_ZjgzwJI5Tum_BcsKV_bW-pmAXF4oqH98zlBDc7GAqQESqEpoecxT7aCANNPejDvVBkJCBy1M3Zq6mRicblUPBN7fCuATYltLe6iiYwmZy9B0MGIQ?stp=s1024x576&edm=AOnQwmMEAAAA&_nc_gid=hlTcMVrqjnceSm-ML5tPCw&_nc_oc=AdrRjxG9JwHWu0Qk8dSkZJSUpcphj3Qy89r3HxGBSSWin1j9YakPWn8_B4YznBV0EPs&ccb=10-5&oh=00_AQJBKkMSxRie7mNobE0d6Xi1gou6n4P5wUj8DvnrlwP5gQ&oe=6AC94B2A&_nc_sid=201bca,perspective,GARMIN,VIRB-ELITE,False,0.577,8
117462031192552,-77.011116710684,-12.009954736204,1676998250600,2023-02-21T16:50:50.600000Z,SAN JUAN DE LURIGANCHO,san_juan_lurigancho_01,270,YDslREg7WFXbJpqMZ3B9VG,https://scontent.flim26-1.fna.fbcdn.net/m1/v/t6/An9dkUn6tVnZMkszfsIEbbW4Q0RKlzSbzcfJr5A_TjtKM7FvGlVpZFesWx58an9Tg3w0bwazAXf03tbu48cr9spXzs_4npnu_jeJDQft3uIr6RPNm0xBZn6e_iZK7mXpcjawFsMX0nzvUrM6Ln0qiQ?stp=s1024x576&edm=AOnQwmMEAAAA&_nc_gid=hlTcMVrqjnceSm-ML5tPCw&_nc_oc=AdqB4ZOop4DqaJvUyd4-Mdxcg9-JRu8lKQ7svj4b3FkLs0XCXWZKegpltd1odKzbrbA&ccb=10-5&oh=00_AQImmPURz5zZa74DcYdCFzMujoIQ5QM27vQO2sTRVf6kDg&oe=6AC943C8&_nc_sid=201bca,perspective,none,none,False,0.71,185
1671335249952649,-77.011101619436,-12.009809448704,1676998256800,2023-02-21T16:50:56.800000Z,SAN JUAN DE LURIGANCHO,san_juan_lurigancho_01,278.75,YDslREg7WFXbJpqMZ3B9VG,https://scontent.flim26-1.fna.fbcdn.net/m1/v/t6/An_QThw4udU0h0vS47hhCLxe6_o1Y8KCUaAUU_uIc1Um06FVf70xo2sWazu4-qRWFZodGWEio5aQtotydHCZ-FjLwCQPq8msCrmwU3txyO8aZ8d52kLTOwKE5JOHMbK4dwbuU0nndG1iKVFLwmxRcw?stp=s1024x576&edm=AOnQwmMEAAAA&_nc_gid=hlTcMVrqjnceSm-ML5tPCw&_nc_oc=Adr0mKHAQZWcsGc-_V03-wVEkZ3Q4kvqWMBrKfBMuXgVRH-Gqdzw9yHazblLrPXTnF4&ccb=10-5&oh=00_AQLODH1ng71i4yq3Pp2cpczNECteccS4OD8c6XEVdC2eOg&oe=6AC95F92&_nc_sid=201bca,perspective,none,none,False,0.672,219
163844266489584,-77.011138081093,-12.009918613525,1676994726400,2023-02-21T15:52:06.400000Z,SAN JUAN DE LURIGANCHO,san_juan_lurigancho_01,278.51,UVP6zEoNldLIC2mYtTuKZr,https://scontent.flim26-1.fna.fbcdn.net/m1/v/t6/An_GdSf0l7OjPyfVfu4J5VtgTFoPCfo16xMaJQKuMgLD995BwXQwmQRVRpVWzHqpZGtFUYoNa7q4b5L13dnIGw6VcQjbAS7I_Lax6O8GbXHW9v0zI--fzFB6KA9--sW-TxMeiB6ny4yHK_8TuIOUo0Q?stp=s1024x576&edm=AOnQwmMEAAAA&_nc_gid=hlTcMVrqjnceSm-ML5tPCw&_nc_oc=AdqbRBirn77GWwuegy0yjdIurNBpdj6Fa85jIMWPr-fP5iyu34y5Lx6eKAjBOI4h7zA&ccb=10-5&oh=00_AQLRJK4fdM9afTWdL2WMu1hwLjpUyKxZ3uWYaIrRLns5gg&oe=6AC94D62&_nc_sid=201bca,perspective,none,none,False,0.703,130
189812903684421,-77.011248264757,-12.009886242705,1676976726000,2023-02-21T10:52:06Z,SAN JUAN DE LURIGANCHO,san_juan_lurigancho_01,187.50986906853,iTKwNYmv27S68Vrn3HU9qd,https://scontent.flim26-1.fna.fbcdn.net/m1/v/t6/An_uJgb51p683YfQgcIQtSpFkvSml0qselvJ5ZpU_tXPtWnxWmd-RK__7ZMeDjOXvDITLVsAdw8kfY7DBB5gUqf1P8XSvTny0ulNZYE23hQRd5PMlECzqXDG9BA6Q3W6YUNtXhC6_Rdv69O0oOkw_w?stp=s1024x512&edm=AOnQwmMEAAAA&_nc_gid=hlTcMVrqjnceSm-ML5tPCw&_nc_oc=AdrAkw2QGWNT7sby8uFaChzNqtBA4910SqUg2KGhxClJJ3RTRsjj6zqgUD_I17KT4V8&ccb=10-5&oh=00_AQJO82s7WuFAvQOj1Ka5YO1nOcOrrgT-Gfb58Z2Vmwr24g&oe=6AC93D73&_nc_sid=201bca,spherical,GoPro,GoPro Max,True,0.855,543
158891430353481,-77.011103290482,-12.009829266753,1676998256000,2023-02-21T16:50:56Z,SAN JUAN DE LURIGANCHO,san_juan_lurigancho_01,275.84,YDslREg7WFXbJpqMZ3B9VG,https://scontent.flim26-1.fna.fbcdn.net/m1/v/t6/An_t18-f6tphow-_z4sJyDgtx6nPatwj3O_Ugv-cAlwVZWi579JxAbo8KNtBkkYpW-z2ZYBs_Kz5NjrPO4lpuAOGli4mYNkXzwJ7RmSa8UR6yzGrJn1XFi2G5wXQ2PZXdHMfeYuIfBptKVzU8XRc-wg?stp=s1024x576&edm=AOnQwmMEAAAA&_nc_gid=hlTcMVrqjnceSm-ML5tPCw&_nc_oc=Adoh1_2cSd_KE5ZKV1Rm1nQzTppq68W7dpvK0DEX_KhWWCzsLVg1rDpWmPY6QOBTT2U&ccb=10-5&oh=00_AQJ5CIcs9O31BYaHah425rengEEGn9s4KQf3wknA3vI10g&oe=6AC9440B&_nc_sid=201bca,perspective,none,none,False,0.68,188
176877318433392,-77.011091902681,-12.00998362174,1676994726000,2023-02-21T15:52:06Z,SAN JUAN DE LURIGANCHO,san_juan_lurigancho_01,187.38,3dNApHmF9o8RtVjGSMw4qc,https://scontent.flim26-1.fna.fbcdn.net/m1/v/t6/An9VgEafi4Ng8VWcYGi_A30yw7uCKFhHfIBq63s3wToPZCoZZT-gSeAU_eG2XhHXUmkRpy-YrF24EbG_azEbI_SpzMwdW2UE8kD2M3_YL84BD1gpO5_xVY0ONW_k3dJp_HPdNlfHVEFjbAMWpMtp58U?stp=s1024x576&edm=AOnQwmMEAAAA&_nc_gid=hlTcMVrqjnceSm-ML5tPCw&_nc_oc=AdqFm4K718WzNe-fuXrFro8lkZcOLJhlD_CCDPv9CsyhD2PQuv5QKA79CvNW-TeATuA&ccb=10-5&oh=00_AQKDSN9uo9ouk6NkIYAcHT5GXk5MnDc42b--VFwx7Fcukw&oe=6AC92C9F&_nc_sid=201bca,perspective,none,none,False,0.712,411
1867314510307812,-77.011118798908,-12.009970241806,1676998247400,2023-02-21T16:50:47.400000Z,SAN JUAN DE LURIGANCHO,san_juan_lurigancho_01,280.97,YDslREg7WFXbJpqMZ3B9VG,https://scontent.flim26-1.fna.fbcdn.net/m1/v/t6/An8bia9yJAabLwHWOJ9FZA8ZzzKABS9ZBAMXflWWHSd7h698yZYpXbFCBbhklXTO8gpLpaJDa--7FbNfL75Bc_eaqjxRru1fupgvSj5lVrg3PpWuHt0fUy6Hr34b2v8bK4gkOWGYsj2Zp6nyIml_S6s?stp=s1024x576&edm=AOnQwmMEAAAA&_nc_gid=hlTcMVrqjnceSm-ML5tPCw&_nc_oc=AdqCySRdkbrM6-VrjA1dD5_FtXGzynCz-cEWGIrUMyCFeEux60Ue03rPPQ020L9Nx90&ccb=10-5&oh=00_AQJvlgSrANXCFL6EVH3ntTV0SXrGEOoa3SxqFdwc0cqdvA&oe=6AC95E39&_nc_sid=201bca,perspective,none,none,False,0.671,192
198109549502067,-77.011115960873,-12.009950207354,1676998251200,2023-02-21T16:50:51.200000Z,SAN JUAN DE LURIGANCHO,san_juan_lurigancho_01,270,YDslREg7WFXbJpqMZ3B9VG,https://scontent.flim26-1.fna.fbcdn.net/m1/v/t6/An_pAP2FktjdbkfKnRqGRZbELENIorWkMFvmHrvgnWyeKlZlpGhdFtzWfzrUaA4QBTrlrTYupkY8K0FxlFkugGG1SMbs5hJ-yki5asri1-JSgz69XUay4MtjQYFI_6skYUq5-fZSzm1axhTCb4YSow?stp=s1024x576&edm=AOnQwmMEAAAA&_nc_gid=hlTcMVrqjnceSm-ML5tPCw&_nc_oc=AdqD8jfxCeN5_RhYvijGRAlyE8QdvI2ikp6wjbVsoIab2KwcuAZA_Jy_nkku_Ks-rvg&ccb=10-5&oh=00_AQJpakILUE-4Blwy2ZR294c8CF2_5c3bpjMwq_elVIQiCw&oe=6AC95EDA&_nc_sid=201bca,perspective,none,none,False,0.707,160
162365053353782,-77.011103530718,-12.010029830709,1676994727000,2023-02-21T15:52:07Z,SAN JUAN DE LURIGANCHO,san_juan_lurigancho_01,279.14,UVP6zEoNldLIC2mYtTuKZr,https://scontent.flim26-1.fna.fbcdn.net/m1/v/t6/An8a72jLsQjYNGlw7Snepfhfe55kCakl5j32bpN1DH-UVMsv146Fz959UTfai7zWcaJ0afK31-ws7j44J0Pr5Xv31EqB95zKomRLia6110tiZMpeguK52q1aQcMhLaQNs_ic0bwrCmKo1esiURfLnA?stp=s1024x576&edm=AOnQwmMEAAAA&_nc_gid=hlTcMVrqjnceSm-ML5tPCw&_nc_oc=AdrFB_v6gcANwwJSGJ66q56Sm0ir26volyu9MAUz2W7VnTNXhf3B1ay0KauW7p6OjtU&ccb=10-5&oh=00_AQJBg3tLSY3_rT7UfcfnUnfUbnwQ29AOVzoReoNV2uAtZQ&oe=6AC9351D&_nc_sid=201bca,perspective,none,none,False,0.664,150
599703512028355,-77.005905611317,-11.990128877378,1676931906600,2023-02-20T22:25:06.600000Z,SAN JUAN DE LURIGANCHO,san_juan_lurigancho_02,187.28,2AQYonfiBjHxrbWaV0qtEX,https://scontent.flim26-1.fna.fbcdn.net/m1/v/t6/An-JmimPmJPneNCdj_hsG8chEx0WB_Ee9116Bu4JQt3ZNks7ydBFfCUJ-461wJbSM7hZO6RgyQvbhIQjXMQsKkjRWXhOho0OjSHbUVFRxXmfSiLIB4WSCxZsdgmxe4whVUZfkp1TPYfv_HnCwRN_TqQ?stp=s1024x576&edm=AOnQwmMEAAAA&_nc_gid=GFW6ShPA_lkIqjcPauEWDQ&_nc_oc=AdpZTJHSl_KeKVoZYMPv_7odu5OkOsNdu_djOI1JoiXTtHfXPiEr5yErqSAPtl31NA4&ccb=10-5&oh=00_AQIH-kARXLBNRs7kmpke1VS8BzpoCmGJFEK8B_HmijVSAg&oe=6AC9552A&_nc_sid=201bca,perspective,none,none,False,0.735,280
1212743719352194,-77.006053863601,-11.990057813056,1676931905600,2023-02-20T22:25:05.600000Z,SAN JUAN DE LURIGANCHO,san_juan_lurigancho_02,184.85,2AQYonfiBjHxrbWaV0qtEX,https://scontent.flim26-1.fna.fbcdn.net/m1/v/t6/An-dBtsSxCS7Wz_ffLtkHlu-nzWATP3TulkI-K_Pe99BGijC9obxX2GM8brJsFZQtNi69pxrP7hoT8EeqB8_CYQhKoVxIYuWsgv89kDh0ndHU7w9ZpCkYe7JcwoH2fZncAphsa8BFoDyhvMu4PHTuA?stp=s1024x576&edm=AOnQwmMEAAAA&_nc_gid=GFW6ShPA_lkIqjcPauEWDQ&_nc_oc=AdoTWUjaNegbJsElfUYZTLGnfOEwsknwdq5dg6ZxJJ4NHJSdstXh0PObD7rS5hULFbI&ccb=10-5&oh=00_AQJOmcyjBwp3vUvZgrW-8eCDfaEoktgNcdiM-CzRNvmcnw&oe=6AC93413&_nc_sid=201bca,perspective,none,none,False,0.663,244
174697031984276,-77.006589958064,-11.98993823869,1676931902600,2023-02-20T22:25:02.600000Z,SAN JUAN DE LURIGANCHO,san_juan_lurigancho_02,177.99,2AQYonfiBjHxrbWaV0qtEX,https://scontent.flim26-1.fna.fbcdn.net/m1/v/t6/An-F4jhd1ZEEADZsZeP00L9W6cNBRcBNaIcH_eONPvCTw3YVt68NZ6c28SzSgt7co6BndNhnZIhx0O935jCSlQPBYEZsHtsOky8hgzjiuqC6OQkckvo8q0XnFtz4RRUh-zLPITNzliVyOf7J8U8pQg?stp=s1024x576&edm=AOnQwmMEAAAA&_nc_gid=GFW6ShPA_lkIqjcPauEWDQ&_nc_oc=AdqTohd-pgnj15DnrLyc9jybSkSSOibYrMipkgPbtnrBKnWZvKGhttIjh_m4JBW4NAw&ccb=10-5&oh=00_AQKr_Q07gp7WBgnN84KtsrLoaxIIf97ZkRsYwFKVNNKXrw&oe=6AC947C0&_nc_sid=201bca,perspective,none,none,False,0.622,83
1032616330701108,-77.005330714679,-11.992353307567,1648849345217,2022-04-01T21:42:25.217000Z,SAN JUAN DE LURIGANCHO,san_juan_lurigancho_02,0,vkiq43Q0T2cSWa6xnjNO7h,https://scontent.flim26-1.fna.fbcdn.net/m1/v/t6/An92k9ABG9xUODy3SJ54esR-tR4fGICyXG6FaRr2sad-EqIzC9z902fkn7fJ7nbvf4O-2QNwEBWXUj3PcLa46dyv4uT3q3_UWm0RWqgLbGbmE5h4VaBcZQ8mtBtm3zN_vIO69Ef8NHZO4rXd9CPYcQ?stp=s1024x576&edm=AOnQwmMEAAAA&_nc_gid=GFW6ShPA_lkIqjcPauEWDQ&_nc_oc=AdrUTuv547u1Zy6WQ9QUJxFro36ypCAPWCsZHrK1Rfn4UPRzPDbLDLmLXXWRjFHcWeo&ccb=10-5&oh=00_AQJKtHckJjHZImnTnNm15-FRCiE-1vIsYLHfGNZVKN7LqQ&oe=6AC95A62&_nc_sid=201bca,perspective,Xiaomi,Redmi 8A,False,0.581,205
168554725991796,-77.005301157244,-11.99227664397,1676996577600,2023-02-21T16:22:57.600000Z,SAN JUAN DE LURIGANCHO,san_juan_lurigancho_02,88.52,ZcPp1szQIv30wjGNVh952H,https://scontent.flim26-1.fna.fbcdn.net/m1/v/t6/An-i-xMiG2-MIru4BotoHJuXDJwM5ZwPRY5Xgg5torc_k-HYNVlXIq5VMjhQd4jlt0DBqhavSjRlDohTUK6pEuiGh_yHRvwx7eQCj_04XyEd2oQUByZ47877rz1c0oxf8jgnThpGeNAmDsUxzAmpA4w?stp=s1024x576&edm=AOnQwmMEAAAA&_nc_gid=GFW6ShPA_lkIqjcPauEWDQ&_nc_oc=Adon1RWkPACDkGFmzcoRqyhOchsW2rpRa6dSAnQz9dPvW06TBXiPO6nPVBsXQe6twj4&ccb=10-5&oh=00_AQL0IWHBZAHZo4agXYRisrOvXjFyfc5yLiNftnr89gojYg&oe=6AC958DE&_nc_sid=201bca,perspective,none,none,False,0.709,348
1097881943955646,-77.005250465804,-11.9926397357,1468273269000,2016-07-11T21:41:09Z,SAN JUAN DE LURIGANCHO,san_juan_lurigancho_02,0.84815754320203,7kXgGilOgCEjx2gQ8BJiOw,https://scontent.flim26-1.fna.fbcdn.net/m1/v/t6/An-TE7TCE-wGDN1IF1rkqnGtfjOt3litt10BrZdOhI-tqEwamLmv37YeyEGs92B8_wcVYtlr66QniygCQpf8nLTPFTMVCf9-LDe4Ki-EAx3veQYd2P-xYpUEYCjX7Bchh058KXz-VvSw7T_qAjTUKg?stp=s1024x576&edm=AOnQwmMEAAAA&_nc_gid=GFW6ShPA_lkIqjcPauEWDQ&_nc_oc=Adr40OkQqAZQxtTsURiXYr9Gccr_HKeWu93Fzj9BSAHVCSI994gPm-bkZxjrsRF87Rg&ccb=10-5&oh=00_AQIgvSyJ2fxwiZsIQUB5_8qwlpv1aqv0jCEo2c_gCgGfGg&oe=6AC9327C&_nc_sid=201bca,perspective,GARMIN,VIRB-ELITE,False,0.517,2
3505165473139517,-77.005312088187,-11.992116211746,1676996580000,2023-02-21T16:23:00Z,SAN JUAN DE LURIGANCHO,san_juan_lurigancho_02,359.02,fipYBkh8tE5mwqRcy6aIPo,https://scontent.flim26-1.fna.fbcdn.net/m1/v/t6/An9j_tV7d8Kb_9cYM9V3dVrKG8x4o2X2pgr6ei2vciEs406rA49CG55dh4HiAw-AqkDKf2Bbj4Lwcf9PGTvj7ihWWSTiBwmHJvCaQV3vp9RM3iAzmdUzbt9pieJCFOjcPonaJ1HlDDwu2Ppx4bc4cA?stp=s1024x576&edm=AOnQwmMEAAAA&_nc_gid=GFW6ShPA_lkIqjcPauEWDQ&_nc_oc=AdqBNQ-GsOzdoQ8xsaVyTD8rWIwRbrx5yXzt75iEtTn7QNU-PSwxdO1WucqxoohC4WQ&ccb=10-5&oh=00_AQIQMvqkTe3RfNXJx5eER7Q8yK68U3EqMGWjLByKEzlQeA&oe=6AC93EC8&_nc_sid=201bca,perspective,none,none,False,0.674,399
1181766502542280,-77.00531149775,-11.991992733884,1676996581600,2023-02-21T16:23:01.600000Z,SAN JUAN DE LURIGANCHO,san_juan_lurigancho_02,359.27,fipYBkh8tE5mwqRcy6aIPo,https://scontent.flim26-1.fna.fbcdn.net/m1/v/t6/An_cULcBEsy0Lx4ZE_57uDjAM_EUwKxv4L8KzBcWGCdovVGXlo7uBnuhw0Ix7eVPBYHXxfFFYwNwZ4w_p_uJx8mnhADOw4ExMCcukGDuB2_xrYU7AsVAAfi2CKOC4fdKR72y4kXq5MQ9x01DSqsaS7o?stp=s1024x576&edm=AOnQwmMEAAAA&_nc_gid=GFW6ShPA_lkIqjcPauEWDQ&_nc_oc=AdrxJcYDeGhI4Z45_F8jfdHPLU3L7b3qi_bzu0FKjHkRUhz4rhqszJHzdAoRcciAkAc&ccb=10-5&oh=00_AQLUSM8Hw_74Q5F58xKN6XPpSHlADqt9Wu0MbVzfTPpjVQ&oe=6AC95A39&_nc_sid=201bca,perspective,none,none,False,0.708,439
508639786942211,-77.005288280968,-11.992592544595,1468273270000,2016-07-11T21:41:10Z,SAN JUAN DE LURIGANCHO,san_juan_lurigancho_02,266.37797833799,G6VgWtmTqZj8vE_bS8t0rA,https://scontent.flim26-1.fna.fbcdn.net/m1/v/t6/An9m7EswpbCfZniuI94iMjnfD48bXErn_utNXhzf7XEhwjFSgS705rbAAwOy3oN5ctO20GHFPHJgqFCVb9DFfLt6LtXilf59A5-FonIecngJm_7lvBh1sYoUwPUe9WWpUsB87qadLlJ0pX_mIS47Vg?stp=s1024x576&edm=AOnQwmMEAAAA&_nc_gid=GFW6ShPA_lkIqjcPauEWDQ&_nc_oc=AdrtCfxfCtQkxCkYT9iudjihPLaPk8XtSuu3zNzTLyfVZ-Wv3IpLNY2_HSkEaP3pzdY&ccb=10-5&oh=00_AQJGd9iIAWGkTUTbYcLAXrQBKYPYVYetbjXsxdWFqLQFcA&oe=6AC95FC2&_nc_sid=201bca,perspective,GARMIN,VIRB-ELITE,False,0.656,2
1771470693300941,-77.00531165785,-11.992567886974,1676996572600,2023-02-21T16:22:52.600000Z,SAN JUAN DE LURIGANCHO,san_juan_lurigancho_02,358.8,fipYBkh8tE5mwqRcy6aIPo,https://scontent.flim26-1.fna.fbcdn.net/m1/v/t6/An_y_8V4ijwgY8RRrVUM8-1LsOrYzSSCbFyNn2JloOexMUNoIGcksn47Xg32vpDGQmKFs2H2ntNJwYegCvzMxdY34RUftY2U7700uXSkHgD8EXu3E7s6w2BuAz-CkU5dNAO_Lyc_aSPoZvIdfxowOw?stp=s1024x576&edm=AOnQwmMEAAAA&_nc_gid=GFW6ShPA_lkIqjcPauEWDQ&_nc_oc=AdpJfLB5_WD0GNW-HlhCdHxFdu_Y9iu6L1G4NWkPe9pYJFgWmjRKXN1fWfKdT3w9_Fk&ccb=10-5&oh=00_AQL2gfqBKWTgyv8FTng6P3V148Ol4K-4cTsxTfR_phOvmA&oe=6AC9317B&_nc_sid=201bca,perspective,none,none,False,0.689,356
145757928114288,-77.005317783435,-11.992368115783,1676996576000,2023-02-21T16:22:56Z,SAN JUAN DE LURIGANCHO,san_juan_lurigancho_02,86.97,ZcPp1szQIv30wjGNVh952H,https://scontent.flim26-1.fna.fbcdn.net/m1/v/t6/An8k7J3V6fMpb09Rr2a67ubxZP8nsx5vy8JXFsRPqcmf_5QljtTsPUKEC0ciwyRv8oBri2hihXcO5o5gFwfG2RAXj8XBPDRfXj3ZoSdIsx-NcEGFqfoMEcKmbZG45gv7h1QEDCjyPkpeWfaVf50PkA?stp=s1024x576&edm=AOnQwmMEAAAA&_nc_gid=GFW6ShPA_lkIqjcPauEWDQ&_nc_oc=Adoc9WbB0QRFdhHavnJDv4zSCTkspyr96K6l_nzIO4uQ1IMnYEku_W9jFBB8ESOn1UI&ccb=10-5&oh=00_AQI8tWVrq_mHSDnimEL5-w767-KZ9mw_suTfJtIes0PWrw&oe=6AC93664&_nc_sid=201bca,perspective,none,none,False,0.689,279
185238200889922,-77.005312762302,-11.992536674392,1676996573000,2023-02-21T16:22:53Z,SAN JUAN DE LURIGANCHO,san_juan_lurigancho_02,358.66,fipYBkh8tE5mwqRcy6aIPo,https://scontent.flim26-1.fna.fbcdn.net/m1/v/t6/An-LwMRfUo80eFRkhH8PVD0BzokzEDWzWTnmguwpbQEfbx1LOktH6Et4cdO6Ypr0dVTgypsTpvvBSWueRgwCmaXc-C_AlkR-90RKpZHyVg248JAvOTC00UcimmNT_8_S4Tz3Gw7EP0NLjPoO4DF-tlo?stp=s1024x576&edm=AOnQwmMEAAAA&_nc_gid=GFW6ShPA_lkIqjcPauEWDQ&_nc_oc=AdpH_YDtgrwqJmEmnP_M7s95yuKh5O0hCUsoVqoRWczPusgrYTZbNp5GEutPdrWEwaw&ccb=10-5&oh=00_AQJ6QDSSff0rVlso4ue14B9TjckVsw-6hc9_lLOnEWyJvQ&oe=6AC95C9C&_nc_sid=201bca,perspective,none,none,False,0.684,352
483231169592193,-77.005251544972,-11.992144590921,1468273276000,2016-07-11T21:41:16Z,SAN JUAN DE LURIGANCHO,san_juan_lurigancho_02,357.8882412435,7kXgGilOgCEjx2gQ8BJiOw,https://scontent.flim26-1.fna.fbcdn.net/m1/v/t6/An9TLXH2AK0zEWg3nwlYHCizyuXqUXdb3lPeFirbMxnZaxkCzLcuUhiFZETeSfeZFWrKS0kf9wbl3Cy04EiDlDHxcszMB6yTqArknqNTWFKUMqvh4VL9SJQEw63l5uJMuZcUbXpZslCdCz1rlibfNRE?stp=s1024x576&edm=AOnQwmMEAAAA&_nc_gid=GFW6ShPA_lkIqjcPauEWDQ&_nc_oc=AdoV4IpqPaWgDtI3F3PMFIKkW2Ti7KCBWb7XqNOgDFc0V5kmsZIL0Z8PlE3u0pzQkB0&ccb=10-5&oh=00_AQJiMNSnvBN-suO0tEXl1I8OlVcHWIZ1sMKDxfWKgSUaww&oe=6AC9597D&_nc_sid=201bca,perspective,GARMIN,VIRB-ELITE,False,0.568,0
599555468878935,-77.005215933106,-11.992002050197,1676996581000,2023-02-21T16:23:01Z,SAN JUAN DE LURIGANCHO,san_juan_lurigancho_02,88.31,ZcPp1szQIv30wjGNVh952H,https://scontent.flim26-1.fna.fbcdn.net/m1/v/t6/An-OW-b_2Grnj8pqw5cca5n3NLWf30f1XzAEWbAqqyQFfTWMpqLLaCql75JgC8ak_nY9fBpje3YqzRRvUUvd2v6TTxEo8o8yJfFeF9QBjoMUnORI5JFLdaGefo7s1qukHl4_QY2h-YKrKxBZzlqbdg?stp=s1024x576&edm=AOnQwmMEAAAA&_nc_gid=GFW6ShPA_lkIqjcPauEWDQ&_nc_oc=Adp_mxD8Pc5g9qh6kKStm14-hF9PPCQkbk15ZvCC0X57tPybVu_bGQgrjcScXrZKBps&ccb=10-5&oh=00_AQJbl3EkYNZVVq258InBVIagYmLD7eY5sMK0_PpCXGMslA&oe=6AC959F4&_nc_sid=201bca,perspective,none,none,False,0.591,181
649049439477030,-77.005216695705,-11.992646070109,1644101645569,2022-02-05T22:54:05.569000Z,SAN JUAN DE LURIGANCHO,san_juan_lurigancho_02,358.03430175781,0DzeQdUqgk4VxBrST1wRuf,https://scontent.flim26-1.fna.fbcdn.net/m1/v/t6/An966m9fcEWZ_KH-3ZDKAtVtNv0Sp4VjeWhY9NkBm9S03OTrUwkmLmAJu2QTZ5BQUjsYGnAJZOC1H8Lwgu4-IJfFL9l0bGuiq2Bui6rfufrUz80sgonmh1Y-kPUfZGpEDKgBGW0opnXkgI4sZP_opQ?stp=s1024x576&edm=AOnQwmMEAAAA&_nc_gid=GFW6ShPA_lkIqjcPauEWDQ&_nc_oc=AdqiGFebDpcWoSz-ymQA4cYocULDZrsjY7T-KiEY0p9SyEpsUtDagHD3Jin49tTORW8&ccb=10-5&oh=00_AQKUJO_vM7OQjcQTsOqYmyN0YFFkumgF1o87aL6lVTcSKw&oe=6AC93E1F&_nc_sid=201bca,perspective,Xiaomi,Redmi 8A,False,0.376,149
1261405514778948,-77.005305266572,-11.992504661649,1676978578000,2023-02-21T11:22:58Z,SAN JUAN DE LURIGANCHO,san_juan_lurigancho_02,358.5426182369,Mn8dv6sXxbrlT7gICmqaZ3,https://scontent.flim26-1.fna.fbcdn.net/m1/v/t6/An8sx9CKHrzqZB1Bvsj-MECA8zdIaiAdZoiqBqZOZ0u-WOMJxGYDpDzjOkqmx56dn_JRcqw9IZaRW6nRKwZyZt0FtMUkMs5iEPs4T6UhvmaeH4tKQNOxL6JhC5PWxKFCllXNXf0ywb7ll2vNBilF4A?stp=s1024x512&edm=AOnQwmMEAAAA&_nc_gid=GFW6ShPA_lkIqjcPauEWDQ&_nc_oc=AdoX1JXPHOywRt-gOfE0pPbHIXfX5iRMT9zAnboJP_ZFkh1xI8ZjtwlwB5ywuoHjKPA&ccb=10-5&oh=00_AQKZkDA3i38QDCGTEYFxZW3aettdeN8pXqmoPCLWMxZFoA&oe=6AC93876&_nc_sid=201bca,spherical,GoPro,GoPro Max,True,0.867,699
1416416145763050,-77.005235727246,-11.991917096817,1676996582000,2023-02-21T16:23:02Z,SAN JUAN DE LURIGANCHO,san_juan_lurigancho_02,88.22,ZcPp1szQIv30wjGNVh952H,https://scontent.flim26-1.fna.fbcdn.net/m1/v/t6/An_0nUI3JsAeZuv6JVLyd3gGoRkVIgjNEA0VSz6I41MV8MFXcwEn2uYSwjzTi9JhcArvBSm482tkxed2nFCIWqjnRFPo19jd9810bm5GOiTew6O3ltOPF3ux_p3DWJstgAHunqlOF6Dp8XVbgpNZag?stp=s1024x576&edm=AOnQwmMEAAAA&_nc_gid=GFW6ShPA_lkIqjcPauEWDQ&_nc_oc=Adpn33aZ-k2JWMvWAJ8-cbi3OKmtTdWnFi8lp9k7t7RxLIfdF70KZhqIbjQp3K3flK8&ccb=10-5&oh=00_AQKq4wZ2w-3oeN6imEdV29dDMhyOL3lSLGeREu1kcWc7bw&oe=6AC957AC&_nc_sid=201bca,perspective,none,none,False,0.532,156
582256990599012,-77.006125819426,-11.990025288417,1676931905000,2023-02-20T22:25:05Z,SAN JUAN DE LURIGANCHO,san_juan_lurigancho_02,183.71,2AQYonfiBjHxrbWaV0qtEX,https://scontent.flim26-1.fna.fbcdn.net/m1/v/t6/An8WVGfUgPKPsIi7PGcMC4VzD9Pzc8SNvZuhN1-T-7tjLQlqpI5-ylkTFJmsZEwHegS0WQmaT7JUgCl650r18PiZ16Birgqzequ_5KwiM-ai8i4jKHTvGxZo1FjU1zhhSj46A0XiQFlizXnNT8ZHDPc?stp=s1024x576&edm=AOnQwmMEAAAA&_nc_gid=GFW6ShPA_lkIqjcPauEWDQ&_nc_oc=AdqiC84AmejWglEHcxSkCOKSdiQ4KENdliuR-Bj3TzomuC9NIDN6_Ega5XHH3RA_HZE&ccb=10-5&oh=00_AQKoEMk2Fkm8mQS8Or8r8ql20bNfqZV-8T2HHG2ictbeRA&oe=6AC939D7&_nc_sid=201bca,perspective,none,none,False,0.678,184
142021111184341,-77.00515923496,-11.992685155673,1468273268000,2016-07-11T21:41:08Z,SAN JUAN DE LURIGANCHO,san_juan_lurigancho_02,90.29559831814,IpqPcfnlcqcQxIooA2VZ8Q,https://scontent.flim26-1.fna.fbcdn.net/m1/v/t6/An8dmYdu8rL3L4qE13LN_P2Vmon9wtI3S-biIRqX1DmxOWD0VXMqeOgycCMYs9exB0lAt6TQE7wctBJG2AwM_lIFuTVvp1jiXYNycCNRmff5w9PYqJyyb39FwzyiSsq9iMRr6kNVny3DhXpCzmtjbA?stp=s1024x576&edm=AOnQwmMEAAAA&_nc_gid=GFW6ShPA_lkIqjcPauEWDQ&_nc_oc=AdouMoiuUda0wadY4i4RVHKkE0FKuFYOyC-YWOOup7ZdXqb6LaQv15toV4t-p3-R57w&ccb=10-5&oh=00_AQJNXaMAaiJHNQq2MpOgFQuTFsHPZkNivuUDI22o9RW_Jg&oe=6AC94538&_nc_sid=201bca,perspective,GARMIN,VIRB-ELITE,False,0.611,1
1334920486951629,-77.005187544211,-11.992673323218,1644101643618,2022-02-05T22:54:03.618000Z,SAN JUAN DE LURIGANCHO,san_juan_lurigancho_02,358.4587097168,0DzeQdUqgk4VxBrST1wRuf,https://scontent.flim26-1.fna.fbcdn.net/m1/v/t6/An8afSsnekmjKT8Bfa8jCfJz1930XML8W78kywDR9Q0nPDyndMS-1butOJaBOUzeQ2i43YiPm2Zva1VWgp76ox7HJGzncFUVa5esx4z3IcCWD1HlVswuod91sh4ytAlPufHsFhv6iY3zpBl80MSpp-o?stp=s1024x576&edm=AOnQwmMEAAAA&_nc_gid=GFW6ShPA_lkIqjcPauEWDQ&_nc_oc=AdqYB4cNPw6RcQuiSfR-_Epttxpz6YHwJVQoyo6Y3eNVUfwt4RDyZltS3CI6Ixdgb9I&ccb=10-5&oh=00_AQJ1H5hoQy9RP91kIhfE8lIJOj_ob_8PlMXLO35Pwc4rMw&oe=6AC95C3E&_nc_sid=201bca,perspective,Xiaomi,Redmi 8A,False,0.534,264
1336071836972627,-77.005316842672,-11.992759241944,1676995767600,2023-02-21T16:09:27.600000Z,SAN JUAN DE LURIGANCHO,san_juan_lurigancho_02,84.59,URmXydHo2BxYI1vr4G9SJZ,https://scontent.flim26-1.fna.fbcdn.net/m1/v/t6/An8hbRtroaeFOe09UHRBTy2AIKwqCorbo58qnk_Geis9f4UhRhb7ZHhwVoniCz6kMFhiYgOje_Kwyls7XMCpkEjkOmpt_mGzIPpAWhTg2DFaGJj_GldoMlhDms9rthjPhvlBG41RRPNDAJMpzh9QWA?stp=s1024x576&edm=AOnQwmMEAAAA&_nc_gid=GFW6ShPA_lkIqjcPauEWDQ&_nc_oc=AdoTCSfSbVW4llJUg9tA7W-0IGhlYrZCY06RYK04lCmZS0-GZRuIM10iFs7Xd5iPOtA&ccb=10-5&oh=00_AQImMsPM_FbZyW-p-1kaZ-zyHFzXHSzJzb7FaLbO0ilqlQ&oe=6AC92D11&_nc_sid=201bca,perspective,none,none,False,0.645,558
1636769113421040,-77.005323590258,-11.992445921644,1676996574600,2023-02-21T16:22:54.600000Z,SAN JUAN DE LURIGANCHO,san_juan_lurigancho_02,84.86,ZcPp1szQIv30wjGNVh952H,https://scontent.flim26-1.fna.fbcdn.net/m1/v/t6/An_6CJXRawIBKPkikuyE4NZ-hsdPm2LSoz-cEEq-MZABULrzs6PMOF7cKg3tL49Tr0pp7FodZazFZKoN4OHVkvutTVF2REhN7OjdiR-up5wpgyko_dP4U3G9UJVSnjQw1PkKYi41HrkCOlEG8nGL2A?stp=s1024x576&edm=AOnQwmMEAAAA&_nc_gid=GFW6ShPA_lkIqjcPauEWDQ&_nc_oc=AdpPhBUaZ9ZVIUv7hCkwph722dnAkTzO7mxj0XVwCEMBoUBgUWZ9kjth9WKT0rBqVpI&ccb=10-5&oh=00_AQLKcYQ6J1MZTwXMOSU5fa3Fs8o7fPkFlXPyCtMtphWsWQ&oe=6AC949C0&_nc_sid=201bca,perspective,none,none,False,0.619,236
926084102157693,-77.005979368826,-11.990092477341,1676931906000,2023-02-20T22:25:06Z,SAN JUAN DE LURIGANCHO,san_juan_lurigancho_02,185.55,2AQYonfiBjHxrbWaV0qtEX,https://scontent.flim26-1.fna.fbcdn.net/m1/v/t6/An8pMJZAaCx5Tv_MrbWqIm5nQaWHB3WKFraujWGMT_cdkrQHfq6NxHZe612JYK1IQrK1EaKoTitj54aA01tSCF_s_eXwZqx8sgIc1Op4U3L3QIWYv_KC9-JZho7wQpZkgMdEKR7euoMp-JDDw4gdow?stp=s1024x576&edm=AOnQwmMEAAAA&_nc_gid=GFW6ShPA_lkIqjcPauEWDQ&_nc_oc=Adr7S9xZg-2XG2wP3e7qGl4k3SDDArHtb_585Hi9Cftt3Kkv3l95r02649ImYPzOTkQ&ccb=10-5&oh=00_AQKiyUcl5ot7PJ6-IF98Cedu6gfE2g25wwqM-l9KkSkEFg&oe=6AC95C3C&_nc_sid=201bca,perspective,none,none,False,0.737,244
1855412214841028,-77.005320221329,-11.992395264654,1676996575600,2023-02-21T16:22:55.600000Z,SAN JUAN DE LURIGANCHO,san_juan_lurigancho_02,86.27,ZcPp1szQIv30wjGNVh952H,https://scontent.flim26-1.fna.fbcdn.net/m1/v/t6/An8_NU4aTyd_sOCyM6NvouhI1-1pqIamlLlqyBPy6cKJhJouzq2mMEPtw1uf-U-TTJh1pnHuzYj4JML7Vy4XT09YkRWE6e9ldo6RsfHk-PdRQw4bVUz6ebRbLwb8WSkJ-tXqTharacwWuGoPL4a4AA?stp=s1024x576&edm=AOnQwmMEAAAA&_nc_gid=GFW6ShPA_lkIqjcPauEWDQ&_nc_oc=AdrElJyjgJwF205Lw9ohMmvgQVz58ll2bRBo-RCEaa3EUsasvLYkyk0AcK_eiC1g_IY&ccb=10-5&oh=00_AQLYWZxZJHeP2urop_PYweJ0H7YfEL6tsk5x_KYdXuIXhQ&oe=6AC93EC2&_nc_sid=201bca,perspective,none,none,False,0.639,245
726181842516711,-77.005312156801,-11.992228956394,1676996578600,2023-02-21T16:22:58.600000Z,SAN JUAN DE LURIGANCHO,san_juan_lurigancho_02,357.86,fipYBkh8tE5mwqRcy6aIPo,https://scontent.flim26-1.fna.fbcdn.net/m1/v/t6/An96eERbi2oY9lgJSL3CaC4KeokeORnnoRSyAnAC4sWVvUCUlOoJFzCHLOoxrhoH3WT_nvo2S6-GcWWDijSlQsac_yNb-fWE_N6i0b0Or9lct1CWei8fW01CBE-La8ygQAhHPPeVZbOlm-b_KunG8Q?stp=s1024x576&edm=AOnQwmMEAAAA&_nc_gid=GFW6ShPA_lkIqjcPauEWDQ&_nc_oc=AdqPgGim9LfnUxDfzbdoygdk0_o8e3Oq-4Rn2DqAcupR-ht8WYyy8dDX3jMXe2RCOtY&ccb=10-5&oh=00_AQKBuepGrF4fV-BdXYVrHikrvsw3A9eVRIwL06xPva2FoA&oe=6AC92E82&_nc_sid=201bca,perspective,none,none,False,0.652,373
191390460193736,-77.00529919619,-11.992634824819,1676978576000,2023-02-21T11:22:56Z,SAN JUAN DE LURIGANCHO,san_juan_lurigancho_02,358.52822880688,Mn8dv6sXxbrlT7gICmqaZ3,https://scontent.flim26-1.fna.fbcdn.net/m1/v/t6/An_IBdWLM5qczawIaNrLqF4C2Pre3grqZSbISkG09NbCBJE5_-_GfEwk_zu4V3BBpiZaSm9jiWSp1Hh5zpF0jbbZLWeDuT0fdOz9_MKM2zgNxBhljQsbMCHdp-BnDxjEy_djXyZxb-_Cw5avQjIvIQ?stp=s1024x512&edm=AOnQwmMEAAAA&_nc_gid=GFW6ShPA_lkIqjcPauEWDQ&_nc_oc=Adq2IPpDWm6EKs1FnZIxdRN0iMWDpvjy825hQru9pSjH626EK9VrIdErN2bWrS4tmBw&ccb=10-5&oh=00_AQLnNu_OFUZTh17IC9RUELjFmZYmiAyddtUlKcGKl_Qgeg&oe=6AC9332B&_nc_sid=201bca,spherical,GoPro,GoPro Max,True,0.875,681
889350942341492,-77.005840050068,-11.990168564774,1676931907000,2023-02-20T22:25:07Z,SAN JUAN DE LURIGANCHO,san_juan_lurigancho_02,188.39,2AQYonfiBjHxrbWaV0qtEX,https://scontent.flim26-1.fna.fbcdn.net/m1/v/t6/An9gaIt6Iw8t7ohRtwcug6nl7pNSLFCbTJX-qMUVFdyborsGhhPmpaAJkyxyIM2Uk3neaZve30l-mWWTcy0EgULFjGULyHy4OU71sxexYjzWdmkW6-MvFTR1OTlwDOTXWBHWZ7rp1vgW7WivZaKgSg?stp=s1024x576&edm=AOnQwmMEAAAA&_nc_gid=GFW6ShPA_lkIqjcPauEWDQ&_nc_oc=Adq3kCZN9L3d6Zj29--igF3wGub97je-ciUsnmrhS9MVmJ-hSdvP0pg2CebPeDvF2uA&ccb=10-5&oh=00_AQKlffBfM5cjd26VD8ZJM2hSdSys3E9tt1LtZ6LDnMu7gg&oe=6AC93646&_nc_sid=201bca,perspective,none,none,False,0.729,295
1398166184295296,-77.005183215477,-11.992079580053,1676996580000,2023-02-21T16:23:00Z,SAN JUAN DE LURIGANCHO,san_juan_lurigancho_02,88.52,ZcPp1szQIv30wjGNVh952H,https://scontent.flim26-1.fna.fbcdn.net/m1/v/t6/An8JQPTs3s2TGlUue5SOD5fNmvE2DMZGhG68PL3JUHlcjwoJeHFPi_KHvkZxr4-bAaDLduueIcKOVOihebb93VgPATBwBfoLjlThb9KoaWQRunjEnXbC8eD5e8_87BFQ-tF-ie2diqJ5LSqXQ5_fOnk?stp=s1024x576&edm=AOnQwmMEAAAA&_nc_gid=GFW6ShPA_lkIqjcPauEWDQ&_nc_oc=AdoP98m_gCRBf_X0sdEzvneagrKmgv6LDM0wX7ESgyisrhvfdRyWaOy42z5Re-718Fw&ccb=10-5&oh=00_AQJe63kv6PVk6d_bS81oKlGE1tSJIqSfBEEfEBc5Gkj7xQ&oe=6AC92E76&_nc_sid=201bca,perspective,none,none,False,0.67,167
195875849731172,-77.005309031887,-11.992406783374,1676978580000,2023-02-21T11:23:00Z,SAN JUAN DE LURIGANCHO,san_juan_lurigancho_02,358.73756533667,Mn8dv6sXxbrlT7gICmqaZ3,https://scontent.flim26-1.fna.fbcdn.net/m1/v/t6/An8oesVcfxqFiGd537SsL3uXba52_EHjDNht0pmR7tqdzCOqnucN9fB3hiHNWU5qTCkNE1uvR8AgoYNZdPfB_u3F-P57tSTaTGDYo4UzaT4yqMtCXuqLlwQH3pkcJBaDihdE13kMlBvfABIVFxhYWGo?stp=s1024x512&edm=AOnQwmMEAAAA&_nc_gid=GFW6ShPA_lkIqjcPauEWDQ&_nc_oc=AdppZqnGXr2c7ed1zg7r8g4GcTeV4B-qfkk_w5rA0uf0bFj2wgCFPhEvqnGCJ-IgLx4&ccb=10-5&oh=00_AQLPxSG5mwtNSLYsFxw7QJMKR-iqNZkiYxO9TFvcXXjS6A&oe=6AC94324&_nc_sid=201bca,spherical,GoPro,GoPro Max,True,0.897,607
306701440830696,-77.005322108814,-11.992620204518,1468273206000,2016-07-11T21:40:06Z,SAN JUAN DE LURIGANCHO,san_juan_lurigancho_02,84.369550448361,G6VgWtmTqZj8vE_bS8t0rA,https://scontent.flim26-1.fna.fbcdn.net/m1/v/t6/An_C6_oixvn828FUU6VxWN9ys8AlMFqtsKe0Lx0bYMtj-fASZbfqFYWz0jTgD12HCj2XpDlILdnsVbEiB3pejjFJKQA8fcGp18ih9qQNHaEMaYwojLnZo_cy4Di30qClXvFglCW9usaSzAcHCd7XlQ?stp=s1024x576&edm=AOnQwmMEAAAA&_nc_gid=GFW6ShPA_lkIqjcPauEWDQ&_nc_oc=AdrF7ks5gW8QPsl1yOfSrdIoWtzOydBh-HQ8vR581W92Tc1rDvl1JNOpryut5tumz18&ccb=10-5&oh=00_AQJCAs85mMKubqGLPu3KXcSaclFIruIxHE911DSjbh924g&oe=6AC93CEC&_nc_sid=201bca,perspective,GARMIN,VIRB-ELITE,False,0.673,4
1921225421554748,-77.005294095174,-11.992776352701,1676995768200,2023-02-21T16:09:28.200000Z,SAN JUAN DE LURIGANCHO,san_juan_lurigancho_02,83.88,URmXydHo2BxYI1vr4G9SJZ,https://scontent.flim26-1.fna.fbcdn.net/m1/v/t6/An-x6Zc7lmzMeipBsB2YLtCA1SFfNKJ0e5RjQVu0kmfG0SuDKiX5FyLb1A9LhSiXTpsU3EyyEYhnCHvmxRmj5qgmo1bZFmKlPrzXeTFtenkTFmm1n7cCGwH3vaA1y_hfYTGSDuh4Is2RUdRfmYPSS8I?stp=s1024x576&edm=AOnQwmMEAAAA&_nc_gid=GFW6ShPA_lkIqjcPauEWDQ&_nc_oc=AdpXmu6LarJ1pBR2GlEMbBatjnnmIllxauY62GryxtofYy8wVFaZ9vkibTuzFEpDJ9E&ccb=10-5&oh=00_AQJWSKxn2s99Vn8hvEkO1hLIKWprgrQpPd7iACMwUpzCYA&oe=6AC92D43&_nc_sid=201bca,perspective,none,none,False,0.618,483
207801205259757,-77.005311786725,-11.992034225734,1676996581000,2023-02-21T16:23:01Z,SAN JUAN DE LURIGANCHO,san_juan_lurigancho_02,359.05,fipYBkh8tE5mwqRcy6aIPo,https://scontent.flim26-1.fna.fbcdn.net/m1/v/t6/An8GEsRoeactLoj0h4tpCjP9YVIwPbIYRuLysH1KBrSvPmQ8YAMeGW2A1unYI863VDFJpop03mbiF6bbWDNKui5tWt4-8YV2wyOpzgx5u69C8kZHtnrxoxyiiA57WDZTwCWeke0TOwsBd6TzTjKAfQ?stp=s1024x576&edm=AOnQwmMEAAAA&_nc_gid=GFW6ShPA_lkIqjcPauEWDQ&_nc_oc=AdojGTcxt0l9P1O1BrvzAUsC6e7nKs186uAeN0LoqeptJw-_IyUDWNq1l3d38LxOh8I&ccb=10-5&oh=00_AQIgkXGBHElNwSAaHEOH55Pm2XA2j0wgvkpqRU0JOTYj0g&oe=6AC94EC0&_nc_sid=201bca,perspective,none,none,False,0.69,446
238081568564886,-77.005308603493,-11.992309056877,1676996577000,2023-02-21T16:22:57Z,SAN JUAN DE LURIGANCHO,san_juan_lurigancho_02,87.25,ZcPp1szQIv30wjGNVh952H,https://scontent.flim26-1.fna.fbcdn.net/m1/v/t6/An_tcIvkCwsp9XlLKn5f5T7a4ZYAFubkG45GCF9dVhq0gq3LjOL35Af3LUOkIFOAorxPheWQBuWplxV6JhMQ54nb-pr3TmlZVVsuESNVBZPTmoVUIw26id9OuSNaNlogTFhBmPQo6VPIA1xGU9sUcw?stp=s1024x576&edm=AOnQwmMEAAAA&_nc_gid=GFW6ShPA_lkIqjcPauEWDQ&_nc_oc=AdrxJkMsChfPednoSBBoUETP17W3fzeYM_OdM2kSX9Mk4lM3WvbRavQKzZlpivSjOVA&ccb=10-5&oh=00_AQJWI9SZ9MPKYfR0J4mhcF86AekHV6britjgJ8jjDwSmxQ&oe=6AC95AA9&_nc_sid=201bca,perspective,none,none,False,0.723,333
283259043874638,-77.005188867941,-11.992524817069,1644101647783,2022-02-05T22:54:07.783000Z,SAN JUAN DE LURIGANCHO,san_juan_lurigancho_02,357.19873046875,0DzeQdUqgk4VxBrST1wRuf,https://scontent.flim26-1.fna.fbcdn.net/m1/v/t6/An9HdxCWXy-qo8OD3Xwf05Ews78Pv0krU268j-5VxvIfPTmRGzuL6d9WCMBjwoFn37jyXwZhzV-dGln9zp1QnuTiEwygfEawVfv2uj6IzvzwxIyfGFAqHLwTqnfUQttd_ejQGf_8PS5DFrrkEBVokZc?stp=s1024x576&edm=AOnQwmMEAAAA&_nc_gid=GFW6ShPA_lkIqjcPauEWDQ&_nc_oc=AdqBCg7-UWYS-EDW8_f0jp9BLRFbw8KQIfsZdU-cW25G0FWWEYa2LSO06nNNO0WFPcE&ccb=10-5&oh=00_AQJfQnErAw0QdXqinz9PZEfupFV6OBtBV055dQg4DKjhIw&oe=6AC93F14&_nc_sid=201bca,perspective,Xiaomi,Redmi 8A,False,0.148,115
716400406608337,-77.005284674203,-11.99291900797,1676978572000,2023-02-21T11:22:52Z,SAN JUAN DE LURIGANCHO,san_juan_lurigancho_02,358.11315755574,Mn8dv6sXxbrlT7gICmqaZ3,https://scontent.flim26-1.fna.fbcdn.net/m1/v/t6/An8Xm0HwBJTzCY0tAECdjgzpM73N7MaU_Romgy_cfr3ZfQH3XzJDQjhsb3fcFN5GTMVW7KysJZmqLxi9vHBV-M8wkAAToHXc8aeytmWOXXrh-inNvhgW_SI8uMnFv1Tk6OP6MKq24e64B-uOmaFlUQ?stp=s1024x512&edm=AOnQwmMEAAAA&_nc_gid=GFW6ShPA_lkIqjcPauEWDQ&_nc_oc=AdqEPTcmKRgKptTH0OaAXmIhE8muRPhZmatgZ8BQ50vrn_Ukv3nUqq8F7bc17GatWbs&ccb=10-5&oh=00_AQIoNV363s0Q86HxXlgPQxWCT-s2fPcv-kNrxq-SvNaZcA&oe=6AC95E7E&_nc_sid=201bca,spherical,GoPro,GoPro Max,True,0.874,725
2643852975756894,-77.005313172565,-11.99232572601,1676996577200,2023-02-21T16:22:57.200000Z,SAN JUAN DE LURIGANCHO,san_juan_lurigancho_02,359.19,fipYBkh8tE5mwqRcy6aIPo,https://scontent.flim26-1.fna.fbcdn.net/m1/v/t6/An8OX4LTWtGkVYI9Emmue0fWT5zCuV5mfD4NoDRJKuI3UMlSaE3Bp8OmFInZ-Q6lFGJJbPKRkg9BcC2MyrphM2zOyK9ntykgcPKY8_Fz3c4zBZOXdqDm_Mz7Tq93W5Nu8msJ1yT9QJ87p3FcOg-i0A?stp=s1024x576&edm=AOnQwmMEAAAA&_nc_gid=GFW6ShPA_lkIqjcPauEWDQ&_nc_oc=AdqD9_LMgUUeIfddWCU82o0bin5nAMQ2e-zdDrmyER4CHZm1c9deYdcRHIwEDttvPLs&ccb=10-5&oh=00_AQL1ZH6_B3m6SARjFxtl2UVj3qBBX2oP21SjrUXXhXGLyg&oe=6AC94FB0&_nc_sid=201bca,perspective,none,none,False,0.705,408
193035300025085,-77.005318326663,-11.992554639373,1676996572600,2023-02-21T16:22:52.600000Z,SAN JUAN DE LURIGANCHO,san_juan_lurigancho_02,84.96,ZcPp1szQIv30wjGNVh952H,https://scontent.flim26-1.fna.fbcdn.net/m1/v/t6/An-LkP2QFZJRAwiJg_Bjd7JgcyPKyNKynnpAXF5KKqvqCoflRzy5P5qsbL-lKZfqLEW2VAt_6HSqE3aCYKCyy3yEEWAgHUwmTx81tgnVOH3a0-dTtbM16n-rQcBlfFVO2zT8Ulv0mi2urt5WREIdEA?stp=s1024x576&edm=AOnQwmMEAAAA&_nc_gid=GFW6ShPA_lkIqjcPauEWDQ&_nc_oc=Adqq5zYANevdnECmMu672bGMkt6banwdA87ClqpcmW_zE-nVjGWjV41VpBCdlflE8J4&ccb=10-5&oh=00_AQKuXBLTb3qyknv5uK-qe59--umkwpHzQBZe4Rkteim3-g&oe=6AC95A20&_nc_sid=201bca,perspective,none,none,False,0.63,201
312371670298278,-77.005304234695,-11.992380817909,1468273273000,2016-07-11T21:41:13Z,SAN JUAN DE LURIGANCHO,san_juan_lurigancho_02,268.39734811321,G6VgWtmTqZj8vE_bS8t0rA,https://scontent.flim26-1.fna.fbcdn.net/m1/v/t6/An-9Jthnmv3lX_Eduono5500joE_rwdyCs-9UPzwaU5wflB1uW5za3m2NQnt1khEevgMo8qQtZL4efduwpvHsL-HTXonsyaBChXMvrr1TRtQt6RF8xvvv5est2FK1eUOYks3JVTHArRLtTB7Wb11nQ?stp=s1024x576&edm=AOnQwmMEAAAA&_nc_gid=GFW6ShPA_lkIqjcPauEWDQ&_nc_oc=Adr1aMF-JgWV2qtDSVaFXlEPco0D4V2dJz2qG3MGdvBb8u-88LFzWANjQXWGdPdJShs&ccb=10-5&oh=00_AQKir0tgo1gn9SvOWX1muKkLdLORZP7ChuNRKLTKQR9gaQ&oe=6AC94FDC&_nc_sid=201bca,perspective,GARMIN,VIRB-ELITE,False,0.656,1
2841238156098252,-77.00531253768,-11.992232100191,1468273275000,2016-07-11T21:41:15Z,SAN JUAN DE LURIGANCHO,san_juan_lurigancho_02,267.41591322504,G6VgWtmTqZj8vE_bS8t0rA,https://scontent.flim26-1.fna.fbcdn.net/m1/v/t6/An8q5UXK5QYP-ccM4mDZD27x6-OxXULBSVEQqGgfxZPysB7ayjdyQe0EtutrPAoB0h8HNu1DDjOBvy-MaD3G-lbz9EFyguoji-PLOV0g8LX36WQyStlpCpILMsNMFsCaVsue-CTu6ogB97rw5X1QCQ?stp=s1024x576&edm=AOnQwmMEAAAA&_nc_gid=GFW6ShPA_lkIqjcPauEWDQ&_nc_oc=AdqL3o_d62E5m45QhK9MYJW8s9MNSon5GD76NdoXKJ_A0DD142ZevJgTbd_NfE5kLfY&ccb=10-5&oh=00_AQIPO0N8tujD6YSaUjQh-vlj1V9rRvXh0v7Tv4FNAK3tnQ&oe=6AC959D7&_nc_sid=201bca,perspective,GARMIN,VIRB-ELITE,False,0.5,0
1034634470400616,-77.005238954268,-11.99241663639,1468273272000,2016-07-11T21:41:12Z,SAN JUAN DE LURIGANCHO,san_juan_lurigancho_02,83.339119188385,IpqPcfnlcqcQxIooA2VZ8Q,https://scontent.flim26-1.fna.fbcdn.net/m1/v/t6/An9wjobAZsy17ri2HBwJJ9ivFFLOm4Dc7ut6jSsTZg1OLHw6nIlGfT5rDIuZMoISfacFwzcZScC_CffAh8CWPtola3f5s-Ow0fQBFwAOO_EU-5oZAZPGlLyEdRo1VS7mzkgRy4--YfQ6F-ZsNmcn2vE?stp=s1024x576&edm=AOnQwmMEAAAA&_nc_gid=GFW6ShPA_lkIqjcPauEWDQ&_nc_oc=AdoUSUUcz5tsgQTzU8-HvnFl5vE_gB-iz1YBdFLBc1smpugnhMTzs9NHIgJLTdO8VFU&ccb=10-5&oh=00_AQJqTo4v5_aUMV92j4YsMB4DpVLZm7d_tSyWiH5zIOvT1Q&oe=6AC944AF&_nc_sid=201bca,perspective,GARMIN,VIRB-ELITE,False,0.619,3
1934248343582497,-77.005146823457,-11.992153206305,1676996579200,2023-02-21T16:22:59.200000Z,SAN JUAN DE LURIGANCHO,san_juan_lurigancho_02,89.87,ZcPp1szQIv30wjGNVh952H,https://scontent.flim26-1.fna.fbcdn.net/m1/v/t6/An9jhsGjZ6ugLbuFCmcDYSpwR0lOtttBZoo-67_VHFJCk3rfT2qBQ1kqwcREo5rNmUt6V90s7Kpc8DTz9SnKQE8w-mNedpT1SeKpyfEnVQ8mK_Tulm_tyGoLVQFDYjAbAcx6VFHL6JLwjGStb6TaMA?stp=s1024x576&edm=AOnQwmMEAAAA&_nc_gid=GFW6ShPA_lkIqjcPauEWDQ&_nc_oc=Adp959zMf0FpN0sHjH71VM4i_ajBK8pD_O_2_5ViX6XVyU9W6yx373BpQr2-vh0Vq8E&ccb=10-5&oh=00_AQJBkd1B_YgYal_jY9ytI-m8AohsLpi-L4NbaVZkykH0pQ&oe=6AC95F23&_nc_sid=201bca,perspective,none,none,False,0.489,161
1300529303829252,-77.005310998163,-11.991907832257,1676996582600,2023-02-21T16:23:02.600000Z,SAN JUAN DE LURIGANCHO,san_juan_lurigancho_02,0.12,fipYBkh8tE5mwqRcy6aIPo,https://scontent.flim26-1.fna.fbcdn.net/m1/v/t6/An9SLftAQIEM59fMGOIab6KtBnFbNDZseJwuI4aUs_lPOT908-_MchEx4QENIlHpYrGVMjnx-Dyfvv-7O6rl7TadWueMqAc_bhMvY3HSmfryJjbXUrVfhZGN7BQEzp8Cd0d-BzE76_pQs8Uu6MayOQ?stp=s1024x576&edm=AOnQwmMEAAAA&_nc_gid=GFW6ShPA_lkIqjcPauEWDQ&_nc_oc=AdrvLmDNOyaN1svcU-n_7rmmJDILHjJlfor7PTpUHKfphUll68hLOv4b90jE0zTovzY&ccb=10-5&oh=00_AQIoyB9VO2PSy4XOIzz2hQCImkl-y0RzvEV_I0mRohj0pw&oe=6AC95DAC&_nc_sid=201bca,perspective,none,none,False,0.675,431
2106023473121658,-77.005322201098,-11.992522185029,1676996573000,2023-02-21T16:22:53Z,SAN JUAN DE LURIGANCHO,san_juan_lurigancho_02,87.7,ZcPp1szQIv30wjGNVh952H,https://scontent.flim26-1.fna.fbcdn.net/m1/v/t6/An_a6sKcvY0mSnbqCnw5JDSUAeKcWZyOWxlZ_fcP2Jpus6fhd9CdH5QrollaxSxCoANEhBWH0O-eQ3Xi3KyaAAZJ7yk7JaZpuP_4Rcywlqqz79iCswULSSAypXb6k5UzNbHY34W_1vF7hbkknJL5-g?stp=s1024x576&edm=AOnQwmMEAAAA&_nc_gid=GFW6ShPA_lkIqjcPauEWDQ&_nc_oc=AdptnvyT3ea9VoOeGmiyWK_uFyj9N-unre7-wD0DKzHx5aU-W1OXujJJfIeBX8BhwtM&ccb=10-5&oh=00_AQK0vvIrfEd4rfIfQIpWNKy18Oubs2MjQRj7aTsZOp6nSg&oe=6AC94EFD&_nc_sid=201bca,perspective,none,none,False,0.656,245
3594853407406662,-77.005252031158,-11.992219227621,1468273275000,2016-07-11T21:41:15Z,SAN JUAN DE LURIGANCHO,san_juan_lurigancho_02,353.27705703363,7kXgGilOgCEjx2gQ8BJiOw,https://scontent.flim26-1.fna.fbcdn.net/m1/v/t6/An-JNV--fx9TjpZKU8s2-E1Pe_13_aN2QqXwNhCopwzRKQG23XXNLHbMHzZrNuBQ2VmB_jeUMUlEmOc596lYYBcc0R7fcV9m8vHaT4mUaYwElOQ3FYK-jPMShCOZHWyfxD4fzDY5vdykuEkAn4GXRg?stp=s1024x576&edm=AOnQwmMEAAAA&_nc_gid=GFW6ShPA_lkIqjcPauEWDQ&_nc_oc=AdrUTPBhMNZ6-aOUDOLV4jtLmpUK6GSINUSVeyDWaeO3iwSF2vk9H9xGzKL8l1AVwX0&ccb=10-5&oh=00_AQKz7m9DwiyvsKIBFJjMMbeMBAo4sAvaNps7IyYFFnRFaQ&oe=6AC94443&_nc_sid=201bca,perspective,GARMIN,VIRB-ELITE,False,0.541,0
207994767802078,-77.005316158046,-11.99215401219,1468273276000,2016-07-11T21:41:16Z,SAN JUAN DE LURIGANCHO,san_juan_lurigancho_02,268.58533797658,G6VgWtmTqZj8vE_bS8t0rA,https://scontent.flim26-1.fna.fbcdn.net/m1/v/t6/An_0CV89ZrXkwiD8P89HpVjeY4N3OiXb99xViDYVv165ptoDvOYeEqmW118SdOtnysLOY1RMb3Xh8iG3HxGQFjpanWHfDyJN_Ixma3TB22-wueY6LBu94QpHO0o31pVKeVPDrQ47qajz7IOG2pamEg?stp=s1024x576&edm=AOnQwmMEAAAA&_nc_gid=GFW6ShPA_lkIqjcPauEWDQ&_nc_oc=AdrXkxk850gVaEMcDEOuMupqS-ttOObgV2xHty1KBpM0h8Mmp2YK9fwuTYSKKkRITWI&ccb=10-5&oh=00_AQJM4651TrECbERaCCzJrmQwi76dnbZ-MVO8C66C1DeL-g&oe=6AC94F9D&_nc_sid=201bca,perspective,GARMIN,VIRB-ELITE,False,0.538,0
181917997902320,-77.005312041551,-11.992288480448,1676978582000,2023-02-21T11:23:02Z,SAN JUAN DE LURIGANCHO,san_juan_lurigancho_02,359.28833903888,Mn8dv6sXxbrlT7gICmqaZ3,https://scontent.flim26-1.fna.fbcdn.net/m1/v/t6/An-5A1VoxFcMsSkqUVod_c95W_oc3ll3YZrfRI67ZkiNyFnXmpODMCOVeLQX-7QEAG3gabW1n0plDFQAoNuArdE4Nr4yEZdHJgGyYXPs8r7PLXfO71ucg97ctbgeJ_DVNkJuENweCeqI4u0FQac4AcE?stp=s1024x512&edm=AOnQwmMEAAAA&_nc_gid=GFW6ShPA_lkIqjcPauEWDQ&_nc_oc=Adot-BOrc1519GZktpj2UPJybNwV_WqiSPaLtD5qFbhcqt7PEZm9AooPHbE8ufcVCig&ccb=10-5&oh=00_AQJczgr09-l8sdPGq7oUt-b5mSo3rcPhKeWnxUClmiWxLA&oe=6AC93EB0&_nc_sid=201bca,spherical,GoPro,GoPro Max,True,0.902,553
175420581142593,-77.005288875444,-11.992663008321,1468273269000,2016-07-11T21:41:09Z,SAN JUAN DE LURIGANCHO,san_juan_lurigancho_02,270.5331524076,G6VgWtmTqZj8vE_bS8t0rA,https://scontent.flim26-1.fna.fbcdn.net/m1/v/t6/An_Znr4vIPRKZWZZjbsa8OJ-AXMiw7nAa9CnNUmi_lhntvjhfFawSJWJHCtw9Fg3sCZJ9bERsXykagbJ-wH_yPxckoTMvjWvSGxUKG7Q6VYXwJxxLeIjivPNaYdZCUsItlyPbVXZx_GCjhvVILyt6Q?stp=s1024x576&edm=AOnQwmMEAAAA&_nc_gid=GFW6ShPA_lkIqjcPauEWDQ&_nc_oc=AdqUJGO9-SNBDfUzhGqlZ6C6g0Z8WYykech9-CcAy2JPVbXGseRIGEQASytBWBpwpxo&ccb=10-5&oh=00_AQJQIIsmLQPbtQIeha0faicx55nt31IBOVNN3BgVBeuoZQ&oe=6AC95177&_nc_sid=201bca,perspective,GARMIN,VIRB-ELITE,False,0.633,4
4840268416049786,-77.00519144995,-11.992182924774,1644101651718,2022-02-05T22:54:11.718000Z,SAN JUAN DE LURIGANCHO,san_juan_lurigancho_02,355.76773071289,0DzeQdUqgk4VxBrST1wRuf,https://scontent.flim26-1.fna.fbcdn.net/m1/v/t6/An80so5Jw0jPTj9PZRFRRLJ_te_jAdvYcXwOrFEvQ8IyxnnSLi2SaPCMmjuSPHH61ZGeosruItFyUHYX_oFYncLm4gXbLyC8PYFQL8ap84f4jszGH6TfadnOT-QKgX8rOHMIYaYryJ_QwG3hoyAc-w?stp=s1024x576&edm=AOnQwmMEAAAA&_nc_gid=GFW6ShPA_lkIqjcPauEWDQ&_nc_oc=AdofvjIM5OexLnludSw0TvYfVHYhQ6VwLGG_GCntt4W6oCqScyvAkNwyLHGlL3Q2BKs&ccb=10-5&oh=00_AQIXCkmTQ8Zkvhfnp4idjGa9xTsBzX0J3wDdCrErjByvBA&oe=6AC9306A&_nc_sid=201bca,perspective,Xiaomi,Redmi 8A,False,0.643,213
168025738903441,-77.005331092364,-11.992353313077,1648849344639,2022-04-01T21:42:24.639000Z,SAN JUAN DE LURIGANCHO,san_juan_lurigancho_02,0,vkiq43Q0T2cSWa6xnjNO7h,https://scontent.flim26-1.fna.fbcdn.net/m1/v/t6/An9wo2RVKmEcYqPQVfYoA9vb87DeEZbMuvy7C1WKtsfp7K0xKlCSZyd4cKqZHgLXfeOE6z7AFYvBeikuQD4rmkjZ2RII1EHeXWclCXsyA_UlhHabjMv4Rn4T-OHQv4WPYpXgw_hxc4PaOOqAe_ZO2Q?stp=s1024x576&edm=AOnQwmMEAAAA&_nc_gid=GFW6ShPA_lkIqjcPauEWDQ&_nc_oc=Adp0zQue4onfGFhtQ3ca-oIBifcKE3afxiNLddoNmddppaNQkJEwiHq08ArDVddmfN4&ccb=10-5&oh=00_AQK2XUjM2VRkRyJLR6sizQEgCTGK5D_5KzT6R-AMDAN3dg&oe=6AC945CC&_nc_sid=201bca,perspective,Xiaomi,Redmi 8A,False,0.512,248
140104718135325,-77.00505740707,-11.99250963286,1468273271000,2016-07-11T21:41:11Z,SAN JUAN DE LURIGANCHO,san_juan_lurigancho_02,91.027626843386,IpqPcfnlcqcQxIooA2VZ8Q,https://scontent.flim26-1.fna.fbcdn.net/m1/v/t6/An9W7rVdoHLyP4tya0ylCwlVNdJsglwcsl1BCCwMprR89B32l9tF-Pya1OGgfK7FESiHeih2RYeFBp-WL23W9VvwoPa9x7sL_Fwd_RSb_c_Yawf4MDxFnM5Ei5xeGFdtOKFx9gkT1_dOo-7oKxKr0Q?stp=s1024x576&edm=AOnQwmMEAAAA&_nc_gid=GFW6ShPA_lkIqjcPauEWDQ&_nc_oc=AdreFmvBI-Smd1D_3m7LmvJF7wUjkBoTlTeucquTuJbZl7ljOWEp-iOPPY_igxB6-Do&ccb=10-5&oh=00_AQJbH2NxRpPMgqeKAWD7WTHXmXR6mCU8XTMkKIZ6PE_gxw&oe=6AC95C6F&_nc_sid=201bca,perspective,GARMIN,VIRB-ELITE,False,0.621,2
510837636708758,-77.005333455781,-11.992615647824,1468273205000,2016-07-11T21:40:05Z,SAN JUAN DE LURIGANCHO,san_juan_lurigancho_02,78.413169035464,G6VgWtmTqZj8vE_bS8t0rA,https://scontent.flim26-1.fna.fbcdn.net/m1/v/t6/An-sj_BGEGPpajzJQUZCyODTctFXXDK0YIg-gPlVoUhYUmHhfjjbM7PMHfWh9MPBGyfiyMk-sviRLVuusZenfL8skHEC_RQPjfqJVdLvAyk_vbSEye0tpwPi97pHh0MlZZ3BwXEbJ6uBd2C35Xrz8A?stp=s1024x576&edm=AOnQwmMEAAAA&_nc_gid=GFW6ShPA_lkIqjcPauEWDQ&_nc_oc=AdrO6RL6UNYIbtBQ8Rkykbj6TwefQKQs1_kKBLX_pffGKcsP67z2Tv2_Nx7bvJHaVuU&ccb=10-5&oh=00_AQJdtT2Kjea_OR1dPZyCGuhjhlb0iCnUYRk6volu1LZqKw&oe=6AC94E52&_nc_sid=201bca,perspective,GARMIN,VIRB-ELITE,False,0.679,6
3820958878008885,-77.00524876356,-11.992346742308,1468273273000,2016-07-11T21:41:13Z,SAN JUAN DE LURIGANCHO,san_juan_lurigancho_02,86.286918290416,IpqPcfnlcqcQxIooA2VZ8Q,https://scontent.flim26-1.fna.fbcdn.net/m1/v/t6/An8YRH9gW9WzDL6won3JBFSsr6ImMEC2fNcc_Ev3gfgfEGJJlFPmDZ7WXSbXq4S40L2_50YueCLLPvFbqYV2ymANZ3B23JNTa5eBedanF8pTHzzvOCR_lJYSGbp0UwR-FhYRGnqD411DRCIp1CtT0g?stp=s1024x576&edm=AOnQwmMEAAAA&_nc_gid=GFW6ShPA_lkIqjcPauEWDQ&_nc_oc=AdrJe37sQu11rQYT5vSTH88xLfH0Pv_CcoiszG3O7U4pUlrOX3PJuppq_ClrK-V_6fM&ccb=10-5&oh=00_AQIwASdgE42c-Vd1Xuypmr7sEZeRtQXPQn419PAecgGyog&oe=6AC95CCE&_nc_sid=201bca,perspective,GARMIN,VIRB-ELITE,False,0.652,3
140660161378455,-77.005252041597,-11.992276126717,1468273274000,2016-07-11T21:41:14Z,SAN JUAN DE LURIGANCHO,san_juan_lurigancho_02,92.616539348425,IpqPcfnlcqcQxIooA2VZ8Q,https://scontent.flim26-1.fna.fbcdn.net/m1/v/t6/An_cWEQP9Y6uvMCm_a7wmHtidW9j3vx4EpCg89AaZa6S_dWQ_vlbFnwzveVWJ8crns9ph5uELbaZvK6XrDKQHQJqrWP3M8oCbHXg2i2JWpoScTyrKVC4TGllsuc0GgIidU7ynOOjrAGe6CduwYoh9g?stp=s1024x576&edm=AOnQwmMEAAAA&_nc_gid=GFW6ShPA_lkIqjcPauEWDQ&_nc_oc=AdqKkrs1vRuFLi8wSqvc0XXemnvlnU4jyX6Q1_UV-HKilIJvrbXJXQBvlSbgG1gCiQc&ccb=10-5&oh=00_AQJaxJrM1BU5tobSwe9LdGJHAfHnvfXzOmEsnkmWM3cQmg&oe=6AC93773&_nc_sid=201bca,perspective,GARMIN,VIRB-ELITE,False,0.645,1
229452399488897,-77.005312415466,-11.992191171847,1676996579000,2023-02-21T16:22:59Z,SAN JUAN DE LURIGANCHO,san_juan_lurigancho_02,358.8,fipYBkh8tE5mwqRcy6aIPo,https://scontent.flim26-1.fna.fbcdn.net/m1/v/t6/An85WBBPKeg3avpb0rvZuc5UxM2NTCnrneMrx1cpMBSbLnJFr5O_s3JtysPF_6GK3eV3_83AhnEmT9l6xpSQfTRZRusJTkiwgp0k_ZVnOQ3u9SdkJSjH3izrZIn6H6cad4-2IjREW6FLj4mSGtVa_g?stp=s1024x576&edm=AOnQwmMEAAAA&_nc_gid=GFW6ShPA_lkIqjcPauEWDQ&_nc_oc=AdpTvPOk-NOQcZXmayZxKrXzYADxy_wqErywzf79eI1FqoiQDvzVxjCC0PXzKZEVWHc&ccb=10-5&oh=00_AQJe6OUpr7-F9c4ee7edPQSkpwZDUDoOa40DI0JYygii3A&oe=6AC93031&_nc_sid=201bca,perspective,none,none,False,0.666,357
164785699714928,-77.005313454317,-11.992457845922,1676996574600,2023-02-21T16:22:54.600000Z,SAN JUAN DE LURIGANCHO,san_juan_lurigancho_02,358.53,fipYBkh8tE5mwqRcy6aIPo,https://scontent.flim26-1.fna.fbcdn.net/m1/v/t6/An8B6tMCrZpPkD3xMGI9yY_7OWTm2UYePrjKwwxhEIHwmeaZ_fmUMF-vW3XY9dM6vuXZPdHUXAIC9eX1O2z2dg9pCxLCy4e37-z9G4BIzwg8DdnZjHRmDq03fu86RSWpTkY28R2LLVS9DTZm_4U2cw?stp=s1024x576&edm=AOnQwmMEAAAA&_nc_gid=GFW6ShPA_lkIqjcPauEWDQ&_nc_oc=AdolAgFf7kM9QIXcXcTkFnK7L2snhQnWtLBa3YawD5ChZnXhvjwpj4ZRRsqUaX1JHmk&ccb=10-5&oh=00_AQJU3k5wKITOP-fTjWj497Cs0B9T45OsUrr73hwT8Dh7Ug&oe=6AC944CE&_nc_sid=201bca,perspective,none,none,False,0.679,449
216497017589129,-77.00531228316,-11.992153948185,1676996579600,2023-02-21T16:22:59.600000Z,SAN JUAN DE LURIGANCHO,san_juan_lurigancho_02,358.72,fipYBkh8tE5mwqRcy6aIPo,https://scontent.flim26-1.fna.fbcdn.net/m1/v/t6/An_s3dPd5L1AWfJKNk--Ndb29e0rP-KT5hfI-waUtDdS7u_w9GLUNUHjs2OYFKb3pY9z-x-K4QQFEnOO4g-c3GYp5TEh3lyXeAhH6w_-aUkcyRMw5glDeyDPWcsD0Qoa1cxpD2_75GxhFLGhvBeh1Qs?stp=s1024x576&edm=AOnQwmMEAAAA&_nc_gid=GFW6ShPA_lkIqjcPauEWDQ&_nc_oc=AdqIDc-Wxt5ffrLzCiQxJ7mmbZB6qJOppjOC22uhr4ULiTwqe1i5xTza6uyXAamXjdM&ccb=10-5&oh=00_AQLglT1e0pbalHZpTaUJJgnnZ-KEQP44kkwpD5UExGFrIA&oe=6AC95597&_nc_sid=201bca,perspective,none,none,False,0.674,350
742870050759485,-77.005781103413,-11.990210285772,1676931907600,2023-02-20T22:25:07.600000Z,SAN JUAN DE LURIGANCHO,san_juan_lurigancho_02,190.89,2AQYonfiBjHxrbWaV0qtEX,https://scontent.flim26-1.fna.fbcdn.net/m1/v/t6/An8nMpi60zW8MB0RuqCE-nKVfTuAWonJEoQc2fhwbrwvz4P5dTaPwz40vrv57VsTh_k0Mz9i59TrsRP_ujFRaRs6cSMUGGwzrbV8Cgicv8v0ZOHsVEjacrQtI3axpm6aS1O0qKm1aJAJF2WxR1uRRQ?stp=s1024x576&edm=AOnQwmMEAAAA&_nc_gid=GFW6ShPA_lkIqjcPauEWDQ&_nc_oc=AdrrsZyCXpJe-r1VkOWFfabnCHO8Th_Ad3q4vqmrh6g7ATYnFs3Q-p0QOBTPZ43ygHA&ccb=10-5&oh=00_AQJl24vAM4Gp8dWSfYTHpX1hL4ROsNGAFdpVu-fOt9nVzg&oe=6AC952AB&_nc_sid=201bca,perspective,none,none,False,0.756,236
516650622981620,-77.005251534796,-11.992071506147,1468273277000,2016-07-11T21:41:17Z,SAN JUAN DE LURIGANCHO,san_juan_lurigancho_02,359.35108782812,7kXgGilOgCEjx2gQ8BJiOw,https://scontent.flim26-1.fna.fbcdn.net/m1/v/t6/An_AR3VFbkKLIfMNOkoq6ophGEDf6vVhNysca_hkG0bxEyNeea3ZAwiz3dU1AooWYtsJzvP4pz7pC1Bn_fDtF57QWTHImV6frnzS4mVqcGB35wFwEqZY22FVbF8FjXOnQ1u5EaLh0YVJF1AASC6Mehw?stp=s1024x576&edm=AOnQwmMEAAAA&_nc_gid=GFW6ShPA_lkIqjcPauEWDQ&_nc_oc=Adoei82pm76rzNU7bsDj0ftjz2kE77jfk9VgEhUV4D2b8-JRXMKINBMr0iwn-dopHIA&ccb=10-5&oh=00_AQI6hhaIDDQk8YmhrxhI3UbpaguY-OneCEZt-M-Idt0CsQ&oe=6AC9643E&_nc_sid=201bca,perspective,GARMIN,VIRB-ELITE,False,0.539,0
752337708798362,-77.005306383701,-11.992307543464,1468273274000,2016-07-11T21:41:14Z,SAN JUAN DE LURIGANCHO,san_juan_lurigancho_02,265.40172951637,G6VgWtmTqZj8vE_bS8t0rA,https://scontent.flim26-1.fna.fbcdn.net/m1/v/t6/An-yL6i-rSJHSOs0JWACwpNO-Pu5T-dKKU2PjOx3QZTUcPZ8kYV9HLcn7XHDLhgOlj2n0W8gvnH6va3rBKg3J7_yNGRMpVjAdhEy-Rx0a1XgQqBGznZnn0NMfbH51qFWhH_B0V2lK1SrpAj2HoesETA?stp=s1024x576&edm=AOnQwmMEAAAA&_nc_gid=GFW6ShPA_lkIqjcPauEWDQ&_nc_oc=AdoO6VQkHH8n7LPH3t93aZ2fIiyjYs9haku4Toe0SYezh4ZEY7RDw7_kngvUBN3Yp64&ccb=10-5&oh=00_AQLQLW6HweC1RJwb0EQUI6XiyZyaIv4kj6Kodo__Jj_u-w&oe=6AC93C5D&_nc_sid=201bca,perspective,GARMIN,VIRB-ELITE,False,0.605,0
3058135637786046,-77.005195606006,-11.992119250651,1644101652554,2022-02-05T22:54:12.554000Z,SAN JUAN DE LURIGANCHO,san_juan_lurigancho_02,356.95776367188,0DzeQdUqgk4VxBrST1wRuf,https://scontent.flim26-1.fna.fbcdn.net/m1/v/t6/An_spUBi5r-PnYrBNyp2tOTTPKnxt8fOrg70UpqbIx8AC1iHIuYhlGdEz1ZdzZL-9Yu-D1VLJAqOX9HKEGAGx8PBgF0xGhIOC_fd2SNAL5Dt3Qsql7tV-kyI16Ty5TjeaLwQOMf1_Ke_eK1ZdJIDWIM?stp=s1024x576&edm=AOnQwmMEAAAA&_nc_gid=GFW6ShPA_lkIqjcPauEWDQ&_nc_oc=Adpzm6frzDDuLzoCgFOWPjsF4cozEGjDpu2OZeYFzsMy9MbnYP9RWJsEaZO_ZAzZ-c0&ccb=10-5&oh=00_AQLOVo_egliDYLsSavOUqFNrfSyb5rGxrhjZvyTmauyJgA&oe=6AC94B26&_nc_sid=201bca,perspective,Xiaomi,Redmi 8A,False,0.274,184
199953215970404,-77.005200814082,-11.992040417336,1676996580800,2023-02-21T16:23:00.800000Z,SAN JUAN DE LURIGANCHO,san_juan_lurigancho_02,88.17,ZcPp1szQIv30wjGNVh952H,https://scontent.flim26-1.fna.fbcdn.net/m1/v/t6/An-INDcU5LcAeCB4rvPQfhfJHhG9neulzpDBT4PJ-07ka9rygsOmt9o5cX16rf7zs8DFhhNo-fPpzAl_iykb-7Zd0zscJCQbDSF5wIv1R6Jzv2_IRokLh-KTo56C7LXDc2NIIOcEN3x8eimQGV4OZQ?stp=s1024x576&edm=AOnQwmMEAAAA&_nc_gid=GFW6ShPA_lkIqjcPauEWDQ&_nc_oc=Adoae9uTheXSR4-iXAekyuBGGM-Va2XzXzt0LwYSTlWp3gNwlP83Yc3AVnKKiqOgwJk&ccb=10-5&oh=00_AQISlaPI8x_J19GEy_nYq4BeXDhpHJ4Kr0U-1bLF9UD4YA&oe=6AC944E5&_nc_sid=201bca,perspective,none,none,False,0.646,168
1860877867645422,-77.005300074459,-11.992237197562,1676996578000,2023-02-21T16:22:58Z,SAN JUAN DE LURIGANCHO,san_juan_lurigancho_02,89.39,ZcPp1szQIv30wjGNVh952H,https://scontent.flim26-1.fna.fbcdn.net/m1/v/t6/An8oJHecbaER-9zIUQPRyQGxl_BmYTLvhhUyr2jmV2rnu9FeY1vEsNf0QuyVmIJ3JMEu1s9Br9cgVaYhEiATarSRd5Ib3IRALeDqDjM7OXaW20xJm4V2VKubU_oP0qIdyFqBXXTaFcjjmVDz750QQw?stp=s1024x576&edm=AOnQwmMEAAAA&_nc_gid=GFW6ShPA_lkIqjcPauEWDQ&_nc_oc=AdqtZsrJ0dWBZhHSfYNWDiyqj1MVMCu3AVOIlLNphd6KZO1JdHr9zHvmmC7h7tODdIE&ccb=10-5&oh=00_AQLTQemfcUi4jkvCMqh677cy9smooBKLWYQfeO_t9JkBRw&oe=6AC94140&_nc_sid=201bca,perspective,none,none,False,0.697,315
488782059141560,-77.005249612788,-11.992504467086,1468273271000,2016-07-11T21:41:11Z,SAN JUAN DE LURIGANCHO,san_juan_lurigancho_02,354.3804250353,7kXgGilOgCEjx2gQ8BJiOw,https://scontent.flim26-1.fna.fbcdn.net/m1/v/t6/An8C9yUgxA5Cin8kmwYawrNSmU50Qm-QPEvx2hTSnYr_wrO0v03IK3r8s1mJo8f-0WxsnaOXGLgiYjRd6HUUGVx56jRaPGFVv5ZHSjQ4ZBP1qh8a4b3fj7uecKgMiR6IXIjshSvkdZrCGaf18_mdT-E?stp=s1024x576&edm=AOnQwmMEAAAA&_nc_gid=GFW6ShPA_lkIqjcPauEWDQ&_nc_oc=Ado-y7fVEYv-gGJNxKx0cqAJEbPJRCjkobW22bQf6BMenxEMnrgMt4HYhjXz4LhKs7U&ccb=10-5&oh=00_AQKLnuNMSyaCBVithD_MK8Eo9FiiKnp7_yVteQa3sSna9g&oe=6AC94433&_nc_sid=201bca,perspective,GARMIN,VIRB-ELITE,False,0.529,1
213545131339964,-77.0051649064,-11.992117546786,1676996579800,2023-02-21T16:22:59.800000Z,SAN JUAN DE LURIGANCHO,san_juan_lurigancho_02,87.92,ZcPp1szQIv30wjGNVh952H,https://scontent.flim26-1.fna.fbcdn.net/m1/v/t6/An8mN9vo3HafhAMcLNzg8pNiE5fSTTr3TQf33ksxL6Vlov3PoTYZ78VJYiBB3vYC-NoBXmnjKFY8xoQgTHcdAgv8XB-O__y8ap7Wb2hGZEFZH5ilb_9vCOcp7Ma7JKDRPkIKinxZZTiZk59houYiSg?stp=s1024x576&edm=AOnQwmMEAAAA&_nc_gid=GFW6ShPA_lkIqjcPauEWDQ&_nc_oc=Adp7ZQyj01FkfXk724xDchM6tMwwXcgPeAQZV1QGlrzuNKLtgTwT4wXf8CEm7ZCB9uc&ccb=10-5&oh=00_AQLSHFb8poDmBsti_keVnAr3y-y49H3idF60kFj_mQBkRw&oe=6AC95040&_nc_sid=201bca,perspective,none,none,False,0.659,141
5571326566276078,-77.005298973207,-11.992453966671,1468273272000,2016-07-11T21:41:12Z,SAN JUAN DE LURIGANCHO,san_juan_lurigancho_02,265.96218915345,G6VgWtmTqZj8vE_bS8t0rA,https://scontent.flim26-1.fna.fbcdn.net/m1/v/t6/An9o4JnSBHvt1Ff2h19POIsKSd3W2BrFBbfnF2fBkOFCU2jJhdoCEHDR-mEcnSmTZiVJTjuYIpv5CnytYTACF3ldv1JXvzXU0a9MwtVfj6xIjnsJm-5EcJAAWk-uvddgsbXS8IptFNjcSixAxF_YPQ?stp=s1024x576&edm=AOnQwmMEAAAA&_nc_gid=GFW6ShPA_lkIqjcPauEWDQ&_nc_oc=AdprlxX_TJYbV8GA3sr5x1IZ8XYz0Gpdxbme9PIyxYj6tZWV3v9gVv2GVrDnK_qwks8&ccb=10-5&oh=00_AQI_WX-4WErmSlTQGSndDOWjW1xk62yZtTT1XBp1o9Jg0Q&oe=6AC956C1&_nc_sid=201bca,perspective,GARMIN,VIRB-ELITE,False,0.651,0
595265242480607,-77.005313293867,-11.992383142705,1676996576000,2023-02-21T16:22:56Z,SAN JUAN DE LURIGANCHO,san_juan_lurigancho_02,356.89,fipYBkh8tE5mwqRcy6aIPo,https://scontent.flim26-1.fna.fbcdn.net/m1/v/t6/An9OgnDuKI2FcRboZgXxScBb_7pySk2832W3JLeYqGpUcpcKQ9RG7PXQ8rVDzDrShyHc5u4A_M4O8KWZr2Un6QjDTOVYMOLGW9IeizBzV4BWflQAcLswxY4iT-GC6Zh7iJ_0cMdhUFg6R-YBcBrxTQ?stp=s1024x576&edm=AOnQwmMEAAAA&_nc_gid=GFW6ShPA_lkIqjcPauEWDQ&_nc_oc=AdrPOa4-2lh-7DTdlGG0InGZbRsjFoamyqLxxV2XKpBLUJtuKZcWPZz-z3jrFehybyA&ccb=10-5&oh=00_AQKpdGMk6VbQoCVHDeHKJ0lt0G0Ws8kdHbEPdTtiB1iOYw&oe=6AC93543&_nc_sid=201bca,perspective,none,none,False,0.692,398
1329281151187509,-77.005311234802,-11.991950844464,1676996582000,2023-02-21T16:23:02Z,SAN JUAN DE LURIGANCHO,san_juan_lurigancho_02,0.08,fipYBkh8tE5mwqRcy6aIPo,https://scontent.flim26-1.fna.fbcdn.net/m1/v/t6/An8I9AejDOFmJf2d7JvveEqefOGWCFpv8YrJvd1mAyQjDW0w92iIo-lFIKf7eIjvLTv_JbfzB46yhX-slED1SwBV7xS-5JzYiptffOwijeaGDkBSqWjX1gbwYlBu4h3bPuUVF7NGXmzK0xVmopssMOw?stp=s1024x576&edm=AOnQwmMEAAAA&_nc_gid=GFW6ShPA_lkIqjcPauEWDQ&_nc_oc=AdoPRKMMVz5aGCHkLHK2j-K-T2FvcHHGo7e49JcexnNMTn1_jZugssPAFFT4RBwTnUw&ccb=10-5&oh=00_AQKLeCnNnfmTCUBtcpi3HL58EFEHwkd2qMNmZ1_p8VvsaQ&oe=6AC95460&_nc_sid=201bca,perspective,none,none,False,0.686,397
488154009049720,-77.005081680435,-11.992571225163,1468273270000,2016-07-11T21:41:10Z,SAN JUAN DE LURIGANCHO,san_juan_lurigancho_02,90.61214501095,IpqPcfnlcqcQxIooA2VZ8Q,https://scontent.flim26-1.fna.fbcdn.net/m1/v/t6/An9d0rZW1SklNuhw6524c0Y3hIJ42L7wkHhZHfBAhByoiKf0Sk2c_YD-mzctmZKoizN4bz4ckNDyizE4zWQ9CDxwKVMIKagtfAIibBCSvB5oKDriosl-gO-wwVOvo_avo4Jo3vnzNBipl7Ja4p8Pqf0?stp=s1024x576&edm=AOnQwmMEAAAA&_nc_gid=GFW6ShPA_lkIqjcPauEWDQ&_nc_oc=AdolTm-rmKrpntlgkAgEIpvwTuCkILBhe-9MqJUQV4oTWWmpGNJdVSsNK7H8pulHpPc&ccb=10-5&oh=00_AQIRzKY9UCPZ1uIhQX0ROWo5x_SwLDf45uNhugVOUGO3lg&oe=6AC93B12&_nc_sid=201bca,perspective,GARMIN,VIRB-ELITE,False,0.58,0
677247570397344,-77.005194971787,-11.992324505114,1644101649760,2022-02-05T22:54:09.760000Z,SAN JUAN DE LURIGANCHO,san_juan_lurigancho_02,4.2977905273438,0DzeQdUqgk4VxBrST1wRuf,https://scontent.flim26-1.fna.fbcdn.net/m1/v/t6/An8nhxdBrVraGiKlsQ0c0PriSyE3cm9PnbEgRrX2ecy81GxzQlWJ8jxRSJyPGUiT6AIc1GroquRyzMmwG5QhIBa1-60Vp5oXgZhxdEnd0wnC-YH1BpnLXQ1NhWXY8SMBPksesSf-vk8I0OGkE60FJA?stp=s1024x576&edm=AOnQwmMEAAAA&_nc_gid=GFW6ShPA_lkIqjcPauEWDQ&_nc_oc=AdrhIc_K7VdGLn3XS0Wt35eANml3lwqfGRD6xgtmuwzd5Uq0hkwXQql8mkmxkK5bRnE&ccb=10-5&oh=00_AQIIuGY4SNvWtErMhnR1VdB0ubiR_aBGw9WtIk5f2v7DmA&oe=6AC93754&_nc_sid=201bca,perspective,Xiaomi,Redmi 8A,False,0.262,95
623110028914247,-77.005190977928,-11.992265832685,1644101650605,2022-02-05T22:54:10.605000Z,SAN JUAN DE LURIGANCHO,san_juan_lurigancho_02,3.4306640625,0DzeQdUqgk4VxBrST1wRuf,https://scontent.flim26-1.fna.fbcdn.net/m1/v/t6/An-_Mz_K3ttATV8rcHVXPQnwW97OZMQWHTS8m_L5IcKk8afHUfa5psjtiY6cjzWwaHvQ4dvxyav7Y9yGiD2JWoaXpLqgM9FHI7iuUxTonU2WOdBT1GQ1m5RgEqOV4MXcLx3jizL0Iq0zeXoCTBJyBwI?stp=s1024x576&edm=AOnQwmMEAAAA&_nc_gid=GFW6ShPA_lkIqjcPauEWDQ&_nc_oc=AdoJ3DtjrL6eNkMq0FlbMvzDn-QtENoQbjumWcW9TA-NX6fzgvIkhVhOm3XfLtir1LM&ccb=10-5&oh=00_AQIdwrc-LWe1EbnjrTZcxAUYa4vDfwhcTSC8IEm-WXA1tA&oe=6AC94DA6&_nc_sid=201bca,perspective,Xiaomi,Redmi 8A,False,0.474,242
597269048587237,-77.005291764558,-11.992778853277,1676978574000,2023-02-21T11:22:54Z,SAN JUAN DE LURIGANCHO,san_juan_lurigancho_02,357.5730682998,Mn8dv6sXxbrlT7gICmqaZ3,https://scontent.flim26-1.fna.fbcdn.net/m1/v/t6/An_7UbEFc1tjoxs-hYCGXYtQSwU6vAG_xG252xkhVpG80Uh_NtyKX39OW5hO6UzmENXLORlwEGWH3yQBabI_xeZ243MGU_YfiMelAmHfmffVR8GWBVI5FFUnvTEo--FsknZjFSX_yK3yzc-hJmFycQ?stp=s1024x512&edm=AOnQwmMEAAAA&_nc_gid=GFW6ShPA_lkIqjcPauEWDQ&_nc_oc=Adr3SBXdsT_3Jqq1cy8Wx2zQue_tUOA9kbMRNvoGu2hOnIFWryc2Nsh7XZKapYlgJ7Y&ccb=10-5&oh=00_AQJDadyJOeab3_o4scHQWhz84hZaxcjWPKbpA6aUBfBgYw&oe=6AC95CB2&_nc_sid=201bca,spherical,GoPro,GoPro Max,True,0.888,770
4590057137675286,-77.005256792376,-11.992051690052,1468273277000,2016-07-11T21:41:17Z,SAN JUAN DE LURIGANCHO,san_juan_lurigancho_02,88.84218115447,IpqPcfnlcqcQxIooA2VZ8Q,https://scontent.flim26-1.fna.fbcdn.net/m1/v/t6/An-iukkMMN-eGBvdKLKw1oSVQVAxhk7u1swHOk8J8TXtukFE88Yq6hEhlTim3c_R0XAkIy_VhUEqp9sSQERgx7FehULoHOGX4GURaiBVLXUmkFXztM85JEJDO7QSjIDfC7pGFb1qk450Nh3snd-MIvk?stp=s1024x576&edm=AOnQwmMEAAAA&_nc_gid=GFW6ShPA_lkIqjcPauEWDQ&_nc_oc=AdqNcz8OnokCkGc-Ju42j0xN9vqJo_Z8odl043qrhmD6SIVWlslICxTzO6PbG83CnG0&ccb=10-5&oh=00_AQKbMG2Ao6_CBSgU8GgcjxYjkwNWrlj1r0GTsfLgD-BvpA&oe=6AC945BE&_nc_sid=201bca,perspective,GARMIN,VIRB-ELITE,False,0.663,1
742274524132465,-77.00531315387,-11.992507040935,1676996573600,2023-02-21T16:22:53.600000Z,SAN JUAN DE LURIGANCHO,san_juan_lurigancho_02,358.11,fipYBkh8tE5mwqRcy6aIPo,https://scontent.flim26-1.fna.fbcdn.net/m1/v/t6/An-9dy2uLVONuJ28d2fdcikhHQs38HbxK91oxQ0THpZLVb7hTd_HMKsjns6zbg-XAeQzcx-paJOe9zDBzeOh1EpteAQlbUCitEFhMbB83Mv6XwSJokJ_BXAa9hi614gd-2eXFoeamgKGrOSMo9QVFA?stp=s1024x576&edm=AOnQwmMEAAAA&_nc_gid=GFW6ShPA_lkIqjcPauEWDQ&_nc_oc=Adpld81Gx8TSr1hfFurgsxweT7laT3cILccvXcrxxTp9sXU-n5INvZg5U62vWcQO2jA&ccb=10-5&oh=00_AQLBUCbcF0AQzTuniaTLq0WZ83DkSC4CUFXyk9ZTmFZ09w&oe=6AC9471E&_nc_sid=201bca,perspective,none,none,False,0.687,434
210232474021615,-77.00524909613,-11.992201443762,1468273275000,2016-07-11T21:41:15Z,SAN JUAN DE LURIGANCHO,san_juan_lurigancho_02,87.486298678604,IpqPcfnlcqcQxIooA2VZ8Q,https://scontent.flim26-1.fna.fbcdn.net/m1/v/t6/An-iazAMZdwZS1YBGwVadOB6Y2Z0hCMjJcYChK8Px3UXpalTCq6PGZgKHP4jKkYLeG3vtduFaT7aWiZ370OEo3tB-YHhXYNETcFBiXW1viTNHhIGG7fVr_eAok_lWx6uonW4BvQehOOkfzgWqswr6w?stp=s1024x576&edm=AOnQwmMEAAAA&_nc_gid=GFW6ShPA_lkIqjcPauEWDQ&_nc_oc=AdoZOFkwyzG0A7Rj5bGcQwumBsuE1aJI1Hk9mnWOoHoYMs6CF5LJxxiCGGnPKwavaZM&ccb=10-5&oh=00_AQK8gQz2mIW9gvfz2GP17Vg79CETwbBy8eWib7AZ1A1Bgg&oe=6AC94014&_nc_sid=201bca,perspective,GARMIN,VIRB-ELITE,False,0.652,0
282736773925834,-77.005200719641,-11.992032823928,1644101653657,2022-02-05T22:54:13.657000Z,SAN JUAN DE LURIGANCHO,san_juan_lurigancho_02,356.30166625977,0DzeQdUqgk4VxBrST1wRuf,https://scontent.flim26-1.fna.fbcdn.net/m1/v/t6/An8rIzJCFenTdFcTcrDcjst5JAG29eZ7p8MnDWThaCU3lgLucaaF1KrVthaYR1TItVwtOQ_JuIA0tI1r433pBKBSdhsprVCo8GLQvOMhDAa5-VKAMfujLwtBdo2X8TeT40-nSbILTb87ihltpsE1nC8?stp=s1024x576&edm=AOnQwmMEAAAA&_nc_gid=GFW6ShPA_lkIqjcPauEWDQ&_nc_oc=Adpt77oB03fdpzxXvgB-LqW-Nmf33EHDaz52LSxYV9SuTX-a9uePMCnQxeIH6fDl33U&ccb=10-5&oh=00_AQKKD10EctaSPq2uiPCyDRU9fTUOXEFfiBxAcazGRBBlkA&oe=6AC941D6&_nc_sid=201bca,perspective,Xiaomi,Redmi 8A,False,0.087,62
497733541263215,-77.005250206151,-11.992707742768,1468273268000,2016-07-11T21:41:08Z,SAN JUAN DE LURIGANCHO,san_juan_lurigancho_02,0.065234201132228,7kXgGilOgCEjx2gQ8BJiOw,https://scontent.flim26-1.fna.fbcdn.net/m1/v/t6/An9KULPcfU-wdZt9orrraxkkdHJp3odjU3YkjUrQ8yTWFBnDGJXGpMNyWcTbZtl0WgZodM4XOOXfu4eLlraAAPB-Es-VJ-wyYcKQ7TUKDbILNd_wPVLU27C8JNSc6s58-SyyrQ1udQ_OWB3sUBDFAw?stp=s1024x576&edm=AOnQwmMEAAAA&_nc_gid=GFW6ShPA_lkIqjcPauEWDQ&_nc_oc=AdqYg81OKMO__zYzrlBwDBEmIuv3oPqSImWloUoXe8M7oCRFKRvAVtfTcLqMuo29uMw&ccb=10-5&oh=00_AQJdke1WgARx3gqkO5Xzo2r-zP285UdTo61aPtqka2On9g&oe=6AC9595E&_nc_sid=201bca,perspective,GARMIN,VIRB-ELITE,False,0.5,0
514601726236612,-77.00524890066,-11.992128541715,1468273276000,2016-07-11T21:41:16Z,SAN JUAN DE LURIGANCHO,san_juan_lurigancho_02,88.60523412098,IpqPcfnlcqcQxIooA2VZ8Q,https://scontent.flim26-1.fna.fbcdn.net/m1/v/t6/An_hCCZksAkuTWv4PBUL4PQkbkP00PHfX2JVdFhLPZY1q-DUv6eSQZAOI9yAplL02FHfT8bLytIr0XH1t3lPEQdM39YVwktMG3OVnQauxATyUI8Ji8awmzEQDtwHND6EKl5r8QpAvNv1x6d5BRi-ow?stp=s1024x576&edm=AOnQwmMEAAAA&_nc_gid=GFW6ShPA_lkIqjcPauEWDQ&_nc_oc=AdqC43TL3lAW93PluIOi1HV6TV72Hc4es9_yKJZ9IYRtHRwHySlq2oY6lroiHe-nd7U&ccb=10-5&oh=00_AQJN5GtDs0LS415RyV7bVXirFP7prr4i577ZtGx1tnwgwg&oe=6AC9507E&_nc_sid=201bca,perspective,GARMIN,VIRB-ELITE,False,0.695,0
209381628348721,-77.005245920275,-11.991876638635,1676996582600,2023-02-21T16:23:02.600000Z,SAN JUAN DE LURIGANCHO,san_juan_lurigancho_02,88.95,ZcPp1szQIv30wjGNVh952H,https://scontent.flim26-1.fna.fbcdn.net/m1/v/t6/An8IxmO1y0m0FKWSjqGX6Q8aIgYvITn-7MYiw4pCePmWWxbmn9fRi-rdmuvPU324z7jUWZDiRMXLC88vew5U8JChf0gm2eM9axFZW0H-LhAeSfbKNGRjSjEqAS8ILFOB2UP3AYeK9qr9O6m9UOLbOZI?stp=s1024x576&edm=AOnQwmMEAAAA&_nc_gid=GFW6ShPA_lkIqjcPauEWDQ&_nc_oc=AdqOIvUxxYCD7eIGLITK8TBMLPfQtu2Zqp2LN0IG2k9RnlETNbhZjkR-PMxBU6hezLo&ccb=10-5&oh=00_AQJC_HzPt4UUWocFb66STZVLXlfmvweq6tYKXGXCc43sVw&oe=6AC94E50&_nc_sid=201bca,perspective,none,none,False,0.622,153
723472625925758,-77.005313142235,-11.992294658865,1676996577800,2023-02-21T16:22:57.800000Z,SAN JUAN DE LURIGANCHO,san_juan_lurigancho_02,358.97,fipYBkh8tE5mwqRcy6aIPo,https://scontent.flim26-1.fna.fbcdn.net/m1/v/t6/An9EiTgZlAIyO2k1_BJA8I8V9kud41t9L55SgBeplyMEI9DrzjhdiubEtLK-uh7xsN69455Bmf2L7RFzeDDLypm2QqOZzEODR5DSHWWRV9iXu-oT_LldOvWtVwJbScnd363yc6tQHH-r6cWFIVyByT8?stp=s1024x576&edm=AOnQwmMEAAAA&_nc_gid=GFW6ShPA_lkIqjcPauEWDQ&_nc_oc=Adq5uusFBGrtVZQ_xGTJroc_JMufTmzlogBgx79warYdTbwbw0ANtCkUl6JZYYQiIxM&ccb=10-5&oh=00_AQKi-fZMBnUgLWiN2bapbbaBOrTRzLWKqD9D4Y8sRMzB4Q&oe=6AC95D51&_nc_sid=201bca,perspective,none,none,False,0.695,400
170155489143296,-77.006194961384,-11.989999346086,1676931904800,2023-02-20T22:25:04.800000Z,SAN JUAN DE LURIGANCHO,san_juan_lurigancho_02,183.4,2AQYonfiBjHxrbWaV0qtEX,https://scontent.flim26-1.fna.fbcdn.net/m1/v/t6/An_5qoPk5qqfUZObacpKlHygyd5HHiVknQp0z0eToJX8NbcgzrXtQclTzqpXBsIfyIWRQakXHww3K0_vdetzRWO5AX27NeTsnyLt2RZ9Kl1AZ7Kq6ic3LIxBKArp8eKewYXVZome-pDD0MFb19iEqA?stp=s1024x576&edm=AOnQwmMEAAAA&_nc_gid=GFW6ShPA_lkIqjcPauEWDQ&_nc_oc=AdqsI9seq2rGtfyw6g7j2kTbcR7k7ghXEtuBCHHhhYyQ94EuBMChPYF0Vl5o90UBpzM&ccb=10-5&oh=00_AQLnEN4-pcPKY9RFR4WKuRXHfGv53nLBHlr36Amcx6aInw&oe=6AC956D6&_nc_sid=201bca,perspective,none,none,False,0.676,176
1375607176341615,-77.005258684739,-11.9927982836,1676995768800,2023-02-21T16:09:28.800000Z,SAN JUAN DE LURIGANCHO,san_juan_lurigancho_02,84.34,URmXydHo2BxYI1vr4G9SJZ,https://scontent.flim26-1.fna.fbcdn.net/m1/v/t6/An-PeVYbT8nqtE8JpnNCUewxVN2A2UoTfWnicPGkJcUjbSltda1xPWI4YqiPz2o6ZwmN9u0clNnmhHwe6f91q8J6-qk07jO3nb6ttoTe_FGpkoLbYFR6xs8VCFXEq1tQ4YKx4yyHIX6nkQu51n6jzYI?stp=s1024x576&edm=AOnQwmMEAAAA&_nc_gid=GFW6ShPA_lkIqjcPauEWDQ&_nc_oc=AdodQq28l2hqdSeobddy66D4Yqy1BozfDGG5QI_aVonVGTqkZv9h5kvj3zGs7YATm2o&ccb=10-5&oh=00_AQJW1A3q_oZl9WK2D2C8gMWbs43KMWNQGf8ugEQvSq2H8Q&oe=6AC93FF2&_nc_sid=201bca,perspective,none,none,False,0.581,500
594717942532131,-77.005313345065,-11.992481562945,1676996574000,2023-02-21T16:22:54Z,SAN JUAN DE LURIGANCHO,san_juan_lurigancho_02,357.39,fipYBkh8tE5mwqRcy6aIPo,https://scontent.flim26-1.fna.fbcdn.net/m1/v/t6/An96jI_kDWXaw_AnjQ6brEFoJs_rmz1w3lziFC9yjf0FF-W9_8vLubbvNGtO-AYdllwGi_4yLApCyuOEsbxO4of_FzOOtgDyBF4shAb9JQ5iJg14HBiGiOshZ3F1QthoAKr13uvP4BpU9KFmNqrTsQ?stp=s1024x576&edm=AOnQwmMEAAAA&_nc_gid=GFW6ShPA_lkIqjcPauEWDQ&_nc_oc=Adr6e8Ro9gWOHeo6Fl-1UGTck8YhrFDXff4o7Y6jIK2pTUu1WizwIMnd5alq4dgWyLA&ccb=10-5&oh=00_AQKsj0K4TBEJNNiZEEHMXpVSIfGyZnruyPf6Jnqo_ppTdA&oe=6AC9611A&_nc_sid=201bca,perspective,none,none,False,0.676,493
469261094338664,-77.005251089244,-11.992364539054,1468273273000,2016-07-11T21:41:13Z,SAN JUAN DE LURIGANCHO,san_juan_lurigancho_02,357.47651066055,7kXgGilOgCEjx2gQ8BJiOw,https://scontent.flim26-1.fna.fbcdn.net/m1/v/t6/An9nR5mbVv72vqv3RG6wxackIdZ5CRYPtTEHjnrjkpry4MTV9sHz_Qj1s4dngvKXPnO1ttD364byUpEU3uQ50avC2roi9GLUFQdHkvqlAaW-oiCyIFXm46h_kzNY_YSJXGCxFqxUym0xV0PM1J1kpQ?stp=s1024x576&edm=AOnQwmMEAAAA&_nc_gid=GFW6ShPA_lkIqjcPauEWDQ&_nc_oc=AdqCNKYDx_VPhgAn3xEvW9Ob9e62hW1zmMLuK9-adAq1eb5Ah-J7OoMv-c7ON4B05tc&ccb=10-5&oh=00_AQIwCtVNPUCCPZCqks8vusarSnTAd7_r5Wm0c_aq2qUV0w&oe=6AC9497A&_nc_sid=201bca,perspective,GARMIN,VIRB-ELITE,False,0.521,2
603439097925240,-77.005312897263,-11.992262493015,1676996578000,2023-02-21T16:22:58Z,SAN JUAN DE LURIGANCHO,san_juan_lurigancho_02,358.67,fipYBkh8tE5mwqRcy6aIPo,https://scontent.flim26-1.fna.fbcdn.net/m1/v/t6/An_Dmx3SjZqDIXAF_5qyBBDdgAwp4BP0HQ9lNoTGxQrWnJJgKObj-oaq4SiQi8gvPvkgB-KjxM-La4JK4Xf0Z0mKUW_RLXAMbvN83mgALf1cN-JLCWJHc807hFIApk8qetAbxWEAP4VKXvO1U6iJiA?stp=s1024x576&edm=AOnQwmMEAAAA&_nc_gid=GFW6ShPA_lkIqjcPauEWDQ&_nc_oc=Adq149iVX5HJ6wVjgXLCX_mSzc59MJC2O60Bu9NkDaRp0mV-B-YGgGXJiqCL-ik3NSY&ccb=10-5&oh=00_AQLY6TLz5_WfKmB40aYVpwf_R8NXr-8ZQbLPAglufQoYEQ&oe=6AC93A7A&_nc_sid=201bca,perspective,none,none,False,0.65,361
422345745784678,-77.00531809912,-11.992077615679,1468273277000,2016-07-11T21:41:17Z,SAN JUAN DE LURIGANCHO,san_juan_lurigancho_02,268.94600315752,G6VgWtmTqZj8vE_bS8t0rA,https://scontent.flim26-1.fna.fbcdn.net/m1/v/t6/An8iVyXS287S9WIyEk5-zOukwwSc_t-CN-TLHAxYd8GWqbAA4nQRsPLhBQWAU625YVJCn9DbXtV7yuxsvEex-2vW0uJSb2tcrAJst0hddD3pzQi3R8l4SGTqrDKd3TYIfLWtR9mDBopqztMimCwOeg?stp=s1024x576&edm=AOnQwmMEAAAA&_nc_gid=GFW6ShPA_lkIqjcPauEWDQ&_nc_oc=AdoWbKTT8BGTEpKrypIdzSeP6jUDErITMBu_AJ7R97ppldcjrVTB33u7hQBMii-o6rw&ccb=10-5&oh=00_AQIZNM4l1VwQQhway0Jp7dz3CDPAw5IyHM3ZRyBT89VfRg&oe=6AC961AA&_nc_sid=201bca,perspective,GARMIN,VIRB-ELITE,False,0.491,0
726774432455438,-77.005323948959,-11.992493220152,1676996573800,2023-02-21T16:22:53.800000Z,SAN JUAN DE LURIGANCHO,san_juan_lurigancho_02,87.16,ZcPp1szQIv30wjGNVh952H,https://scontent.flim26-1.fna.fbcdn.net/m1/v/t6/An8CZNlnttl8vePCk2C0TnlEIZ7GFYzF08ofdFd6Nd4qKAUBl-I6dG03gFZNXJXXrjUYnn55xN6RWy1iAp7oHyUG2NSjEre_NH4b7Vdg5KHlAyRvOrRK_0JStK6p1zqE9L36xQyIOabgfnEsxZO3Fg?stp=s1024x576&edm=AOnQwmMEAAAA&_nc_gid=GFW6ShPA_lkIqjcPauEWDQ&_nc_oc=AdorgTQc7a10mY0n6oSeM1sPLlKZ3zRDhLnpt2dSShbhFgpHpKrTrxBDkPKr-uCb5es&ccb=10-5&oh=00_AQKDMZ9R1iHMvqDRW8i9SU0htpca-A3W2-ItHPYvLdbd6A&oe=6AC93F84&_nc_sid=201bca,perspective,none,none,False,0.577,246
533418847820416,-77.005250175889,-11.992572194161,1468273270000,2016-07-11T21:41:10Z,SAN JUAN DE LURIGANCHO,san_juan_lurigancho_02,353.76008570305,7kXgGilOgCEjx2gQ8BJiOw,https://scontent.flim26-1.fna.fbcdn.net/m1/v/t6/An-genpuqKkKcbQQOJTyKQQnCkhHIbWYoLzr5nGirBwB55n9VIJuGGFZ015ythnACn0YEuFGqZ6xbttKpi9EKK2FCopobljhs23mKJ8ITEc7pykrAfF9RERV9L6QRn7bJNmsO8xQZS271Fgns5g5Bw?stp=s1024x576&edm=AOnQwmMEAAAA&_nc_gid=GFW6ShPA_lkIqjcPauEWDQ&_nc_oc=AdrbuWB9AnERcbdPfNcvIDEPNCu7eJqX4DZCuEb9u2glmg5FHnVLIOTYMcbyX6Qn2FM&ccb=10-5&oh=00_AQIox8Ylb-iy4UdIw8EGIkBenvwrYv1xdYeA7SMdtilUCg&oe=6AC93FE2&_nc_sid=201bca,perspective,GARMIN,VIRB-ELITE,False,0.604,2
3707374552823186,-77.005313127542,-11.992355030754,1676996576600,2023-02-21T16:22:56.600000Z,SAN JUAN DE LURIGANCHO,san_juan_lurigancho_02,356.88,fipYBkh8tE5mwqRcy6aIPo,https://scontent.flim26-1.fna.fbcdn.net/m1/v/t6/An808TSbY50is3osNvtWc4iyLMLKU_WfTomh__KmdKspZW3X6HGUMMZbCvzUNROjJ-foqVkTTWtRyPxzLwo7b9QXw4g7P76hHTm599kunJr4fAaWT1BXGdoiyeRcLlvQmmHXRohDcYw-0wLqPCSLvQ?stp=s1024x576&edm=AOnQwmMEAAAA&_nc_gid=GFW6ShPA_lkIqjcPauEWDQ&_nc_oc=Adou3uFBAuzR-BL1PgIcWqapuofJItyMMMHDuTt31oPywHNim3WjTp0BuP0ClgxSLok&ccb=10-5&oh=00_AQI8-KlpdHVWv3isQrvWIJgVWRP_eABbbqjeqWls2oZSng&oe=6AC93CD0&_nc_sid=201bca,perspective,none,none,False,0.705,409
744094134095578,-77.005313330821,-11.992409490889,1676996575600,2023-02-21T16:22:55.600000Z,SAN JUAN DE LURIGANCHO,san_juan_lurigancho_02,356.92,fipYBkh8tE5mwqRcy6aIPo,https://scontent.flim26-1.fna.fbcdn.net/m1/v/t6/An_s4rR6sUjjyLZTQOExVO0wanwUVNTuhVswNXy1PypZOMs4XxnIhaqcL6uCxxfoxAXMtg8BzpJXSVI0q7-UjnB4bk-JFHskF857gPOHgtxjSAgpGnDRH7dUz2ra-hnteJwHthMFZ7pIVJ7xF7R70g?stp=s1024x576&edm=AOnQwmMEAAAA&_nc_gid=GFW6ShPA_lkIqjcPauEWDQ&_nc_oc=Adp2BoWancPZ-9o9nQQV7tkhEvO1vnUKOrlZnX1OhP-UwrdtdbkHhNL0jVIToqH6sj4&ccb=10-5&oh=00_AQJF4YheFzKWGwqfFoU8BGuPlz1XB_69G_xWTRxhrTEadA&oe=6AC963F8&_nc_sid=201bca,perspective,none,none,False,0.684,407
712270696424721,-77.00522814614,-11.992688704567,1644101644723,2022-02-05T22:54:04.723000Z,SAN JUAN DE LURIGANCHO,san_juan_lurigancho_02,358.71823120117,0DzeQdUqgk4VxBrST1wRuf,https://scontent.flim26-1.fna.fbcdn.net/m1/v/t6/An9O4aIwFqcADThff9k9vtMMxVLT6xTR6hfOCs3B37YIU51jb9Zv5h5Ue80UYoq9JYFSYMEV3GYpuFzZjUkJxF1bPR9ha4Bwxglcbuef8nwUFWtdd-mPFpNT1SkKvbFox3rHBl0MlgjRLKGZpe1L1w?stp=s1024x576&edm=AOnQwmMEAAAA&_nc_gid=GFW6ShPA_lkIqjcPauEWDQ&_nc_oc=AdphDeupmhUhAc1eRDQgCEO6bjSNUc5ftPSwbEi9phesXl-asqKFqD56dBZmr0soVn8&ccb=10-5&oh=00_AQLUAVopWcLr5AKgp7Yebd9dPtLlTUNUyreCd3Lu8Ut7KQ&oe=6AC9501C&_nc_sid=201bca,perspective,Xiaomi,Redmi 8A,False,0.532,209
653040439229341,-77.005197460848,-11.992396056004,1644101648621,2022-02-05T22:54:08.621000Z,SAN JUAN DE LURIGANCHO,san_juan_lurigancho_02,359.2529296875,0DzeQdUqgk4VxBrST1wRuf,https://scontent.flim26-1.fna.fbcdn.net/m1/v/t6/An9HHstxTOAITxXrdTtEEfio9o1WPb3hR4Dauu2XZt6tWj_yL1ZcVwggjFRpf6dZ6iVi7AWZjmkr0EYWUOg6ON2QKySq7uBbVAW49EXmfkI_92uvRr1QbqPCXeGr8QxIdukNSkdwjIBRiGduSzV-GA?stp=s1024x576&edm=AOnQwmMEAAAA&_nc_gid=GFW6ShPA_lkIqjcPauEWDQ&_nc_oc=AdrzR-mQhFLKmq_vKF82J5sfg3Rtlyn--yHFO3euBUcvtnbde0GUB6b7TS-XoMa6QM0&ccb=10-5&oh=00_AQJZpExvK_dc4uGHMOVJFLOhWFfOi38E2rIoKbUFoXdY4g&oe=6AC955F8&_nc_sid=201bca,perspective,Xiaomi,Redmi 8A,False,0.22,90
737580321314777,-77.005314160303,-11.992339234571,1676996576600,2023-02-21T16:22:56.600000Z,SAN JUAN DE LURIGANCHO,san_juan_lurigancho_02,88.35,ZcPp1szQIv30wjGNVh952H,https://scontent.flim26-1.fna.fbcdn.net/m1/v/t6/An-4pd6c9F4a-WXQRM9it1sVLpkwzYlB73fLSkstZZhlzZ5ryTAJiezKF03JINqm4YQQMRHh8a3uVQow6v1BZkLvExlDCi3xIYDwsmalWViEKjORhCsezW0I-QaUPCjzm3ZwSlOzcwDyn_rVwMfN948?stp=s1024x576&edm=AOnQwmMEAAAA&_nc_gid=GFW6ShPA_lkIqjcPauEWDQ&_nc_oc=AdqLn2pYGpokE0nVWMlD3Yp_ugghasEIQGNn0HdtvSRIShpKtEbX0neD846V7kAAPms&ccb=10-5&oh=00_AQJ_bb2ve0i9RRYzcUH-BYg1A3lF0ctRf8SNFAfKMb_uyA&oe=6AC957D2&_nc_sid=201bca,perspective,none,none,False,0.709,326
730344332210670,-77.005322488414,-11.99242124006,1676996575000,2023-02-21T16:22:55Z,SAN JUAN DE LURIGANCHO,san_juan_lurigancho_02,85.13,ZcPp1szQIv30wjGNVh952H,https://scontent.flim26-1.fna.fbcdn.net/m1/v/t6/An8Vy5QJcNUTI_nPN7iH2KnFgY-psRtYBFkJvLHkW4oIoXi_f68AIhc6TI_EWmrs8Kv1LcCvRidfao_znA4yf5nDCU3st5RH9IVFi5dbS7hO8qPI-eCkWBER-O9KFe8UeZZf0E5xKp8zZaPPeVLpXw?stp=s1024x576&edm=AOnQwmMEAAAA&_nc_gid=GFW6ShPA_lkIqjcPauEWDQ&_nc_oc=Adpj-nqMlWfokyhws5QcCNVW1FvOUtvgjqQu79AGo9uS2Mfgl6tNPLFGj_oc4pNOoOk&ccb=10-5&oh=00_AQJ-ZlFjBarX43m-2m16Bxd4VmYWdYz2tMO_xNVNzadTcA&oe=6AC94517&_nc_sid=201bca,perspective,none,none,False,0.634,190
1970182239985158,-77.00700868204,-11.97849171261,1676917586600,2023-02-20T18:26:26.600000Z,SAN JUAN DE LURIGANCHO,san_juan_lurigancho_03,28.5,YvOBoTJ6qKN2AVZjw7puhH,https://scontent.flim26-1.fna.fbcdn.net/m1/v/t6/An8Vq400SOOZqgvPTzArZnvdKE1T8DqlZ_pkJmxw3CK2bCjKUv0qtHOQn1ZxVJ5-ValDF1in6afkjv_rnUaYk_fehc-9neNWz7MzSiT3inwNbmFutUripz6HP46jU0l253mBQq5JegA_PFni92LGTg?stp=s1024x576&edm=AOnQwmMEAAAA&_nc_gid=Buz5V83ySCyOq7pq3cT3gQ&_nc_oc=AdqC2qR5utGIVNhau2q5cwYbqTBA75Ie2vT9q9jp6DicFV0MmkNhFpYXNePUreGnGpY&ccb=10-5&oh=00_AQLzwzvGrCnfGG3KK79LEJ6oWGy74AX6FUS0UxhSdmQIbA&oe=6AC95952&_nc_sid=201bca,perspective,none,none,False,0.623,160
2547719038718139,-77.002652561056,-11.975076526911,1676928169800,2023-02-20T21:22:49.800000Z,SAN JUAN DE LURIGANCHO,san_juan_lurigancho_03,139.08,lxvtOCDU2Y0AzN63rqhGFm,https://scontent.flim26-1.fna.fbcdn.net/m1/v/t6/An-n9UlsqIB_djfnsphw0qKDCNZuXTY4pry4IdLWFi9rjp9Om0DlqMaIf2wjiQVJREiBtqY6yyf9OuWKQQsihBA9t5Jj7WRVc2ehCjbfoEzZsaXDjYbFnGIZ30wi6J3cSv_0xNAhhiep48g72b3cfg?stp=s1024x576&edm=AOnQwmMEAAAA&_nc_gid=Buz5V83ySCyOq7pq3cT3gQ&_nc_oc=AdrD98kqk0XPRR90mM2AfK3Sy75-fljsUglPyI6E_R4n3fmLgw4p6eSE_ZEKvI2NXn0&ccb=10-5&oh=00_AQIz454qM-U1LU_Si7p9YwXOtlw-OPRc83_pJDkN14M5Nw&oe=6AC94B2A&_nc_sid=201bca,perspective,none,none,False,0.618,137
168152812649302,-77.007727165948,-11.978105994683,1676899579000,2023-02-20T13:26:19Z,SAN JUAN DE LURIGANCHO,san_juan_lurigancho_03,122.13271267209,unzrhaDEFO24LUmKbVo09J,https://scontent.flim26-1.fna.fbcdn.net/m1/v/t6/An_BuizcGa2dr0vi5kS6q67KPWmDVBgOvsLLA0hS29m1PuErzXzKpGkgEfn-mjdeFnP4C7klCD_0jZk_zTwJmnPfmVfLQT3TLWXz7tKJLiNQcr5PDTXukCBW6vQNHNqFa2sFoQytOOsa7BUcsTq6hg?stp=s1024x512&edm=AOnQwmMEAAAA&_nc_gid=Buz5V83ySCyOq7pq3cT3gQ&_nc_oc=Adofgmq-Ng9VIJ_3yWVRpOdHpn6QH3pTKx07sSkV-9YzVhzBrIVP3rKwm5uQmFPgEXM&ccb=10-5&oh=00_AQKw8-lidJ3flK5a4-SCVw-F2kDQ1-FMomyHzIGTfm2XOg&oe=6AC935CB&_nc_sid=201bca,spherical,GoPro,GoPro Max,True,0.889,307
663232535560875,-77.007289039149,-11.978328175783,1676917585600,2023-02-20T18:26:25.600000Z,SAN JUAN DE LURIGANCHO,san_juan_lurigancho_03,119.66,01ARbcmCtreXvy4wVDiYNP,https://scontent.flim26-1.fna.fbcdn.net/m1/v/t6/An_I4be4RZgKwb-F78mRjddE-f_n1LBKUWqfkw3hL6wxlLlNAZhqQbY4-aLT6v5B9kP8JhA8LDK5r2dtxVxwWbqN0TOHjTQbOCX7LHwOWjEmsqIjvjYb7mQlgWwx4GudmJcsFsqrKQHbPT4zNlpSigk?stp=s1024x576&edm=AOnQwmMEAAAA&_nc_gid=Buz5V83ySCyOq7pq3cT3gQ&_nc_oc=AdqNAh_sW0LB3Q8fZIzVR7amFtw9k0S12fb8fEl_ahrxFRzMuRiMgGjaDb_-NRDaSzQ&ccb=10-5&oh=00_AQI4NDFT3ul-ROSSTqVZaInObA6iesSni4FzMPO_t1qq2Q&oe=6AC9347E&_nc_sid=201bca,perspective,none,none,False,0.702,320
763589894921043,-77.007197895828,-11.978487888845,1676917583600,2023-02-20T18:26:23.600000Z,SAN JUAN DE LURIGANCHO,san_juan_lurigancho_03,211.01,4BJaZb57hHsq9DQeI02nVR,https://scontent.flim26-1.fna.fbcdn.net/m1/v/t6/An9t3vIqKZ9C35GNrSIKR2iqVfCq66eOE79AfDX5R_nTDf-2Sz9LrE34fbSQnu5XgdHq9Q8CUoGExv4a_m1QpcHhSvz3f6C6Lx4FypzDXrtV3WKc3dRIUUMYKCqzpA-Ab57PNKSdYWs3gv1_02zSucc?stp=s1024x576&edm=AOnQwmMEAAAA&_nc_gid=Buz5V83ySCyOq7pq3cT3gQ&_nc_oc=Ado_C_AGJmwPePZm2wserCdk5OGRJq51v2NpAeyVTiafMnxltgK-bODcZJDJ65-TdQE&ccb=10-5&oh=00_AQJ0XIYk5w0U7uRSWjpzZAC10UYTc2Ze8xAkp4Fqb8XAxg&oe=6AC95BD2&_nc_sid=201bca,perspective,none,none,False,0.527,220
202078009166636,-77.002967499972,-11.9751554,1676910079000,2023-02-20T16:21:19Z,SAN JUAN DE LURIGANCHO,san_juan_lurigancho_03,229.0797580851,exdfvVJnkEibToRSpLlNj1,https://scontent.flim26-1.fna.fbcdn.net/m1/v/t6/An-mYX28xjh4dkFHyU6TC5TnK8k0bGpmf4Ah_0-HL9DsuirJxfuLC9FHqHphrfJDNezq28xJKSLImaENIY0jLuG50uTFy_6_9K3fXIIRdtYFH6FosgqCskHxNO1NfCrlcxjhsDH8fqIG2L0Lg6UhRQ?stp=s1024x512&edm=AOnQwmMEAAAA&_nc_gid=Buz5V83ySCyOq7pq3cT3gQ&_nc_oc=Ado-_QE6xt20cjRLDVxvEajxp8oyfrHmWkHUfZF301oq4_XLsKGJD3KkUndHTEs67cY&ccb=10-5&oh=00_AQKPQErfBTbvV3Cs-od1Iz-YgeuzJSLIntqukRhSrfWVkg&oe=6AC934A7&_nc_sid=201bca,spherical,GoPro,GoPro Max,True,0.836,464
1410212073103181,-77.002719885197,-11.97509279236,1676928168600,2023-02-20T21:22:48.600000Z,SAN JUAN DE LURIGANCHO,san_juan_lurigancho_03,49.11,6wQ8h3PYx9rgGbOtMoUmfH,https://scontent.flim26-1.fna.fbcdn.net/m1/v/t6/An-J3gVEzeo4l6TUrba30VxCtIJU697KPn_VWx93pO7s5-XbPI9Vyxos3hDTFjkRDQWp6l2oS4nRuF1Ahrbzq5sJXDYFNdFtx5Pp4gshNEaXFUyn-AjjjaXJaicjc03qxcLfL8IuB3kixfxULbp08g?stp=s1024x576&edm=AOnQwmMEAAAA&_nc_gid=Buz5V83ySCyOq7pq3cT3gQ&_nc_oc=AdovzHmTbioIBNEoBpGQPvr_QnaoWp_nP7TS7ZynUkA3VuOn-44JVOF50de3XY5kOVc&ccb=10-5&oh=00_AQKPSq4vGEdf8cWX-VinJfCQCv0um_ADtZ8HZGyh2HINpA&oe=6AC94220&_nc_sid=201bca,perspective,none,none,False,0.646,565
584086016730752,-77.00310007127,-11.975411214657,1676928165600,2023-02-20T21:22:45.600000Z,SAN JUAN DE LURIGANCHO,san_juan_lurigancho_03,49.94,6wQ8h3PYx9rgGbOtMoUmfH,https://scontent.flim26-1.fna.fbcdn.net/m1/v/t6/An8xl4TTCsY1dsX_gzdURJ12wvAqtCwpb1fcnrYmaInmcn0orwJKrdPgMWUnh8VEf-7YmyL0uW9ErufnBYflZtJERkQZiCv0xoVEZ9e1Xw_CwSiSnrp2zIjr2EYqduPd73QDr0OTjICjCYdNe-vxiw?stp=s1024x576&edm=AOnQwmMEAAAA&_nc_gid=Buz5V83ySCyOq7pq3cT3gQ&_nc_oc=AdqG4M3OUS7sm_chNbl4dgZi8ztfY2Eit9Lla4UhMos0p3CpTWNkvOKKUN6Zvk2dV5k&ccb=10-5&oh=00_AQKPTbRXM_jpytlhqx936P7XNZSE3xCf3d0MyunL4oE6pA&oe=6AC946C4&_nc_sid=201bca,perspective,none,none,False,0.608,323
1209836796301501,-77.002821645859,-11.975444322074,1676928166600,2023-02-20T21:22:46.600000Z,SAN JUAN DE LURIGANCHO,san_juan_lurigancho_03,140.71,lxvtOCDU2Y0AzN63rqhGFm,https://scontent.flim26-1.fna.fbcdn.net/m1/v/t6/An8rOgVFRgFIykGguoOEJj7DD43VN6YCZLJvKwJCJvRleZbTB0lVr96guuTqrAMPVA2Lp8SENGj0Yf-e3dpOewdRT8VLP8gbFwgjQGYNi4jMXaoABSyewsXZMmqlUNQVF5KKGvjsdUmebozpLliGYg?stp=s1024x576&edm=AOnQwmMEAAAA&_nc_gid=Buz5V83ySCyOq7pq3cT3gQ&_nc_oc=AdpqgNJaQB7BAJ3FY-t-SCiD77jpWdfl-rcu671VeVzvtZcui1gOYxbhx3UHZ6XwH1A&ccb=10-5&oh=00_AQKVjkzKwc30tpT_PrFvSyWDiJsRpTgaw27IZOQKLjcV_g&oe=6AC92DCE&_nc_sid=201bca,perspective,none,none,False,0.616,180
231045309370786,-77.003154686834,-11.975323861557,1676928084000,2023-02-20T21:21:24Z,SAN JUAN DE LURIGANCHO,san_juan_lurigancho_03,139.64,RxCe2iuV7vBH8wzJZYIAk1,https://scontent.flim26-1.fna.fbcdn.net/m1/v/t6/An_kqGd93Ez7cEoBfs1iO6PWvph-7B7oP-nQDU7p_g7f5aVZPTW8yjwMogIxce4xedgP6W8PZfPdi-nOTfRv_-atlGyfItUSXEpX6KLWo-aseitwY3WwpLVVO446OM_EyYWTTK0BgVrWQVj8KLLsdQ?stp=s1024x576&edm=AOnQwmMEAAAA&_nc_gid=Buz5V83ySCyOq7pq3cT3gQ&_nc_oc=AdpHDbVBrJmSrWZgIM284hAid-zz_Fe8856ty8c5T4dEa-nBfP45GySHocq5702twtU&ccb=10-5&oh=00_AQKXLndcVKnKq--cCRC_xcSS5Za1CogAwzBc6WLdZPr8YQ&oe=6AC94616&_nc_sid=201bca,perspective,none,none,False,0.638,281
494240786057119,-77.002803789827,-11.975369400806,1676928167400,2023-02-20T21:22:47.400000Z,SAN JUAN DE LURIGANCHO,san_juan_lurigancho_03,140.21,lxvtOCDU2Y0AzN63rqhGFm,https://scontent.flim26-1.fna.fbcdn.net/m1/v/t6/An-1Z5y0nQH7B3zfVeeUr-J3FpAM4OqF0Ci5KsdXTfCyovYWF-9kYiDLTl-JSMe7ke1gPTP92AVuHgTJ_vxrLb21-3DghlQ_j6nsYpZ_OH12Q7uWESizSYqfz3mO7OQ2iGISLapWRaWmI3OYuMEeEw?stp=s1024x576&edm=AOnQwmMEAAAA&_nc_gid=Buz5V83ySCyOq7pq3cT3gQ&_nc_oc=Adoh-TnSwMJC4zxrcU0haC0Au0zHSkB0TsAcyJg7j76qKJfn84EEbiHWlhs9QOJETuc&ccb=10-5&oh=00_AQJUVZAG8gi53Hw97Xd2CA45kw3quzueQCbIH5XaLlZXUA&oe=6AC96335&_nc_sid=201bca,perspective,none,none,False,0.625,224
1342213646630991,-77.007625688984,-11.978127588578,1676917582200,2023-02-20T18:26:22.200000Z,SAN JUAN DE LURIGANCHO,san_juan_lurigancho_03,122.28,01ARbcmCtreXvy4wVDiYNP,https://scontent.flim26-1.fna.fbcdn.net/m1/v/t6/An9XYbcwdf-pAoQqE0bDaci_iZT5Ihd8hfUS8_jSKruZAPLtTDBkwQ9D9655p-eoBXJhDM3NFIiQaRCfjDPRFr_nxDHPrqiqFbMe_auAT7ZjHMkylmY244oBeZ2Qk23H02iAJhblfypaYPrtFEUxBAk?stp=s1024x576&edm=AOnQwmMEAAAA&_nc_gid=Buz5V83ySCyOq7pq3cT3gQ&_nc_oc=AdoTUW_SzgYv6eZuCusSo0zgG7T0g6GvEZWRaoWJt5NVwmpRJghBTNleRqBLXvWatgA&ccb=10-5&oh=00_AQJGz2B6jxSHIofir_ygoh-519APOLYu6iENCGsRpe5Knw&oe=6AC947A9&_nc_sid=201bca,perspective,none,none,False,0.693,354
217479576515858,-77.003048125721,-11.975390854743,1468271863000,2016-07-11T21:17:43Z,SAN JUAN DE LURIGANCHO,san_juan_lurigancho_03,138.98272468966,tlYdRVxW6h1YYLRz4-UquQ,https://scontent.flim26-1.fna.fbcdn.net/m1/v/t6/An91-Tuw4T8LEmiOuwOIZF1zZ5YYZHKFy341dr4pKyhLQIFb_ZLErNKgDqy-DMuYXcUE2ASrnSB62aIvoCUX7CabggFR7bt5PST7KnX3GKwd5Q-vueul8-Mdbgn8ss0V52Dm1hZsfkmcryZQGHH_2w?stp=s1024x576&edm=AOnQwmMEAAAA&_nc_gid=Buz5V83ySCyOq7pq3cT3gQ&_nc_oc=AdrIgys731Q_ABc6E1pJ5gp-Q11RTuNr1RdjHTs450J-7m1ccMcBuBL9nzwFOn6h3eI&ccb=10-5&oh=00_AQKEv-PkNiI8YtquP9BexPtKLW7AxaqiAwepSMHKz684tg&oe=6AC9596F&_nc_sid=201bca,perspective,GARMIN,VIRB-ELITE,False,0.646,0
1359927961509017,-77.006827891028,-11.978541867588,1676917588800,2023-02-20T18:26:28.800000Z,SAN JUAN DE LURIGANCHO,san_juan_lurigancho_03,27.07,YvOBoTJ6qKN2AVZjw7puhH,https://scontent.flim26-1.fna.fbcdn.net/m1/v/t6/An_sf_l40ad8QjuWh4rvyqrBD5vrwwkilDgx6_HziihvXsAK3JU-VJOscOM1jL30p8cxUGAONcS_bKFPmWcKPWeBT_ELnRF20eNsF1WwGlRy4F1JNVSUok-7G7idGyKIG2bMAi99iY5W2joDilDDLw?stp=s1024x576&edm=AOnQwmMEAAAA&_nc_gid=Buz5V83ySCyOq7pq3cT3gQ&_nc_oc=AdqBuFoyXuV6hRQdpSZSUH61aH210620-2xStSL1MDBlTjk71SgHZXjoW43h2GkC4Nc&ccb=10-5&oh=00_AQIddWsvE0-ujX4xTZkGSJTVvycq9Pbf6cKWv6Gmkt_OHQ&oe=6AC94C70&_nc_sid=201bca,perspective,none,none,False,0.653,105
109334318707787,-77.007385,-11.978378,1676917581200,2023-02-20T18:26:21.200000Z,SAN JUAN DE LURIGANCHO,san_juan_lurigancho_03,212.39,4BJaZb57hHsq9DQeI02nVR,https://scontent.flim26-1.fna.fbcdn.net/m1/v/t6/An8chf18vmFzp7JFdRsSnqYDsBwCBkB6c9xyIHQdbP4A21pJ69R1ah7FtQifT9l7WYl_fkaHYRVM4ND9gQMz1t3wkwoFL7m-3ZxGktQ0xvTGsPWK-3YwBu-R953sTQ2FCN2fwW6NwWrUj5ecyVyLRw?stp=s1024x576&edm=AOnQwmMEAAAA&_nc_gid=Buz5V83ySCyOq7pq3cT3gQ&_nc_oc=AdpTuz9cvFGCAqc0isptVlG9QBpeQosACUzYKuk9L4yoZpWAxf2puCHpUZPw4G_GDQo&ccb=10-5&oh=00_AQIL8pthlRsmwzc8t_kjWwZUwSmRN611ZOseUAVveiyBIw&oe=6AC930CC&_nc_sid=201bca,perspective,none,none,False,0.689,268
1191654098384186,-77.006786631146,-11.978690225558,1676917588800,2023-02-20T18:26:28.800000Z,SAN JUAN DE LURIGANCHO,san_juan_lurigancho_03,207.4,4BJaZb57hHsq9DQeI02nVR,https://scontent.flim26-1.fna.fbcdn.net/m1/v/t6/An8DAx7lJZDa4Vf90embcEl_-syL8-icetk-OKp-dLsxgTldR18jFYV7jnDAl37G-koSKgAGlx6oXBQo7iJIhUGbe6lZaZ3x0TNeLn1sZujrWjDG1cnIa4qOH7FMw5K3VdoYlM0erphhcDXCczkCChY?stp=s1024x576&edm=AOnQwmMEAAAA&_nc_gid=Buz5V83ySCyOq7pq3cT3gQ&_nc_oc=Adp30EbhuR-1M8gxFOhnj5vdBT3biIZrtPh0BWMEFjUo6M4z-KxTua73XQ_REm8oTR4&ccb=10-5&oh=00_AQJnXcluynTas1fa_3mapxX7sZB0wdrnaO0MI-BCr1cSVQ&oe=6AC93B37&_nc_sid=201bca,perspective,none,none,False,0.684,179
136233082438426,-77.00768347908,-11.978090659029,1676917581400,2023-02-20T18:26:21.400000Z,SAN JUAN DE LURIGANCHO,san_juan_lurigancho_03,121.93,01ARbcmCtreXvy4wVDiYNP,https://scontent.flim26-1.fna.fbcdn.net/m1/v/t6/An_fNaPu3p4rn_8blaKXfUg-7zI9h8J0-viTC_DlWZZqHKqVVb0Xa_s0EXUnhhxRMRsyXnGzczBSfiHoob5fv3Tr_U-DvHfb7MkUdEzqqqKv0qLwaClvKrD00scx_XqOEW5ISLPosV_kAmKvwFGt4A?stp=s1024x576&edm=AOnQwmMEAAAA&_nc_gid=Buz5V83ySCyOq7pq3cT3gQ&_nc_oc=AdqzNaA4AvMLaSpMhzCM48J3h9EIcslm5JtYry7Vb3J88PiEMeH-FTpyGK0jhB8jrvc&ccb=10-5&oh=00_AQIxtRv28hUr_a0C8hljFzT9caSCBJMFKg-AQDumDhujXA&oe=6AC93489&_nc_sid=201bca,perspective,none,none,False,0.693,399
566118405478088,-77.007179370213,-11.97839058135,1676917586800,2023-02-20T18:26:26.800000Z,SAN JUAN DE LURIGANCHO,san_juan_lurigancho_03,118.62,01ARbcmCtreXvy4wVDiYNP,https://scontent.flim26-1.fna.fbcdn.net/m1/v/t6/An_yH5xn0pDoJF08F4Z1QCbASpBkTGw9YR4HlzKfgFyFqyQ1Ha2AZFtCCrxLKWkZBmhEhCJmP_fhQdLctks2BjEAAu9dZrP_gxPSdQtZJPz1oJxkgTkg8S7GWhy4uIZogrZne7JFKiu-lEBMPRYbKeM?stp=s1024x576&edm=AOnQwmMEAAAA&_nc_gid=Buz5V83ySCyOq7pq3cT3gQ&_nc_oc=AdrSkSR2og3U2mjRFWPlB0Y7BkSSc_nBTz5i4lYpqUfg1ylkGVeat6IzIW-ZzZPgqjs&ccb=10-5&oh=00_AQJVOCX28Fk67630Gk3NP7PsrM6tOcQcPn6ql2vkSAjFGQ&oe=6AC92DC0&_nc_sid=201bca,perspective,none,none,False,0.715,355
513514607610404,-77.006909985895,-11.978543371758,1676917589200,2023-02-20T18:26:29.200000Z,SAN JUAN DE LURIGANCHO,san_juan_lurigancho_03,116.43,01ARbcmCtreXvy4wVDiYNP,https://scontent.flim26-1.fna.fbcdn.net/m1/v/t6/An_UOmeCrh9YacsRAU_B4TUvOIdDkfHhTyqLY0_05A0qkbS0spMlwuyN6tp2F2mzAWapvqBG-Tnv56ChIsAcEjgWnDTMworVIPY9kq_Z_meXVKitDKIO2uZmJfZCC1I1ZlNlhL_dVFMtI1ceRH1Yyg?stp=s1024x576&edm=AOnQwmMEAAAA&_nc_gid=Buz5V83ySCyOq7pq3cT3gQ&_nc_oc=Ado2xY-kcN8vSn0CWh_K9zhGEx7b8EudWz_y2o3-mA58Hgf6huAQiBevVPd31p2TADI&ccb=10-5&oh=00_AQLaUrzKl6V8vgI6eK2XGi_dO3KWVMBDOCJvUIxlY5F8Gg&oe=6AC94970&_nc_sid=201bca,perspective,none,none,False,0.707,322
587370409942096,-77.007172170038,-11.978401430342,1676917584600,2023-02-20T18:26:24.600000Z,SAN JUAN DE LURIGANCHO,san_juan_lurigancho_03,30.78,YvOBoTJ6qKN2AVZjw7puhH,https://scontent.flim26-1.fna.fbcdn.net/m1/v/t6/An_HI8p0SuOYUSJXR-_RITZCe8DCTLXLL2pROB2Ojp5RP9K-_qNZJDUf3cb-L4x9GJUNxyjNY287nm7fvxAIhSTPJutJYM5um--bN4nEgkkE_doViDG0OxXa_IlKnZmXN4l2ivFe1RlxGkl_y2MfH0I?stp=s1024x576&edm=AOnQwmMEAAAA&_nc_gid=Buz5V83ySCyOq7pq3cT3gQ&_nc_oc=Adq7KekAoTdTcFogk5Fbq4QxKNTnFkn6b6DquFU-fvNmblump-y7-vxDCzj-O3xyw2I&ccb=10-5&oh=00_AQKtwrBk96EWxLp9TN4_3Nz-y4A4q7OfRy4Xf22L-50qlA&oe=6AC939A5&_nc_sid=201bca,perspective,none,none,False,0.588,189
577346060787480,-77.007299052064,-11.978281080658,1676917582800,2023-02-20T18:26:22.800000Z,SAN JUAN DE LURIGANCHO,san_juan_lurigancho_03,31.81,YvOBoTJ6qKN2AVZjw7puhH,https://scontent.flim26-1.fna.fbcdn.net/m1/v/t6/An-nidsT6uYeZEUIXFMrW1NCvrkMHVxUwP-8BN3mxSYgTr3k-VtjyT7qnQjEMwr3fjg__I_PunkwcQvYsIAJi73xcoUW8Z1iZxXfBsHqvcIYnsMls2Pp51GvhyrSpxWnzaBMypzeOp1GjUXEvc8Z4A?stp=s1024x576&edm=AOnQwmMEAAAA&_nc_gid=Buz5V83ySCyOq7pq3cT3gQ&_nc_oc=AdqiIyKK4jBZZh7rro0syoMbVarqx1xuPo6-KWBVg6fs9MCBv_ta7EYklWWqDsIgwZU&ccb=10-5&oh=00_AQJpJ1UeV34kM7JebACBYecz6ppNiCfd46rODfsPm5sIww&oe=6AC93338&_nc_sid=201bca,perspective,none,none,False,0.64,228
194737943200674,-77.007324945347,-11.978246902334,1676917582000,2023-02-20T18:26:22Z,SAN JUAN DE LURIGANCHO,san_juan_lurigancho_03,31.26,YvOBoTJ6qKN2AVZjw7puhH,https://scontent.flim26-1.fna.fbcdn.net/m1/v/t6/An8T_9b6B4UT1Gzvmz7Nyzeszs2V1rpbGQWVdWoMbtz5Sye4yheestXzjXYkUaR3FRsF4Hda-XzDdrOjnzd7wsOpFVS3SJuo_tHYfJEO3KEWDuYinIEB_gN1Q9u0LUY-OlP8QSY5MBS4EHqM1R1BlQ?stp=s1024x576&edm=AOnQwmMEAAAA&_nc_gid=Buz5V83ySCyOq7pq3cT3gQ&_nc_oc=AdrFMKL-7g6qMCITba1bmK2Xaf9MMYmaDZ2B92dvusPJMuRDfD1ba8W4B5Xy7pfYvF0&ccb=10-5&oh=00_AQJQUCA2hPlxrM1ckvLXLAe0AA5qt2aJ3EGq7E9m4n-7hw&oe=6AC9303C&_nc_sid=201bca,perspective,none,none,False,0.636,243
882771836328592,-77.00704500032,-11.978580995686,1676917585600,2023-02-20T18:26:25.600000Z,SAN JUAN DE LURIGANCHO,san_juan_lurigancho_03,209.84,4BJaZb57hHsq9DQeI02nVR,https://scontent.flim26-1.fna.fbcdn.net/m1/v/t6/An8SxX0_u_lKSsckrFR1Lj8Cqd_z6TF3q_I_Ku7SiIYWHJ0uqM2b-7vdvaNUM-Y2nL0O5_dsEGvHcVrKItVwW2NhuNP3CKMS5SgYOW6huUm5PpAceSBB8Wm3iKYdIu0CSYKVGH0DkeozJ9IYqK0vgA?stp=s1024x576&edm=AOnQwmMEAAAA&_nc_gid=Buz5V83ySCyOq7pq3cT3gQ&_nc_oc=Adr0Xwp0AQ6PnxAYE4VGJZdzJJTtjGwhgxHqRJfC1-SFbIxIQ0dJ72VKzOUokVWmbfg&ccb=10-5&oh=00_AQImzipBvIHZ2F6_SVa87xpQu_16SnvK8G9bDTeGEm2Qsg&oe=6AC9329D&_nc_sid=201bca,perspective,none,none,False,0.531,255
5992394214161197,-77.007018268176,-11.978482200622,1676917588000,2023-02-20T18:26:28Z,SAN JUAN DE LURIGANCHO,san_juan_lurigancho_03,117.88,01ARbcmCtreXvy4wVDiYNP,https://scontent.flim26-1.fna.fbcdn.net/m1/v/t6/An_rkY5pxjjhB5iG_gbTHJSp3w8wUPvvRWg3Y6MQoVI27-WErtc2XqrVyFlvkkIT9v9AKm6LZHWAg3-V86LgHQC_UsZU6gsCiIC8pR5-adEXJrYQvqU0t1c_gZ9Q6YxgfOwEWHxOMo0pw4kZbLzn1g?stp=s1024x576&edm=AOnQwmMEAAAA&_nc_gid=Buz5V83ySCyOq7pq3cT3gQ&_nc_oc=AdowYQrr0WS8jmBCsAUVn1XdJDMOzV8KXj67cmj_Cr9YH-xUw9ssvKSWZEpURQZ6wBM&ccb=10-5&oh=00_AQLFAuRSsjuFAr6b4aycDrlKTpl_u4q7zNlpBp5DzzBCxQ&oe=6AC93638&_nc_sid=201bca,perspective,none,none,False,0.739,316
871071863963112,-77.007456364094,-11.978232160397,1676917583800,2023-02-20T18:26:23.800000Z,SAN JUAN DE LURIGANCHO,san_juan_lurigancho_03,121.62,01ARbcmCtreXvy4wVDiYNP,https://scontent.flim26-1.fna.fbcdn.net/m1/v/t6/An-1COJnC4ZmOPskITDmidmo89cS10CfVUkxVBB0sZ5Lxf795mES3MDbbgB4MtO2kH2dw6UHKs3qqmlLRI8Ow5FJTI1tjHepcfFFmktyZSXOE4TVM0JJJE2R31qB-LqIaRPsvYQmHfyAvy1YPUXBMQ?stp=s1024x576&edm=AOnQwmMEAAAA&_nc_gid=Buz5V83ySCyOq7pq3cT3gQ&_nc_oc=Adqrv-8OmjlEd56oFmGWooyGosQsIJUA6ZPPuvvM7SYSXCQ9-MSJVXmCC69jEAnQQXU&ccb=10-5&oh=00_AQI6Q8o6alAQA1NMlvt85vTHX_G0cTqldQ7Lm_cUdLx2MA&oe=6AC94C25&_nc_sid=201bca,perspective,none,none,False,0.697,406
1818444978541668,-77.007458117716,-11.978333092996,1676917580200,2023-02-20T18:26:20.200000Z,SAN JUAN DE LURIGANCHO,san_juan_lurigancho_03,210.95,e4TEd8q5CgvmGyUn2Mslcx,https://scontent.flim26-1.fna.fbcdn.net/m1/v/t6/An9kEbyyrWlX4KDfRKfxXeL0qZT_flKY4fHyEKSbpjOjA0bOivxHJLy9yuXrYIEeO7j1Z9tJUEMqkOShXK3W99aXV2cQwjHF3QLv7aQLgcFsZ0frvNUxE32F9WNm3c0QRXtKDVSQER6DodjcLNYi0Q?stp=s1024x576&edm=AOnQwmMEAAAA&_nc_gid=Buz5V83ySCyOq7pq3cT3gQ&_nc_oc=AdrDgAXEzZsyxS50yFYuLWKSr60FZU0mGrbjiYaKoHbbvU-PiZ-FvCggoxN1RIn8DZg&ccb=10-5&oh=00_AQJjiuFbG5XAQMSqej6xd1lnKPhXmT8L1sQB0uwRRFJheg&oe=6AC94291&_nc_sid=201bca,perspective,none,none,False,0.562,133
147372191553191,-77.007253580611,-11.978455094708,1676917583000,2023-02-20T18:26:23Z,SAN JUAN DE LURIGANCHO,san_juan_lurigancho_03,212.18,4BJaZb57hHsq9DQeI02nVR,https://scontent.flim26-1.fna.fbcdn.net/m1/v/t6/An__DBTktlxkkOFlK6O7z4vkM0IqK9f0L1RkGCuKcz4vHvQZ69-pMGnUn3cdPnUcwV3vBlS2D9SRAsPzj-oq7vs_m5j1ib371C4ToQFMHzWzrxGLt2AihxkWVKZKElOszoNgNCf51q2GcaOTZ05q8w?stp=s1024x576&edm=AOnQwmMEAAAA&_nc_gid=Buz5V83ySCyOq7pq3cT3gQ&_nc_oc=AdozgzWKBYRhfVoBhAt_vf7raIHtpqvaHfFoVU2Mfg4SgvxD8j9SKpxV7Ni0k1lq4YY&ccb=10-5&oh=00_AQJ_SVkUb5XyLcZmA6CmNxPusYP32BQlE20v5Ao878ViTQ&oe=6AC93037&_nc_sid=201bca,perspective,none,none,False,0.574,320
883472819623374,-77.006780514009,-11.978547436302,1676917589000,2023-02-20T18:26:29Z,SAN JUAN DE LURIGANCHO,san_juan_lurigancho_03,27.97,YvOBoTJ6qKN2AVZjw7puhH,https://scontent.flim26-1.fna.fbcdn.net/m1/v/t6/An9fQHWvmasmfwIeRVHPVNp2yYX-PhVOVGWSNHlhTdcR34e9hpqPWz9jihQoI1lT5z9qBTUjQYy-Aan0VoJBIYccO7kojjpHP-gFLn1Cx8oqaJo7fdmOgO62gbefTTAz8vMZ1ImanM0ZYFeBuxyOKw?stp=s1024x576&edm=AOnQwmMEAAAA&_nc_gid=Buz5V83ySCyOq7pq3cT3gQ&_nc_oc=AdoM8dGl3S7iwP_0jsyVpZQqLA4_2qoCc1xfuWfImdy821IetRZgX1M7n9fFsAudw9Y&ccb=10-5&oh=00_AQJpn-kEGhqT0lh48BaxjNLaT5jVHgF8yZ7BnTa6uxCWjw&oe=6AC95479&_nc_sid=201bca,perspective,none,none,False,0.67,144
120436837512135,-77.003182,-11.975436,1676928165000,2023-02-20T21:22:45Z,SAN JUAN DE LURIGANCHO,san_juan_lurigancho_03,319.83,KJPxZm0LHSYGyw63tUORgD,https://scontent.flim26-1.fna.fbcdn.net/m1/v/t6/An_EIrRYW3AdbK3qhQTafY5S0ynYE-SS1HqB8SH_o8I0XK76mvZOx7CNSiJohrCvDsiHhg1pisyKd-YAqxnGknvFgrSpUGe6JuVeJz71QrphG7IIf2NKNRtbWrs4UnLu-AY9WhHNulJeotUF_2u8rQ?stp=s1024x576&edm=AOnQwmMEAAAA&_nc_gid=Buz5V83ySCyOq7pq3cT3gQ&_nc_oc=Adql_nEe5DDR75cgmO26Yp5vttQsKhr1ExCH2kp-HDQbzgSBKYGrqNr_sbpoRMPinVY&ccb=10-5&oh=00_AQL1rRBTL4mKLK3zk4jFj5KMih4bhbwnubNyI0Cw5Z0NfA&oe=6AC931C5&_nc_sid=201bca,perspective,none,none,False,0.614,222
880484516365526,-77.007568396569,-11.978163784827,1676917582800,2023-02-20T18:26:22.800000Z,SAN JUAN DE LURIGANCHO,san_juan_lurigancho_03,121.46,01ARbcmCtreXvy4wVDiYNP,https://scontent.flim26-1.fna.fbcdn.net/m1/v/t6/An8iFw0KbCwyAqVCAUtsYohyZNL0Jw1ZmdN-IbSmzlEPkzFzly3Qb39IPlVrcCDWce92A1pIUX5YL0pc9Nk5bGqFfxSCnStz6I72SvwxaJ2dmSUU_0faQmWUgFdlK6OfhFnVr8quvJZolSei_LrZm84?stp=s1024x576&edm=AOnQwmMEAAAA&_nc_gid=Buz5V83ySCyOq7pq3cT3gQ&_nc_oc=AdqCbT68gVPOueI6Q_ELnCwkB6RXs9vLPgT4pUKyy8BYNP_KyePsdZqq0R4ldd8UmzY&ccb=10-5&oh=00_AQJTKLNGST6ojthg5b6koBJoH0cKMs7QA0Da9m1j1HKAOA&oe=6AC93237&_nc_sid=201bca,perspective,none,none,False,0.701,415
246018681106328,-77.006920906985,-11.978521798448,1676917587800,2023-02-20T18:26:27.800000Z,SAN JUAN DE LURIGANCHO,san_juan_lurigancho_03,26.59,YvOBoTJ6qKN2AVZjw7puhH,https://scontent.flim26-1.fna.fbcdn.net/m1/v/t6/An92fGMdpO9gLENhCpaveBwTW6NYvyj4ybOZq91rVbuRruJJoq5EJLkk2Tq_yXIRpe_9VgkoAuI9xqAk0tEMZSQzO37rJhCAoTI2V7FyGU7P047A4J-JETDNZJF-XpjhkAzVUfHnrDzGki4lbGg6nw?stp=s1024x576&edm=AOnQwmMEAAAA&_nc_gid=Buz5V83ySCyOq7pq3cT3gQ&_nc_oc=AdpGMowIt48I1wMsIum3-5DBNMkrRyuU4AgEmabEa0KELJcC4U5mUpwrjF2BGFEkKCo&ccb=10-5&oh=00_AQLz1-U2k_oodAC8B_oXcvyJfKArhRSM2qpJ3oDy-CkJ-Q&oe=6AC93195&_nc_sid=201bca,perspective,none,none,False,0.626,126
733442985048882,-77.007633790398,-11.978160330927,1676899581000,2023-02-20T13:26:21Z,SAN JUAN DE LURIGANCHO,san_juan_lurigancho_03,121.72572596185,unzrhaDEFO24LUmKbVo09J,https://scontent.flim26-1.fna.fbcdn.net/m1/v/t6/An9hvTMc2oJhOkrfzGKVsG-nG-o2ZAjna0TUKRRnoK6S_210MckTfXzr68oUDxu6LAILmLgYlgjPmgLR3jb8f4jBUKYnbLz85nPyH51GStjge69Jczo9jqirLed5PXetvXWcNQ683w4D3yfZggvfKng?stp=s1024x512&edm=AOnQwmMEAAAA&_nc_gid=Buz5V83ySCyOq7pq3cT3gQ&_nc_oc=AdpHRkJs47POR4pL4YOCJmGmYNdeFsU2BREYbrHJim47TLgPvYrsrafPeaR4T42jDqc&ccb=10-5&oh=00_AQIx5Lg1vfd8AoB5dJE0y41CpBcIJ_0ljXc29Mi9h3B4Vg&oe=6AC95871&_nc_sid=201bca,spherical,GoPro,GoPro Max,True,0.875,398
146749674945877,-77.002853141468,-11.975588919358,1676928165600,2023-02-20T21:22:45.600000Z,SAN JUAN DE LURIGANCHO,san_juan_lurigancho_03,140.38,lxvtOCDU2Y0AzN63rqhGFm,https://scontent.flim26-1.fna.fbcdn.net/m1/v/t6/An_y5IWLax_jLXb-NHJossVFRKUL-RnUSo7y-_Lrh_MIU3qLXfmwrt5RReLMnsl4l6P7FUWKWtcMyO0dO43nzJ13NMEGl9-GaX3gB-WqIebz3qw6mVclxGn52OJ-HZZwIzFoxnOWGEySKBPYZkhaJGk?stp=s1024x576&edm=AOnQwmMEAAAA&_nc_gid=Buz5V83ySCyOq7pq3cT3gQ&_nc_oc=AdrzqIa8UCHfWuB8q-v87lER6yBOuJ4WVNycxIjH5XC3NEy_EBxJ1-1uWRrpSKfGzXs&ccb=10-5&oh=00_AQKgqMwIAXVblSEK5VMdxmvrDOYwgjKLG8rwLRFLJH-N2A&oe=6AC92D88&_nc_sid=201bca,perspective,none,none,False,0.641,140
748907863500538,-77.007050981269,-11.978472892575,1676917586000,2023-02-20T18:26:26Z,SAN JUAN DE LURIGANCHO,san_juan_lurigancho_03,28.37,YvOBoTJ6qKN2AVZjw7puhH,https://scontent.flim26-1.fna.fbcdn.net/m1/v/t6/An8ByRGX3XPHMAPneSodZSP9Vf3R-h3i-ZJtSdW4FxYfucTuNvEtn5TQa3coCBbu0vZyhOUpCdZLYkSSTG9UkMf3wHCrQ0UBumj7p2LrxDpaPjNzN4RrQFjk6owI5cr2ErhCIn3U2pZzNiW6gPH5NA?stp=s1024x576&edm=AOnQwmMEAAAA&_nc_gid=Buz5V83ySCyOq7pq3cT3gQ&_nc_oc=AdoW5NU4uR08MSA-j4xMdJ9JUZKaGaKyHNwVrsFWYN59wy88HWR_zZSPaXdE2dQ2DTY&ccb=10-5&oh=00_AQLOszYaynFAFtkoyktCBNPew3AK2qgmhwj72IM6h4fcCA&oe=6AC94D83&_nc_sid=201bca,perspective,none,none,False,0.672,189
1517152308617539,-77.002961059597,-11.975381140813,1468271862000,2016-07-11T21:17:42Z,SAN JUAN DE LURIGANCHO,san_juan_lurigancho_03,145.00548886782,tlYdRVxW6h1YYLRz4-UquQ,https://scontent.flim26-1.fna.fbcdn.net/m1/v/t6/An92RzLwGCZ1AvqFvu7VJ3gnhV4WEqluVzYEmRlRHfiQISDQ_hFy9TRqbYgtWsF37X_pUIZ8rsSLC6qVbmA5mfeMewDRBgky4NAXJJwwknRDz1_8Nbqu0ID18VpIrceY5Ww1t4yfL-bvrl6VWKPORA?stp=s1024x576&edm=AOnQwmMEAAAA&_nc_gid=Buz5V83ySCyOq7pq3cT3gQ&_nc_oc=AdolvOm9OrZnmc8LsvaM5ugs-7jkEky9xrHFu6VBv1NZmB1DX50CW0hRWrVDLB6HO2o&ccb=10-5&oh=00_AQJbW5TXumLnZdozgZZ7D4AVXJmYr0txZP1x_868qmLyxA&oe=6AC948B2&_nc_sid=201bca,perspective,GARMIN,VIRB-ELITE,False,0.614,0
145024561768360,-77.006840130688,-11.978650587639,1676899587000,2023-02-20T13:26:27Z,SAN JUAN DE LURIGANCHO,san_juan_lurigancho_03,116.37873289866,unzrhaDEFO24LUmKbVo09J,https://scontent.flim26-1.fna.fbcdn.net/m1/v/t6/An9YmIA_j4kFRWC_sGCXG_DjQoj-6ipwl71XluMc1kB9qfCiu9s_wTcqTBSd6oLoC45ozPZCJ2jrr6MrE4t8GwH9cDv1JRrZ1jdqrwJ2XtL418UIAPCMBGTZpavW2nQ8Z2B1Ti9RXIuGZdHJvhaurwc?stp=s1024x512&edm=AOnQwmMEAAAA&_nc_gid=Buz5V83ySCyOq7pq3cT3gQ&_nc_oc=Adr3d6uVbUfhX6qcAQdmS72Q9Z_uVIPlYHnudvWZYBd238WfRMb8YlVHjcaXJf74ifA&ccb=10-5&oh=00_AQIij9FJPDDig63dKWl1q8DwvxcGDKSyk16bUtfBNQHdLg&oe=6AC93F11&_nc_sid=201bca,spherical,GoPro,GoPro Max,True,0.889,429
172217665143716,-77.007071634027,-11.978451696779,1676917587200,2023-02-20T18:26:27.200000Z,SAN JUAN DE LURIGANCHO,san_juan_lurigancho_03,118.79,01ARbcmCtreXvy4wVDiYNP,https://scontent.flim26-1.fna.fbcdn.net/m1/v/t6/An9R7SfKBkyfX8RzAdQTSrbrSFBAbYNTGTN5SRGXD4mH52HZduHL6bKw46WBD8xAd2hLdsrWKXPJ6fXVQI6--LoRcvylR7w44icglNAqof2fbfFoDfDB6IFCi-z7HCSegWqlRmJMOqRT2AappqQeO6Q?stp=s1024x576&edm=AOnQwmMEAAAA&_nc_gid=Buz5V83ySCyOq7pq3cT3gQ&_nc_oc=AdpzQrRiOwymlLWga8bA2-x1fZBJTmME5Cghw9jEM9AMn_Q472SERbiYS2m86wfiYUQ&ccb=10-5&oh=00_AQI_yVuUDQeUwiXo3_xs2D_ny5H0FIp6joemFBD9tpE9vA&oe=6AC9461C&_nc_sid=201bca,perspective,none,none,False,0.713,391
956396092037621,-77.007441,-11.97821,1676917580800,2023-02-20T18:26:20.800000Z,SAN JUAN DE LURIGANCHO,san_juan_lurigancho_03,31.17,nZYFOXbSp1ci4lN9mJGeoV,https://scontent.flim26-1.fna.fbcdn.net/m1/v/t6/An-0BENbQ_wSX_k5afa5wyTd2erRAMj4ykStD-70TM2danVnD2oBoay3AathN6WFsCAMZFZNa2I1bD9SvMp4fyauFZ4v1CtzePT6wn-X-n5Uv2Mu_bjhufNUqCDDM_q5vII1mE_5gg38AFjXYfdGEqw?stp=s1024x576&edm=AOnQwmMEAAAA&_nc_gid=Buz5V83ySCyOq7pq3cT3gQ&_nc_oc=AdqhEllLNpzIR7M7UAmF2NQBVKDcNB9lxPX3gomTbPCCk5ep32s8E3VYfguIukKrSJw&ccb=10-5&oh=00_AQIlJShYProR6rVR577PtlegLQGzj7xEAaLs-nxIyqrlkw&oe=6AC94692&_nc_sid=201bca,perspective,none,none,False,0.648,116
894096371899943,-77.006874674465,-11.978533248448,1676917588200,2023-02-20T18:26:28.200000Z,SAN JUAN DE LURIGANCHO,san_juan_lurigancho_03,25.11,YvOBoTJ6qKN2AVZjw7puhH,https://scontent.flim26-1.fna.fbcdn.net/m1/v/t6/An80O8xoByIdqMKtkfaPajug9FsPfEZOvi73CzI1GA1U9BROVrJDQ1nO7BTd7Ryr7D5zOeeW2P5szJ9xLOFd453vet_8GyBcvQGk85GicKhOlobaeuIG91Bv_PeshNJHHk5oJPJJlctlqnp1sPS3Jw?stp=s1024x576&edm=AOnQwmMEAAAA&_nc_gid=Buz5V83ySCyOq7pq3cT3gQ&_nc_oc=AdoSmkJsFZOSIgRTgXL_-Z-94x41jWZWu4SUrBCD3OtHTI4uvNxR5BZOkntMoQPN0bA&ccb=10-5&oh=00_AQLp5PdLIsUpdNqBoXmPvO92Z6oDajEWFI3wJ-DuzMIEyg&oe=6AC961E6&_nc_sid=201bca,perspective,none,none,False,0.663,99
524071169808944,-77.002873301257,-11.975220386222,1676928167200,2023-02-20T21:22:47.200000Z,SAN JUAN DE LURIGANCHO,san_juan_lurigancho_03,50,6wQ8h3PYx9rgGbOtMoUmfH,https://scontent.flim26-1.fna.fbcdn.net/m1/v/t6/An-RWkvBPVmWSz9Kq06lRZdRRyyUTsPozxNTjlnPqsakub2Zf3zfc9ny1ZnIsBTSsxm4qGpUJbfD-LbQKx0Le7e8myPNvHlHBClD07T2SqfI22RuDIVoeErEP9x-czNFUi8ArYhvaXA8aTROl8_Rb38?stp=s1024x576&edm=AOnQwmMEAAAA&_nc_gid=Buz5V83ySCyOq7pq3cT3gQ&_nc_oc=Adq5VFPoOCG4OG9vCUjR3MZjr0lzMl6dqqCjQQ_6-fulVM0S3e0XqVI_83AHaaoQ2hQ&ccb=10-5&oh=00_AQLe5RhflGXYK76oWrxFJ43A-RKJDiXwqv64g4Y6FLyLcA&oe=6AC94D30&_nc_sid=201bca,perspective,none,none,False,0.653,388
515600720651712,-77.003105160398,-11.97528351976,1676928083600,2023-02-20T21:21:23.600000Z,SAN JUAN DE LURIGANCHO,san_juan_lurigancho_03,138.78,RxCe2iuV7vBH8wzJZYIAk1,https://scontent.flim26-1.fna.fbcdn.net/m1/v/t6/An8GlBYkK1F59D3z7v7l25Be7Mvxkort3i8dkC7dEJbAZtm1yMkZ97HtvfqVjYxuMG1lhRWS6kKnZndZwKfNvmq-oPTc-eUHkjxSAlD-CCO0qAHPeOyMtsfCVhtbwC4INP3X2FdkvbGcJBwlM1cEKw?stp=s1024x576&edm=AOnQwmMEAAAA&_nc_gid=Buz5V83ySCyOq7pq3cT3gQ&_nc_oc=AdpgxcMoZeznkCAgLpEoWdhczVQ4_rBpMbgTsf-ix4i48c6Kt_8g1Pt_5a3uB6meajE&ccb=10-5&oh=00_AQIWm-4UFekoRyyKcmt4paaG5ha7ZbFirojxjmj4qQ0ZfA&oe=6AC92FAA&_nc_sid=201bca,perspective,none,none,False,0.612,336
587992403216155,-77.007207840259,-11.978373589757,1676917584000,2023-02-20T18:26:24Z,SAN JUAN DE LURIGANCHO,san_juan_lurigancho_03,31.7,YvOBoTJ6qKN2AVZjw7puhH,https://scontent.flim26-1.fna.fbcdn.net/m1/v/t6/An_hLN3p7BfkwDyYq7G446HgQiX0Gci1_sShAOmFACQei2UHidQGkAtnE2JxJ69On0eSe0OISfUD4L7i3JF3UGN7JNp-steqkdxpXq92c71l4dLjUSx7mnGsrn7n_v6BWzWtJEKhKdqIT5-eda_PhQ?stp=s1024x576&edm=AOnQwmMEAAAA&_nc_gid=Buz5V83ySCyOq7pq3cT3gQ&_nc_oc=AdpRY19SACWoRdJLr6fWQUBQsur3rrYIqZQqCs68G81szGkbzkCbyZYJD8Fe0Q6-mPk&ccb=10-5&oh=00_AQIGcQVhSXLRDG66XSdRXsS0JndIAwDhjWsmhHoxjz3toA&oe=6AC93F75&_nc_sid=201bca,perspective,none,none,False,0.631,220
1405522510279240,-77.003087945144,-11.975247774502,1676928082600,2023-02-20T21:21:22.600000Z,SAN JUAN DE LURIGANCHO,san_juan_lurigancho_03,318.81,bpCqBHsSfnYxOVo651IkZP,https://scontent.flim26-1.fna.fbcdn.net/m1/v/t6/An_ISkU7X2IRnR4R3Xptymi0o-LkGc7s3INuc9rwhkNftvXulWqcl6_NFPwSLN0slr6qOstGfsUS5II7ocJcT2MPviofdVNkUKhaqnkvG2KYhlYkqgf9NmBaSQ9PhZ-Q5tc_yMOw9Pd4r-mHsLCLxtY?stp=s1024x576&edm=AOnQwmMEAAAA&_nc_gid=Buz5V83ySCyOq7pq3cT3gQ&_nc_oc=AdpNqAbeLZ96HK3rS5CNwnkdnDIYdPlrHS6eu8voIc52ri0s7LbzzKwYvEuNQonoB0M&ccb=10-5&oh=00_AQL3whPbDSZOkUaSPhzgH9Lo9dHFATQzLKCSZ9g8Wu6zWA&oe=6AC93619&_nc_sid=201bca,perspective,none,none,False,0.569,140
5964102603684450,-77.002724749542,-11.97518777105,1676928168800,2023-02-20T21:22:48.800000Z,SAN JUAN DE LURIGANCHO,san_juan_lurigancho_03,140.96,lxvtOCDU2Y0AzN63rqhGFm,https://scontent.flim26-1.fna.fbcdn.net/m1/v/t6/An97Pq4Drqs_nTZMpMStiipJtkpa8YrmeJynDF1MZZTcyrO1XeTDQwukMEzX3wNFVj96zDla2-ImBBE898mpQRRCSN8OFhN3zIkaOXvfwmozWh4efX7Kisvqyv7Mqc-CmQn2-LDC6YSD3ip7ZvuKaBM?stp=s1024x576&edm=AOnQwmMEAAAA&_nc_gid=Buz5V83ySCyOq7pq3cT3gQ&_nc_oc=AdoBbixohSbmMhqvtruZpC4zCGjEwb2imY_w-3uDJCsSJ1NoqKdtt9NTPo_NTr7unh8&ccb=10-5&oh=00_AQKrpmuKVygAVTWGop1m1SRf8izpCZeTGIV7r3CBWq5nXQ&oe=6AC94DDE&_nc_sid=201bca,perspective,none,none,False,0.51,100
1138940056773990,-77.007512021882,-11.978198313978,1676917583000,2023-02-20T18:26:23Z,SAN JUAN DE LURIGANCHO,san_juan_lurigancho_03,121.58,01ARbcmCtreXvy4wVDiYNP,https://scontent.flim26-1.fna.fbcdn.net/m1/v/t6/An_khhWQn31rOCMVqS7BdXOve3oyejQyRgh7KsVWPxvV1-13NfVxWXWAhGzd2gd2FaUv2M-AuAbzlDqJ3v3ABgEYCPTq53Hi-VwGrtCTWuyirKwjV1a8ife89U7lMDYj-TuPECPaTVTP1ydcZTfOgQ?stp=s1024x576&edm=AOnQwmMEAAAA&_nc_gid=Buz5V83ySCyOq7pq3cT3gQ&_nc_oc=Adrkz-GqQp-TfMI9yl_nlXWymqqYYW6KpZm3n7sKlbXZvwWRGrjcBHmOb6xVPwSOg7g&ccb=10-5&oh=00_AQJ-zC-2X2v08wO91GTAUEdfJ4ziC74tT332nymXoPgP5A&oe=6AC93A10&_nc_sid=201bca,perspective,none,none,False,0.708,403
595945915732402,-77.006875,-11.978672,1676917587800,2023-02-20T18:26:27.800000Z,SAN JUAN DE LURIGANCHO,san_juan_lurigancho_03,207.12,4BJaZb57hHsq9DQeI02nVR,https://scontent.flim26-1.fna.fbcdn.net/m1/v/t6/An9ZukxQm7tr8RQADjz_h3p6kWTFRdCsuugCTIfh1OrN7R7s6lyg6UYOn-kXzftBc7eEiy5AMG-EchU3hEpr-2nyQMEmMbr-j76IETy27BjEPCZiJy68pciipRjWdCvg4BmlYCYsuQeFaq11oc7zVX8?stp=s1024x576&edm=AOnQwmMEAAAA&_nc_gid=Buz5V83ySCyOq7pq3cT3gQ&_nc_oc=AdqgqPzMXirx6ggDcRvE2JuzNENl07_jRmYcKCg31sR8rXfzVVkG-IDixsYcnGUy6wc&ccb=10-5&oh=00_AQJbsG3DjibGwolG1LzELm7qdyd9Q2YfmHtNZR5PldaoEw&oe=6AC95215&_nc_sid=201bca,perspective,none,none,False,0.38,128
1287928255096071,-77.00740089995,-11.978264069657,1676917584400,2023-02-20T18:26:24.400000Z,SAN JUAN DE LURIGANCHO,san_juan_lurigancho_03,121.34,01ARbcmCtreXvy4wVDiYNP,https://scontent.flim26-1.fna.fbcdn.net/m1/v/t6/An_g2Oo_A_2Cb9Cq5HiLei9vduZgQpUg9aBYdpZ8qFb0hSQykN0sQlqKx23lt1nG9LrJij5DIO89JADi_bWdeOR2H8grn5otrmdjgw8QbaQKQdaZkLDANy4A4GMTC3mdBxRBdLrEb_0z8LmmxJ8BYg?stp=s1024x576&edm=AOnQwmMEAAAA&_nc_gid=Buz5V83ySCyOq7pq3cT3gQ&_nc_oc=Ado6xEVxMm4kZRvpdQRO8Fkxu1FI12g1kQjkHle0eK2VTGVUh_uqnXLqznYgfm7PIYY&ccb=10-5&oh=00_AQJ1eBetJRIfIp3qBadnPbOmjy3LeyR5ZqGIA0U0M74sRA&oe=6AC939C2&_nc_sid=201bca,perspective,none,none,False,0.711,361
1334720837383749,-77.00283,-11.975145,1676928169200,2023-02-20T21:22:49.200000Z,SAN JUAN DE LURIGANCHO,san_juan_lurigancho_03,319.52,KJPxZm0LHSYGyw63tUORgD,https://scontent.flim26-1.fna.fbcdn.net/m1/v/t6/An9Unnsp5pV-lCqJpx4Dd0X2CFoeYzUKDEtI4ewbN6OQel9STQMjJQSn3kTA4PZrJUZt7BkMzU9H0wQzKd7tiPaxyO2JiDxt8GgF6mQBG_xnXyHy3DlSdmAAx64WK8qoRPzHA4BqlwYkOXtOVHj-dg?stp=s1024x576&edm=AOnQwmMEAAAA&_nc_gid=Buz5V83ySCyOq7pq3cT3gQ&_nc_oc=AdpjALGb6hd8fxHMc5uwM84Kgp6Qq-3hiHrzVnS1u4hTjXsgWXiiyyYdgWkhWHAIKDQ&ccb=10-5&oh=00_AQKtsvKR6NNHMYUIwCL2ystqjIibgqoIGPAkgnaGc6CKPQ&oe=6AC953BC&_nc_sid=201bca,perspective,none,none,False,0.616,237
1217932859112420,-77.002620236502,-11.975028030492,1676928170000,2023-02-20T21:22:50Z,SAN JUAN DE LURIGANCHO,san_juan_lurigancho_03,139.99,lxvtOCDU2Y0AzN63rqhGFm,https://scontent.flim26-1.fna.fbcdn.net/m1/v/t6/An_7adbLzd_nrQu8XuivfKpnO36QNKAJIJj_DB6WtqSsUe51w1EKjhrnIzP2khFnPh-R4j1sYXkajVav-K6yfXj_BuoDDlUzqaiuyRNwLjvKPkhpNkJCVrH1egpqNaXZhmdkzaXQZT_i9Lf-t-s8DAw?stp=s1024x576&edm=AOnQwmMEAAAA&_nc_gid=Buz5V83ySCyOq7pq3cT3gQ&_nc_oc=AdrF36cXDV-srYCV85GKhCM2fPzNwI7hScRRNbwV0wFgUWt3T-bdu_aspzGDMfr2VEI&ccb=10-5&oh=00_AQLljnKWfEbq9omHdhCD1gBio5C_UxanOzoJ21QEpO0-yA&oe=6AC950D4&_nc_sid=201bca,perspective,none,none,False,0.648,142
526214485426038,-77.00307057808,-11.975182748146,1468271862000,2016-07-11T21:17:42Z,SAN JUAN DE LURIGANCHO,san_juan_lurigancho_03,321.17382493112,izgm8effWhZ4UjBAtRxSAQ,https://scontent.flim26-1.fna.fbcdn.net/m1/v/t6/An8K6mSI9MzffTzbDIF5pREaB8geNJlZXvPfC_C7kwzqqDKiHN6a4eGliCi8zl6JSLBAyjSYeEU7NNBVycQc8ryqg3G60DyVtv5AE0jYxF5twVGedKiZQwuEnnlWfeg5A5HYC6o4hatGVOjSH2SfzQ?stp=s1024x576&edm=AOnQwmMEAAAA&_nc_gid=Buz5V83ySCyOq7pq3cT3gQ&_nc_oc=AdrQx4AJE6MjnuUGuJq5oZqnihVEVRA3vP0e3VJf2ek8-sRt5h8nD8YfAYtFuV86Wmo&ccb=10-5&oh=00_AQLFFfvzb_ATYsfQXo_MhaGUI7bREoe8ff-AMQWyzGOFOw&oe=6AC960ED&_nc_sid=201bca,perspective,GARMIN,VIRB-ELITE,False,0.638,0
617481376894848,-77.007537012437,-11.978205805085,1676917580200,2023-02-20T18:26:20.200000Z,SAN JUAN DE LURIGANCHO,san_juan_lurigancho_03,121.76,8D0qWLUsiaQlg9YCIcTG3f,https://scontent.flim26-1.fna.fbcdn.net/m1/v/t6/An9LUGhhk02zRSWvKngsAyN0eg-5CRdUwgX8C-3CjXsVDsUvW3qvcSDhyTmAHhrruZeKapaX6Aer2WY7THAXoDrBZ7834YaQNvN32IYhW4q-MJ78uMcRp9HdMH6JbUMSHdJBcNJj3gpRLaX0frRK5Q?stp=s1024x576&edm=AOnQwmMEAAAA&_nc_gid=Buz5V83ySCyOq7pq3cT3gQ&_nc_oc=AdoC2rZuFhXB4y-NylHS7BoDg6M2J8YqOcnVZ8PXwJgqeEX0rR1VCeM3d7I48yZNggc&ccb=10-5&oh=00_AQJ1Eq7v224YqaqluUN-4x-idyN1CW0zxiu7r8dqNslW7w&oe=6AC95F36&_nc_sid=201bca,perspective,none,none,False,0.708,366
620107833282964,-77.007303047786,-11.978429866102,1676917582200,2023-02-20T18:26:22.200000Z,SAN JUAN DE LURIGANCHO,san_juan_lurigancho_03,211.49,4BJaZb57hHsq9DQeI02nVR,https://scontent.flim26-1.fna.fbcdn.net/m1/v/t6/An_iChBrIV8djo3Z6hrbmZUsk2yNW6TC_uH2521ACVJMlENiZAMc8UQk6WgSE9uyLBPZz3XAaSGqX8WDP3c-9nAF33wt530YVEemsmDjFI8O_Sj1qkKcSK9aZ9A9iv9om3rTJflIDzGr6yze7uPL4Q?stp=s1024x576&edm=AOnQwmMEAAAA&_nc_gid=Buz5V83ySCyOq7pq3cT3gQ&_nc_oc=AdrmUB2KPJhvYBvxSxd93DeMoRulWMFgqflvqOnH24q87lm52wmDcxBRYWAdo0GlUjY&ccb=10-5&oh=00_AQL-GBttyeU-oorJ2YmoAxtKSRMnT57MKyWVd70DbqADaA&oe=6AC9491A&_nc_sid=201bca,perspective,none,none,False,0.53,240
6308822102502980,-77.002592972339,-11.974995050737,1676928170600,2023-02-20T21:22:50.600000Z,SAN JUAN DE LURIGANCHO,san_juan_lurigancho_03,140.27,lxvtOCDU2Y0AzN63rqhGFm,https://scontent.flim26-1.fna.fbcdn.net/m1/v/t6/An9st1OOddXzZyawx6qkyHs0HMbbtcTLUf8lFkvnwJTZ_Sv2pNhjUtH00zcfFl1FXo48WhZe7K60VpbVjItSgDDHntzWVkIrEs93poYXzdzpzN1vS8J1Ul78GkfmGvCyAIKRA8k5CYMTe3-DjKALfA?stp=s1024x576&edm=AOnQwmMEAAAA&_nc_gid=Buz5V83ySCyOq7pq3cT3gQ&_nc_oc=AdpGHxaKHNRSaQycyyzSFMnuxip37ye5c-qe8Fpvq0MUEKYTP3mENucqKhKvHW2-N8w&ccb=10-5&oh=00_AQJjYOj7b00ORbN9OTSONpgQlAjEuWDoK7pWWUijI_9vhw&oe=6AC936DA&_nc_sid=201bca,perspective,none,none,False,0.54,139
1162488694459144,-77.007427841157,-11.978351060591,1676917580600,2023-02-20T18:26:20.600000Z,SAN JUAN DE LURIGANCHO,san_juan_lurigancho_03,211.44,e4TEd8q5CgvmGyUn2Mslcx,https://scontent.flim26-1.fna.fbcdn.net/m1/v/t6/An9-dODOByDmiG7qYOWob0gn4jD-hWTazp_qExWAU0HbsJ0wibLcGHnp1CNmckjd3bGg3Jfoloh8MHYl9mEop4JidSVPyW188m6THYl1rtxGkB7UneD4Zipz9x4BgUzde6bCmKQAg_N0SDLj4VIK5Q?stp=s1024x576&edm=AOnQwmMEAAAA&_nc_gid=Buz5V83ySCyOq7pq3cT3gQ&_nc_oc=AdoKXbeIRpf2kI4lLM3v3ubc8SvUVzG3Z3-5Ny-NXBG3erf7qEOp8rQ6gTt3h-HKh6E&ccb=10-5&oh=00_AQLHnjDTZLyhB6S628WoXAAup-H3AgZSenAWRUyI8IxoSw&oe=6AC941F0&_nc_sid=201bca,perspective,none,none,False,0.599,180
1272658159956363,-77.007240676598,-11.978344286555,1676917583600,2023-02-20T18:26:23.600000Z,SAN JUAN DE LURIGANCHO,san_juan_lurigancho_03,31.31,YvOBoTJ6qKN2AVZjw7puhH,https://scontent.flim26-1.fna.fbcdn.net/m1/v/t6/An_b3r8R-3OaqA1dilJqgF2cc2EQg0nx4AFl6YvJCxQwzMp26SRyTrXGyjZMjcEX6W8ah9dJUWvQbubNzb6jEXlIxUdcYAIdwNyWDKRnxf5oOtqyQQ3FLFdwh-76ZW_IjM5M0vjBvbLy0IIeNpvUEg?stp=s1024x576&edm=AOnQwmMEAAAA&_nc_gid=Buz5V83ySCyOq7pq3cT3gQ&_nc_oc=AdqYNUArO-SV9RAo7rN2_Nn0V3a8dRnSx65L0CeDYeYCDN2iADKT-5v_J383Skpnwfs&ccb=10-5&oh=00_AQKMKPB18VOjlANPxDnHog3V6kmIwtKsjPOLjJqopqjkGw&oe=6AC945FA&_nc_sid=201bca,perspective,none,none,False,0.677,271
146556251633745,-77.002838107149,-11.975514913757,1676928166200,2023-02-20T21:22:46.200000Z,SAN JUAN DE LURIGANCHO,san_juan_lurigancho_03,139.74,lxvtOCDU2Y0AzN63rqhGFm,https://scontent.flim26-1.fna.fbcdn.net/m1/v/t6/An8m01BeDW8Q3LUHImA82EhQrb1-ZKX_21JMxRACjL6LMZbFFZuWzJWT_6yZ0ouaGxz7UgKt--2xRe_eF8rCXwZIurLrg7h2YVDwm9vrH2lCvmF8TpRaiLa8LnzUDpMJM9k8xyw20ZkRzow1hOp4BnM?stp=s1024x576&edm=AOnQwmMEAAAA&_nc_gid=Buz5V83ySCyOq7pq3cT3gQ&_nc_oc=AdrIjVn0jIZClgmfnAM7_Ybe9TMwdX24C_RH9hNjaBtX8O8IGe0ilN469pmgA9_Z-Ng&ccb=10-5&oh=00_AQLWEgmfI0LHWLcLPwnQwJz7Wv0eBTBCjimRbblFRoGO9Q&oe=6AC95279&_nc_sid=201bca,perspective,none,none,False,0.67,132
1549518498873069,-77.007348936133,-11.978210966773,1676917581400,2023-02-20T18:26:21.400000Z,SAN JUAN DE LURIGANCHO,san_juan_lurigancho_03,30.66,YvOBoTJ6qKN2AVZjw7puhH,https://scontent.flim26-1.fna.fbcdn.net/m1/v/t6/An8ORRQEVir4AP6nTJxpyGP32TxWKpVjeqpLl_I5P6xtqQMfWFfVev1JfjSf1u3Gm9Gn2e9ZqsFxkYOPE834Dnbpc6pSF8VqbuYm-XuZ0MNi414FGNAUEfhnEhEk1m5lNt-YtpnSx_rQqaWAvrZrB2s?stp=s1024x576&edm=AOnQwmMEAAAA&_nc_gid=Buz5V83ySCyOq7pq3cT3gQ&_nc_oc=AdpdkGIBroZm8oRNBAukf3qBMGbLowFH0DeppAvXEcJHNd_GT8zHUxSUNfjU4hf98iQ&ccb=10-5&oh=00_AQI7HBbK_BeDMY-sOz8vBxc_kFYxWQoOUYvHuA3wrC9oVg&oe=6AC95553&_nc_sid=201bca,perspective,none,none,False,0.667,186
894342115207021,-77.007093593765,-11.978451389325,1676917585200,2023-02-20T18:26:25.200000Z,SAN JUAN DE LURIGANCHO,san_juan_lurigancho_03,29.27,YvOBoTJ6qKN2AVZjw7puhH,https://scontent.flim26-1.fna.fbcdn.net/m1/v/t6/An8VokYdRtckJoxJ2thIPjEu9y3jKKLPY7KSvX9RGYYEnRLAQWxc3DMiEXNNzrlG8_J48u6lMszMfw9kiAH8PH-wP9Mivianpob78qae0rYlqpE9RQfcmxzW3YUzwilWGnXSQ056Lvhpay8Fzw7I-Fw?stp=s1024x576&edm=AOnQwmMEAAAA&_nc_gid=Buz5V83ySCyOq7pq3cT3gQ&_nc_oc=AdonXf3wRDTCjGjj93t_ZRCJEkczWcwaggslO28gliZpT3OfVwCVIMzt0GATQcHrJ1M&ccb=10-5&oh=00_AQJ1wornWKmAxMuLuyNrkv2IxLwPSRx_CnXmryb4vQMZEA&oe=6AC9328E&_nc_sid=201bca,perspective,none,none,False,0.558,163
461847029411085,-77.007122,-11.978537,1676917584600,2023-02-20T18:26:24.600000Z,SAN JUAN DE LURIGANCHO,san_juan_lurigancho_03,210.11,4BJaZb57hHsq9DQeI02nVR,https://scontent.flim26-1.fna.fbcdn.net/m1/v/t6/An-2Lp3qljWJfxokil6ndf3xsFC-YF5naCT8VR0A7AOezUCY6ZOXonnJvAg9i-S_GrMejX45ffJJd4A-qpSmYPAZ4Xx6uMPbznd739X1f1B_Jr_aEWcHYW12eq-kVQuk7alvVdlrJganx5OGcJnxKQ?stp=s1024x576&edm=AOnQwmMEAAAA&_nc_gid=Buz5V83ySCyOq7pq3cT3gQ&_nc_oc=Ado4-Iik6AkKe2U23885rSZWRnJ55YpJoUqZ1Bs-kVgN-BCFszWbPd0OElNg8qUUUJM&ccb=10-5&oh=00_AQIae5JewlEUu-zst85nELqWe1oFaSdpgDpSk_vyFgqeHg&oe=6AC9603C&_nc_sid=201bca,perspective,none,none,False,0.615,216
1565505230599527,-77.007538040731,-11.978214229393,1676899583000,2023-02-20T13:26:23Z,SAN JUAN DE LURIGANCHO,san_juan_lurigancho_03,119.88598066216,unzrhaDEFO24LUmKbVo09J,https://scontent.flim26-1.fna.fbcdn.net/m1/v/t6/An8FNHYuZX2TKiMojuEc0AjwzJ2ASAmavexANKZhZvOfZgeUjzXSo7uIp-5rzTH6n_9NEBV5IMDbics2lNbaU4V_AIne46oMq4vbs_Jsh2dFMyh17IV5MHNRes-VPpIGOZn-OHkyaIXMzgoeZDWae3k?stp=s1024x512&edm=AOnQwmMEAAAA&_nc_gid=Buz5V83ySCyOq7pq3cT3gQ&_nc_oc=AdrvRib-r2PmZFskXlBiCN38yNCA8_MbK_Zub8jGvFSil7L1etZWvWEcZB7ozma-XSM&ccb=10-5&oh=00_AQK-g7tFdF4Perq5qbcFaGVj4jeg9YtY-Aas5PujBBWOvQ&oe=6AC944C2&_nc_sid=201bca,spherical,GoPro,GoPro Max,True,0.879,317
733780328234666,-77.007271102654,-11.978313298175,1676917583000,2023-02-20T18:26:23Z,SAN JUAN DE LURIGANCHO,san_juan_lurigancho_03,32.56,YvOBoTJ6qKN2AVZjw7puhH,https://scontent.flim26-1.fna.fbcdn.net/m1/v/t6/An86AvYYRka-y0NsRXaNhvbVPSXDWf1E_IpBOhCiqLX9YSSWJGaIwQwCqmoC07ySxNbAgtN8PQ7mr2EMICnJZBVdnGqol4RXI10FYV0vh9g6W3CCiXGyGZnRxjkkqiJhNa_J8Jrsa2q9S-D08NU_mSk?stp=s1024x576&edm=AOnQwmMEAAAA&_nc_gid=Buz5V83ySCyOq7pq3cT3gQ&_nc_oc=AdrA36F__IBF25uLWLmBbkMi66kWQqH3HweqwJO-QaA_AxseuyldeH7HqUaYJxjW5go&ccb=10-5&oh=00_AQKk0MolhcxwM9Z3562kahMIcXF2AxdbwW7J3WTn8XS1lQ&oe=6AC9418F&_nc_sid=201bca,perspective,none,none,False,0.647,218
1155270898425685,-77.003196536391,-11.975270551313,1676928083000,2023-02-20T21:21:23Z,SAN JUAN DE LURIGANCHO,san_juan_lurigancho_03,230.03,B3Z71qAudxmXozNYwykQCp,https://scontent.flim26-1.fna.fbcdn.net/m1/v/t6/An_E_NEp_qkJ5kPOkyx-8-R9CK7wzJgO6D8Z__W8iXyGLKjFON3hw9qRO_LwU7V6AgeEQW4lPU7ioFUMUa5-oM7sKyUHocwDRqlDOlFE7XM-OcoszPF1nTqqZKZ3BklIYS8y2qgHu-_wXSN_xwwNAy8?stp=s1024x576&edm=AOnQwmMEAAAA&_nc_gid=Buz5V83ySCyOq7pq3cT3gQ&_nc_oc=AdqrPTyyHiVztg1cZe95rEm58zDNvEIZ46Z_RaCyFRLNjApAtxsA5rGllIqRd6hqqwc&ccb=10-5&oh=00_AQLl2BoqRexcW7fZzNSR2pMIvHuyffWkR7lX_DDSabTJmg&oe=6AC9585B&_nc_sid=201bca,perspective,none,none,False,0.481,264
1060324624925150,-77.003009199972,-11.975322,1676910165000,2023-02-20T16:22:45Z,SAN JUAN DE LURIGANCHO,san_juan_lurigancho_03,50.017115310177,exdfvVJnkEibToRSpLlNj1,https://scontent.flim26-1.fna.fbcdn.net/m1/v/t6/An_ThidOGvjo3xeIJVJBzDcUTiqykjTWlFLGR9hUh7pIF4yyWztkf_nlZxE0jSlEECQxF70WuRnUXXmuKbYyfkF4DkugenTA2H61amPeJ0oCVPbKa85McIZ3iX0Sv8nZSeUy5RVZ1SJDdXL_cs6wb2I?stp=s1024x512&edm=AOnQwmMEAAAA&_nc_gid=Buz5V83ySCyOq7pq3cT3gQ&_nc_oc=AdrmlTRpDyL9JF3e95b-sT8BuD8ONZPtH4Gdi04MXxAaBTM3i4rGvACzeqW2Z80CQNs&ccb=10-5&oh=00_AQKroor4yVLSYB1Ap5uaFispaJdUq4Gs4ZokJn4JLoXymA&oe=6AC9617D&_nc_sid=201bca,spherical,GoPro,GoPro Max,True,0.847,359
6614446548584761,-77.006964557827,-11.97851281597,1676917588800,2023-02-20T18:26:28.800000Z,SAN JUAN DE LURIGANCHO,san_juan_lurigancho_03,117.48,01ARbcmCtreXvy4wVDiYNP,https://scontent.flim26-1.fna.fbcdn.net/m1/v/t6/An_gvIcgvL6Al5qt7UccMrwsaH2uVNwec-3muIdPfh-L5SXi9MMQhnbSW6lGF-hBpAwbZzq6gFZiVmN71FQd3RmEcHduCemWmjVuXP39yUBeUpahB52T1uHKjJb0Hzg3pgDuDD2bQYDCEjD0TZ2yRA?stp=s1024x576&edm=AOnQwmMEAAAA&_nc_gid=Buz5V83ySCyOq7pq3cT3gQ&_nc_oc=AdqBxk9zBjF9PrmzbudTv4bUm1zLlRHge5f80eCJ7e05ZU0cJXEyMQD9ROeE3x-tfI4&ccb=10-5&oh=00_AQJCHBHlnWkCo6e7DPuZj8A0yucpWSWEG0dxYcw0D_Mj-w&oe=6AC9322B&_nc_sid=201bca,perspective,none,none,False,0.722,297
1645893905833508,-77.007133885676,-11.978427103413,1676917585000,2023-02-20T18:26:25Z,SAN JUAN DE LURIGANCHO,san_juan_lurigancho_03,30.01,YvOBoTJ6qKN2AVZjw7puhH,https://scontent.flim26-1.fna.fbcdn.net/m1/v/t6/An_xRLwaDxGYWiyy5oHfnBOl4vUEV63X6LtHMYDUbcfoiYDmN9IOCZ1AzWeK1jjweawyzUc787lL342G5mYybLtnUTQHZAQXEfvIQjSmzegKewP2UygDOYVqDhQReSQZaxPmaWUWuGXpBa937HHHYQ?stp=s1024x576&edm=AOnQwmMEAAAA&_nc_gid=Buz5V83ySCyOq7pq3cT3gQ&_nc_oc=Adr14MeozGRcOWCDNJRUPvlgt-qbO367VKUtxY_79F6DWA06_h-ewR5r7KJp6WBS40g&ccb=10-5&oh=00_AQJ1xlYv5JVHeCr5B3K5XT0TtkjmxR3qVLnPF3-IBupWWA&oe=6AC947DE&_nc_sid=201bca,perspective,none,none,False,0.669,182
548228643808383,-77.007344909768,-11.978296430408,1676917585000,2023-02-20T18:26:25Z,SAN JUAN DE LURIGANCHO,san_juan_lurigancho_03,120.46,01ARbcmCtreXvy4wVDiYNP,https://scontent.flim26-1.fna.fbcdn.net/m1/v/t6/An8TB_xA-TYWANn1szQPIHUQP9VDDZ_nNTd7qo_BOf7l_iM10ZtItb6JwWBHJL-xGfSutzxuhXphIl2M6Grbo8GYk-GCn6ZNBQbaDCHDD2H6ez0wR2VNALF0R3-XGsJaOgIDxQza5UlrHkn2ce-fxw?stp=s1024x576&edm=AOnQwmMEAAAA&_nc_gid=Buz5V83ySCyOq7pq3cT3gQ&_nc_oc=AdowJX7dIpDORLyFnbxfqZTPWTZp2Fr-GSUMte15AAcw6IN0Gu8TNIk89RaiY9hyHFw&ccb=10-5&oh=00_AQIRbmDOzlaBPVaezI_yVfX0sFIvSnYJ9qmSZQm_8eZRPA&oe=6AC94DE2&_nc_sid=201bca,perspective,none,none,False,0.704,370
158675323658928,-77.003154,-11.975314,1676928083800,2023-02-20T21:21:23.800000Z,SAN JUAN DE LURIGANCHO,san_juan_lurigancho_03,138.63,RxCe2iuV7vBH8wzJZYIAk1,https://scontent.flim26-1.fna.fbcdn.net/m1/v/t6/An_a-T6EkHuSP-oIJnJ8OOvo4jtg0ZzB6jNhbyx2QMcsIdm2HRn-ogGM9rlUtR2mxthYQaEy_l6ieG_w2nZSugz1_Kh2B3jCQtoGm9_30qbEzsMzvtqemT-iZiC4-4tPNrMqkMFTS1oCbeIvRAg9hg?stp=s1024x576&edm=AOnQwmMEAAAA&_nc_gid=Buz5V83ySCyOq7pq3cT3gQ&_nc_oc=AdpWzQO4yjQQjpb_JAJG1UgFnqQDRmbj86-HyWVp171pquyqt-FYBIdiCuKYn7zSgvU&ccb=10-5&oh=00_AQLivUwkkUUG206Bgx4qgPpoqOGLaPbS_ATVGvNImqqtiA&oe=6AC95B2E&_nc_sid=201bca,perspective,none,none,False,0.619,295
868033124301593,-77.006842729081,-11.978671897527,1676917588000,2023-02-20T18:26:28Z,SAN JUAN DE LURIGANCHO,san_juan_lurigancho_03,204.96,4BJaZb57hHsq9DQeI02nVR,https://scontent.flim26-1.fna.fbcdn.net/m1/v/t6/An-uVtQKKYADoomSET3UsGiZn9jX_WVwT2TOyuSjGdB1kcCF_MN4ZmbW8xbKhZMaRkskq2QA3WkSUKX8xMZ5ccnzbDWRsbN_eUdXxV02bV2wT-wYfqW8Ys8RyEUhNGiNmDf52HQTc3jX--WYUt9j6Nw?stp=s1024x576&edm=AOnQwmMEAAAA&_nc_gid=Buz5V83ySCyOq7pq3cT3gQ&_nc_oc=Adq1pXduDjBkK7bzBW15Ld8JpVsh7lrj99Z1E8_fvtgRLB7hn_Br-jQNMpzHuS3jlWA&ccb=10-5&oh=00_AQJDbO5x_lf-W138mVwNUTuHeFuUgDcJtHrb18mGrg3JEg&oe=6AC947F2&_nc_sid=201bca,perspective,none,none,False,0.585,191
1246288436271848,-77.002683893872,-11.975126371372,1676928169000,2023-02-20T21:22:49Z,SAN JUAN DE LURIGANCHO,san_juan_lurigancho_03,140.4,lxvtOCDU2Y0AzN63rqhGFm,https://scontent.flim26-1.fna.fbcdn.net/m1/v/t6/An8rgnrYkQFTLMh-dzP5AseJ4EJCTWoeUhChKpz8roXju9y3U97NZbZ0K174pkb88B32c5m21qbKrPXfdb6faBorrVnw-gysMvVlX1urUFp8VFMxvsh0XK9B_zRoXdTFC3gyjIFAoRWLml0xs1VyBA?stp=s1024x576&edm=AOnQwmMEAAAA&_nc_gid=Buz5V83ySCyOq7pq3cT3gQ&_nc_oc=AdqONPaFvVbaZmu5nL41_c1orakXz49XjTg1pqx01R1rGq1F9BZC7uj59Gxp-PdHbN0&ccb=10-5&oh=00_AQIATGWUHsiDqJtsbY6n_XQ9SCh1-i8mM7C7g7t9SswCnA&oe=6AC93717&_nc_sid=201bca,perspective,none,none,False,0.597,105
207603768516398,-77.006952,-11.978632,1676917586800,2023-02-20T18:26:26.800000Z,SAN JUAN DE LURIGANCHO,san_juan_lurigancho_03,208.65,4BJaZb57hHsq9DQeI02nVR,https://scontent.flim26-1.fna.fbcdn.net/m1/v/t6/An--wIBEhPE346lvcDRqvblStjpq1YhhlKMH-z9I80YqYUNv9Kwa6ZJ9z1o-032D3ubbDHR5n8giy3PJsw5LedEV74gHWJJh949f0KGo4jBDQeYljvgqAezd-6TwEuyS6iDioxl3lRTlyR10EhyOuw?stp=s1024x576&edm=AOnQwmMEAAAA&_nc_gid=Buz5V83ySCyOq7pq3cT3gQ&_nc_oc=AdqDKiUUUK8w7RWAYbsOOwOcqaSdfowW6_9P198nXC9s_XnJVfT4Qa6l8ggu5JD3A1M&ccb=10-5&oh=00_AQJNqjQbUFX1J6_J4a535zOVex-QAdJQCbN0hpkTIyQlFQ&oe=6AC94CC7&_nc_sid=201bca,perspective,none,none,False,0.444,136
510108441198088,-77.007434027711,-11.978272390638,1676899585000,2023-02-20T13:26:25Z,SAN JUAN DE LURIGANCHO,san_juan_lurigancho_03,118.15916318417,unzrhaDEFO24LUmKbVo09J,https://scontent.flim26-1.fna.fbcdn.net/m1/v/t6/An-4F9o1o_en7awSrthAHZg9zG-BHGC-QfnL7Ha8Q3SFJgE4izN6THY6KUM1nQS2HKZmu2PMGvVBa_tOKsyDoyCYuK270dOZJpdX4NHW6P6bxKCxttWkWQQYQsOl2Dj6PShUfey8qAW6kNUedMLtbQ?stp=s1024x512&edm=AOnQwmMEAAAA&_nc_gid=Buz5V83ySCyOq7pq3cT3gQ&_nc_oc=AdqXp-0sWAtYHrlkWOatHnM5NsjB3SwiPvf7hpVkzf_Q-SM54OZtxlpvEkUj7MdSXC4&ccb=10-5&oh=00_AQIElkzK9T_QrZlhq14xPMKBtYMS1fLB5hwNIN4e7uF9Ew&oe=6AC95990&_nc_sid=201bca,spherical,GoPro,GoPro Max,True,0.895,403
182946724435381,-77.002928413349,-11.975266592965,1676928166800,2023-02-20T21:22:46.800000Z,SAN JUAN DE LURIGANCHO,san_juan_lurigancho_03,50.34,6wQ8h3PYx9rgGbOtMoUmfH,https://scontent.flim26-1.fna.fbcdn.net/m1/v/t6/An962XU7-PnePkeWQ0ziPu2fg3EqeUBAPhxXlcrFVe3wwsFgG_QLkYZ9e8JyFkfPX9COgssKb7ZLej1I2AHg4Rb8KSk3LBHaSoO5nTG_KQ4PRt_DjpGAoU6LpWUFd5tiDO7RymjGk9CVn4HKd3OJGw?stp=s1024x576&edm=AOnQwmMEAAAA&_nc_gid=Buz5V83ySCyOq7pq3cT3gQ&_nc_oc=AdoV8IQJnIHlurK6xZ81tJ78i4v4ucj0qSCgfANX6TmkMfeDuSxcF0I-mZApyvPtpaY&ccb=10-5&oh=00_AQIKf2sO0wGwz17Yx9FzRH43jUOBRmlZquYPVGXkEbZktQ&oe=6AC947FB&_nc_sid=201bca,perspective,none,none,False,0.641,336
1646873695726881,-77.006965589948,-11.978507898043,1676917587400,2023-02-20T18:26:27.400000Z,SAN JUAN DE LURIGANCHO,san_juan_lurigancho_03,26.84,YvOBoTJ6qKN2AVZjw7puhH,https://scontent.flim26-1.fna.fbcdn.net/m1/v/t6/An-IdBRbwLcsEidAhXz-fb9-8xShBsaclPmmo7Iqs7QERGKIFCEGcxaP0L390MGQ1EpJxtonlPW-bGoBE8NCGCNoQUzCCt468hEi5WNFu3ii2mB0a_3hOAGIQokMtIiYczppJvafQs_vxsBb_JhH8w?stp=s1024x576&edm=AOnQwmMEAAAA&_nc_gid=Buz5V83ySCyOq7pq3cT3gQ&_nc_oc=Ado39YhsRShW7c82JG3jXkrn2gPoCVA1eqC9ThxcHq_TTKGp3BG0MRspkhWf04iHTyw&ccb=10-5&oh=00_AQIXKRtYretpK-fGtU-Y9V1rcE4OHsFYCbBV2bCcZWxsGg&oe=6AC95F51&_nc_sid=201bca,perspective,none,none,False,0.635,150
928217991689644,-77.007014,-11.978598,1676917586000,2023-02-20T18:26:26Z,SAN JUAN DE LURIGANCHO,san_juan_lurigancho_03,209.93,4BJaZb57hHsq9DQeI02nVR,https://scontent.flim26-1.fna.fbcdn.net/m1/v/t6/An_PkKKhsATLf9_I8LT6ey-1jdE0lbF0WaA_GG9X2CI2wuV8CSzWNq1HQz_9O-uCz5MH9dJCaJl9vOb-ie2vBiqhZXOr8oSiAD7FIiSR1U8gIv55lXRBqlu9tgyXWVc_Vc4QCaPEzYGsFYEG9SG2GiY?stp=s1024x576&edm=AOnQwmMEAAAA&_nc_gid=Buz5V83ySCyOq7pq3cT3gQ&_nc_oc=AdoNeQ0jOY1fy3c-1ehL1w445eKCtbqkh4srcl4H1l4aXr_4yLxibqlz4fvK3dumwdY&ccb=10-5&oh=00_AQL1bCUSqjfYUQYWp7UF0wAM6qkEC211TsDv31x16SLePA&oe=6AC9618B&_nc_sid=201bca,perspective,none,none,False,0.487,176
202478889135786,-77.007125099784,-11.978421450533,1676917587000,2023-02-20T18:26:27Z,SAN JUAN DE LURIGANCHO,san_juan_lurigancho_03,118.02,01ARbcmCtreXvy4wVDiYNP,https://scontent.flim26-1.fna.fbcdn.net/m1/v/t6/An-X1W5gxUyltHttvilBvJJz3GGJGwSplII9F7zlnKyyJll0Ay6bLYYtvtVymxKBc_9yF49zp2iWD__iJuxEirMkUFbe55eInmaiCFJawHL3rRAaCKTLhA96twqchnWdVLvlGOa7gWg5M4K1V4Fqxg?stp=s1024x576&edm=AOnQwmMEAAAA&_nc_gid=Buz5V83ySCyOq7pq3cT3gQ&_nc_oc=AdrJsr9J58gzhfPlq72UN0dk1wlfrkr0rnQZrX3b9dGJMX5tgWkgdOUcdTio0at8SPc&ccb=10-5&oh=00_AQKy5rSrjlEyU0RXz_6iaCCa3uXzD4TCIqB2hmwA-NFRVA&oe=6AC95F26&_nc_sid=201bca,perspective,none,none,False,0.706,413
1278256779776826,-77.002746024262,-11.975236850623,1676928168400,2023-02-20T21:22:48.400000Z,SAN JUAN DE LURIGANCHO,san_juan_lurigancho_03,141.19,lxvtOCDU2Y0AzN63rqhGFm,https://scontent.flim26-1.fna.fbcdn.net/m1/v/t6/An_YLe_RIKuCvHREw0sw1t1fX0Dr5hTBOQwOu6cINyRlCACxCCOBtYfVxFHuQg-2F17YydVR5OJS01QeawDPw6HKvLFKlnFQvLz5RJe8IsUrX44O2JRuE6Lx91OgKG0XYeuEX4Jc_okuidvCVQcCmA?stp=s1024x576&edm=AOnQwmMEAAAA&_nc_gid=Buz5V83ySCyOq7pq3cT3gQ&_nc_oc=Adok5fMVMboVu8172ZzRJbM2iiiPiaBgsN6dcv2Nv3WNxnhi-gab-Qh84acnGRF4v94&ccb=10-5&oh=00_AQLiChCsivFuXTkBhaoh2o1a88YUNn5oSZMS2Cx2tBWqpw&oe=6AC9337B&_nc_sid=201bca,perspective,none,none,False,0.572,152
310955417250470,-77.003132220747,-11.97522401719,1468271863000,2016-07-11T21:17:43Z,SAN JUAN DE LURIGANCHO,san_juan_lurigancho_03,228.80357935797,LkT-NdZZst88eHuI3T_Ucg,https://scontent.flim26-1.fna.fbcdn.net/m1/v/t6/An8KK0khWlh0gGKk3FyRDobn32Iasf9YXgbDpJAIQ4mUFVWIP0CuG7UtSp2XG7zwBosGigH5HIwo_PRw_48oD1NtlgUPj-OIdBJzBXuuDJxkusVtYYHSEVPDgYQ2hz4q4OkDtG5gOiWAdMQsy7-g4Q?stp=s1024x576&edm=AOnQwmMEAAAA&_nc_gid=Buz5V83ySCyOq7pq3cT3gQ&_nc_oc=AdoP4hz4b3sWktE0PTfAI578wCtRVtGXSlM0w8TBs0cyU_orZTUryGsRjpv5ixHnxis&ccb=10-5&oh=00_AQIdiRZn2qgIQ6c-3FbVfIM2FeWGpAF_H4cgNlKQ_aZ4og&oe=6AC9512F&_nc_sid=201bca,perspective,GARMIN,VIRB-ELITE,False,0.525,2
1123171935021123,-77.003243400531,-11.975025722619,1676910167000,2023-02-20T16:22:47Z,SAN JUAN DE LURIGANCHO,san_juan_lurigancho_03,49.082028024662,exdfvVJnkEibToRSpLlNj1,https://scontent.flim26-1.fna.fbcdn.net/m1/v/t6/An_p2h6DAyHxYghMIKr2NnLe7BY9ZZetNU2CSLayf4c8qb4hWHa1mYYCbhj5-Uz-S6kMPHjm6aaUkKkK9JtLLP-BAfOFLDCSsLg2PWKKWK0SnLOza1ML6BXpok27Ev5Pe2HskK3LASb5G0wj6DmocA?stp=s1024x512&edm=AOnQwmMEAAAA&_nc_gid=Buz5V83ySCyOq7pq3cT3gQ&_nc_oc=AdrwWJ_RQC0JCZgLPBSzEszjDcE5LcAv_Rcd1_EQIlYq7u-xW7LtRrEMYibZhR3lD78&ccb=10-5&oh=00_AQKQ2mRh04wCw2uyQ8RChcMs4pl3LS-ktD1hUgSKjrfBKA&oe=6AC936E9&_nc_sid=201bca,spherical,GoPro,GoPro Max,True,0.863,396
578551844212750,-77.002819564249,-11.975175558207,1676928167800,2023-02-20T21:22:47.800000Z,SAN JUAN DE LURIGANCHO,san_juan_lurigancho_03,50.26,6wQ8h3PYx9rgGbOtMoUmfH,https://scontent.flim26-1.fna.fbcdn.net/m1/v/t6/An8y115jIHIpLQCxbnrjywghYei-cWuZ0NlmzTVnoh570WlVxI_ZwPv041AY50M8kuZW2Wb-2KpNg7IPWNJSvlB8XzzQPqys6C2WJG6sFAqRjTX6PrDM6r5qEiLCHUT_DHc_cqomwDAUPMMnWIbyAQ?stp=s1024x576&edm=AOnQwmMEAAAA&_nc_gid=Buz5V83ySCyOq7pq3cT3gQ&_nc_oc=AdrcGq85s5yhMLIR70PwI74n9hAw6ulvHhn812fSkFkdpiDMBkCxJOi5vlq6li0IWos&ccb=10-5&oh=00_AQLnma1oFsUY3_rZWlCrFoPere28MvgXn44iS7JxT2GTJg&oe=6AC95529&_nc_sid=201bca,perspective,none,none,False,0.659,421
598583885097713,-77.003092,-11.975361,1676928166000,2023-02-20T21:22:46Z,SAN JUAN DE LURIGANCHO,san_juan_lurigancho_03,319.54,KJPxZm0LHSYGyw63tUORgD,https://scontent.flim26-1.fna.fbcdn.net/m1/v/t6/An8D6gnRBztSBsKVYwhD5R4Cjx_IZ-XjkQcxyTKjfrDwwDfgYomhki4m33nZ3_gaIJmrK1Erp0lG20oZXe1RFrYNpSjzoQyIs_f7RVAp0wZ2UEKX4QYASJtMtpEOII1vSSKNKkdJJtAUvAaI7moSQw?stp=s1024x576&edm=AOnQwmMEAAAA&_nc_gid=Buz5V83ySCyOq7pq3cT3gQ&_nc_oc=AdqJPYGqfslXiQacHP1K4YCR_6ftfU87uP_ydz9xoSsU6kP8Xw6K08VrWaKcxClSYWA&ccb=10-5&oh=00_AQKOU0ZSJlqvmidQeewJzYQEwdU-4aZ3KpTuPbG2DBHMSA&oe=6AC94069&_nc_sid=201bca,perspective,none,none,False,0.625,187
219089307259929,-77.003127696766,-11.975204005829,1676928082000,2023-02-20T21:21:22Z,SAN JUAN DE LURIGANCHO,san_juan_lurigancho_03,230.06,B3Z71qAudxmXozNYwykQCp,https://scontent.flim26-1.fna.fbcdn.net/m1/v/t6/An-P5nL60kYglBsiCgBw43VACeugNn8Cm7p568zF_UOe8owx_0czDZvEe8B6DxbJAp_fZQSg2I_WGqIks4GtgbKG6QSZP8QtiCig0Sb_WJIhuCHLjpkyycPU3GZ6s5XS_eHpR0g4znRqjy1lt2dXbw?stp=s1024x576&edm=AOnQwmMEAAAA&_nc_gid=Buz5V83ySCyOq7pq3cT3gQ&_nc_oc=AdpvHV13Ao5qWqLtLphq1V414j5knhB_tfe_pHSKnJlMWMwxxCieA0MaYSCtGo0czkA&ccb=10-5&oh=00_AQJSiQj4QVHq0Pmunt_lRmNK_hoD4FawiuuzTbfl9qTuyQ&oe=6AC95CDE&_nc_sid=201bca,perspective,none,none,False,0.495,268
595003875836173,-77.003019447161,-11.975531602834,1676928164600,2023-02-20T21:22:44.600000Z,SAN JUAN DE LURIGANCHO,san_juan_lurigancho_03,138.84,lxvtOCDU2Y0AzN63rqhGFm,https://scontent.flim26-1.fna.fbcdn.net/m1/v/t6/An9IdiWsAyq0WIQ4FwBfpgAsY5Docdi81TND-UmVm4z0SNJykoGhlHCo9d33oSkMJwb_MWn4lIYlFn0AGADceNxsIv2B5D14Wx2AGHPsILFLXUj8msCNp1Cgq3po3Sio3ZgF0o_I9EAyjlLGUL3c6A?stp=s1024x576&edm=AOnQwmMEAAAA&_nc_gid=Buz5V83ySCyOq7pq3cT3gQ&_nc_oc=AdoQrVj84L2hkK5SYdqUmazGtDiGFO93Vz59L9xj57-DWgjhl-YAC4oj_5DIj0j2ov0&ccb=10-5&oh=00_AQLBTGYxDfGgqrF2y08WoGf_FuoExj2qA7ZpFLXqXtZA8A&oe=6AC95DC0&_nc_sid=201bca,perspective,none,none,False,0.64,171
602470281325284,-77.003154119793,-11.975309766807,1676928083600,2023-02-20T21:21:23.600000Z,SAN JUAN DE LURIGANCHO,san_juan_lurigancho_03,319.57,bpCqBHsSfnYxOVo651IkZP,https://scontent.flim26-1.fna.fbcdn.net/m1/v/t6/An_rXGl8Pi6saz9O4z7NhL0xU8YpbPZNrWsDcFscWHj5kMuhiP8M00OB3yP6UmuP1yciCWcSLrLy_S9Wv8_g-rXkZYJ8rrOZ7srQ78VvWtYYKhrcaUnZbuZofDsCj2--y2R7aPgq1j_LdwSn6Hkdfw?stp=s1024x576&edm=AOnQwmMEAAAA&_nc_gid=Buz5V83ySCyOq7pq3cT3gQ&_nc_oc=AdqlljLeXXD-yfTwE2n9F1W5XtKEu8BGMINT841enIr8cg9rgTlS8SjJ6RBHHaw7reQ&ccb=10-5&oh=00_AQLOOOXSm-0zHcoIcpKlqdiFa6ApBNgC5SFXAz_Ha7aSIg&oe=6AC937CA&_nc_sid=201bca,perspective,none,none,False,0.596,124
526772596239693,-77.003192067976,-11.9753423816,1676928084000,2023-02-20T21:21:24Z,SAN JUAN DE LURIGANCHO,san_juan_lurigancho_03,318.15,bpCqBHsSfnYxOVo651IkZP,https://scontent.flim26-1.fna.fbcdn.net/m1/v/t6/An_X4xtHtoA8hC4OOIv9f7ymJa8mBDjMfhS7f0OJQLVBOIgiX24rZzA9zO2uMNgoLlJqnO4fKXbFgUizYLIeBHqmYHe4d_HWD5wqVdRxCx7VGQnjWgCLxoJOSFec-wmrQPVCcyuKaUSzRXHtcN057A4?stp=s1024x576&edm=AOnQwmMEAAAA&_nc_gid=Buz5V83ySCyOq7pq3cT3gQ&_nc_oc=AdoqucfXpJop_ccKVlbYK0ThJPSaCpwcBj-V8Y97MCkL7cK4L81589tmpQLglq_4Cb8&ccb=10-5&oh=00_AQJ7-0L3Nw9Clxm7RMLV4wK0XUjHVp5k0ktPSLfgDEZd1Q&oe=6AC93098&_nc_sid=201bca,perspective,none,none,False,0.509,110
598691138427131,-77.003055135458,-11.97522773276,1676928082000,2023-02-20T21:21:22Z,SAN JUAN DE LURIGANCHO,san_juan_lurigancho_03,321.1,bpCqBHsSfnYxOVo651IkZP,https://scontent.flim26-1.fna.fbcdn.net/m1/v/t6/An_nK1CuSkYxiVYrUk3bhgsvfguL9XbUMfg9N0q_85YMgVZvRl4fv-geHHdQub8V579HBfu_DxlVHVRnOdn1QXYCge8jvOELziDPYRClJ8u0jz3juKseJJAPybudUZBn17TRS_ujxesGhuFuIgqRKr4?stp=s1024x576&edm=AOnQwmMEAAAA&_nc_gid=Buz5V83ySCyOq7pq3cT3gQ&_nc_oc=AdpoL1XBuWOMt-WGYQeMhYicHSi9wnigeyevCEibUqco_xNL6nl8g_9wRbFnHWs1Rd0&ccb=10-5&oh=00_AQIJu0Ip5yZN0woMmzPmsVhSIKx8hYzo31NNnHzhpCQZig&oe=6AC951D7&_nc_sid=201bca,perspective,none,none,False,0.56,115
474511098120524,-77.003085269941,-11.975253288397,1676928082800,2023-02-20T21:21:22.800000Z,SAN JUAN DE LURIGANCHO,san_juan_lurigancho_03,139.64,RxCe2iuV7vBH8wzJZYIAk1,https://scontent.flim26-1.fna.fbcdn.net/m1/v/t6/An8GgJZbN_LeD_jHrrg8AtTM81ti_UKGEAlNENQuPEad7wDz6rEtJvr2wAz7MTxRm-E63Rkj9D0ek719BxV1Gpen3uoL0j0OJ2ABid1RO5jGe29B3lEiW7sAatzxjFRE8-EVve12Mzaaloet9Abqfg?stp=s1024x576&edm=AOnQwmMEAAAA&_nc_gid=Buz5V83ySCyOq7pq3cT3gQ&_nc_oc=Adqqtz_jNW__oznzzEafA34hZW_4lUoFu3QxmAs2maemgmjpDHoIOWCrje7ikciA5Sc&ccb=10-5&oh=00_AQL4C3D22xVbPoNngSUHaSissOnd17qcbSaRSZx1yKdHQg&oe=6AC959A6&_nc_sid=201bca,perspective,none,none,False,0.629,395
604824054333912,-77.003058628192,-11.975139177497,1676928081000,2023-02-20T21:21:21Z,SAN JUAN DE LURIGANCHO,san_juan_lurigancho_03,229.46,B3Z71qAudxmXozNYwykQCp,https://scontent.flim26-1.fna.fbcdn.net/m1/v/t6/An_ZeAZEioATLaR-ASXHNDrwvTCyqXxw4EWMJ4nqiyLgYkTsNmxpcZUXOQUAhNH_t8MwEenlqjUMznb-YlIILA8TvpT7MD73PI-R_zZmUJL1d_u4NLDjj-qOMef3BRurVVHo-0GyGJr6sFfXsKhCrg?stp=s1024x576&edm=AOnQwmMEAAAA&_nc_gid=Buz5V83ySCyOq7pq3cT3gQ&_nc_oc=AdrDNU1Codvl_0uCj7bujhOS_h3jGjOiXvLRHRcevcACJpfm7HKYY72lFghhqNF7ohc&ccb=10-5&oh=00_AQIivfbZsAj1IgiZ8Zs1m03Edm3W5u5-msaO1oSRNieLUQ&oe=6AC94815&_nc_sid=201bca,perspective,none,none,False,0.611,273
2990040167882216,-77.002996596818,-11.975122459389,1468271861000,2016-07-11T21:17:41Z,SAN JUAN DE LURIGANCHO,san_juan_lurigancho_03,230.3222707493,LkT-NdZZst88eHuI3T_Ucg,https://scontent.flim26-1.fna.fbcdn.net/m1/v/t6/An-hGQP0aw0aPwdnXaw8PqbaMY3FeRmj0DYVHf3E19TvvB3PFiiJQZ4FYPxt3gJaZQ232h3W21t1WEp31MBwAUJQf1udZY613HPSw_jX3Zr78UiyJhHLTz-Jj170GL2nJM61bsbIZ2H5ryrJ94eBSyQ?stp=s1024x576&edm=AOnQwmMEAAAA&_nc_gid=Buz5V83ySCyOq7pq3cT3gQ&_nc_oc=Adr-GkHAfM8m5gUmQnt81r3qQgSywr0CBTX7Ny6u9yQTYj82W638ix1xVRoloxwh1kI&ccb=10-5&oh=00_AQJC1EKDZkR5o3VNObSrx9hWZml0WCvNfRGVUsSh5ND5sQ&oe=6AC952D0&_nc_sid=201bca,perspective,GARMIN,VIRB-ELITE,False,0.52,2
735092511530904,-77.003042309759,-11.975361973226,1676928165800,2023-02-20T21:22:45.800000Z,SAN JUAN DE LURIGANCHO,san_juan_lurigancho_03,50.37,6wQ8h3PYx9rgGbOtMoUmfH,https://scontent.flim26-1.fna.fbcdn.net/m1/v/t6/An8cMIf0TPsKV87VcUber5j6ElfwLEANkgOCbq7rBh6WI89ZTvtN7xtpqqyN_Zdy5npP6SEOJNLqptJsvTA8SOQ9zi4t3QNQ7hXjQisKEO4UsKBIWOvRSiYgGwHU-P3X0wImZ1OmYBDmUWH8h41F6A?stp=s1024x576&edm=AOnQwmMEAAAA&_nc_gid=Buz5V83ySCyOq7pq3cT3gQ&_nc_oc=Adrog1y7UxOZx7mISs5tE7NGxvSY-wgK5bvjk_TB8D6b2N7zjy7lH-PGKoFe9AoAD3A&ccb=10-5&oh=00_AQKRlLhKe2RJfwLMSkzxTF5V6uxAM8XoOVwTmmAWWl_ppA&oe=6AC9333C&_nc_sid=201bca,perspective,none,none,False,0.627,346
322062042594638,-77.002791975448,-11.975379759725,1468271860000,2016-07-11T21:17:40Z,SAN JUAN DE LURIGANCHO,san_juan_lurigancho_03,138.30366244955,tlYdRVxW6h1YYLRz4-UquQ,https://scontent.flim26-1.fna.fbcdn.net/m1/v/t6/An8q2onSsX9fQqNNyOjvIJzZOoqOMkyjmKwqUIvcXZVTvO9dJrTe4WjdmnLu-roC7tFwjnVTrpy6Sk1_LSt7KJWKwdkxjiC0akSAEaOJz8-YUOSop6mze8cbuFG9iJVsEvFyrNTAwfUP1QBWOve6jQ?stp=s1024x576&edm=AOnQwmMEAAAA&_nc_gid=Buz5V83ySCyOq7pq3cT3gQ&_nc_oc=AdoQh0TWvddWOfwxE59JMeQbyhzfGp15151LUbSEpAgBqobkUmjECvI8w50CXagjuqM&ccb=10-5&oh=00_AQKrSuf2r3b3IYDspr0M1gzvTicLnj22aCvlR5Y-O_Fp3g&oe=6AC93722&_nc_sid=201bca,perspective,GARMIN,VIRB-ELITE,False,0.63,0
3434639576855204,-77.002989620037,-11.975166109119,1676928081000,2023-02-20T21:21:21Z,SAN JUAN DE LURIGANCHO,san_juan_lurigancho_03,321.61,bpCqBHsSfnYxOVo651IkZP,https://scontent.flim26-1.fna.fbcdn.net/m1/v/t6/An90fjUZeiRtgw_LKIIwW40TxXj8DpbwEKANwgYHDTuutUl9f4DE-uBxIInU127fcYvCVw4e9B1fhoHdF1oy4su6Q7ymRn1a6NlOiywLBHWXxmcUD9kTsRflpjY53qWXQf6VK972YiIZKTbS51QN5w?stp=s1024x576&edm=AOnQwmMEAAAA&_nc_gid=Buz5V83ySCyOq7pq3cT3gQ&_nc_oc=AdqZqXs7giTt5NJxnLNUgWyIY7nbm5FsOqZej1gGhLO_z9hw0FVqyWNVPaWTGuVwPJQ&ccb=10-5&oh=00_AQILQWBBRpiYH1p0eFAmG1o2Iwv1BI5OySsazw6enR7X8g&oe=6AC934D7&_nc_sid=201bca,perspective,none,none,False,0.624,96
909177736949815,-77.007091005028,-11.978554994267,1676917585000,2023-02-20T18:26:25Z,SAN JUAN DE LURIGANCHO,san_juan_lurigancho_03,210.13,4BJaZb57hHsq9DQeI02nVR,https://scontent.flim26-1.fna.fbcdn.net/m1/v/t6/An-iCRxHRQUw66hpQJghslZouBNKjqyeLXryxlqpqsgn-HP6USOAWETB9nLgkyOMpfIVMICkGf3KJ1crHWVgTc81tDiy935xR2_cxUM-9UrKkwzxfn4HowaQSgGUM8AmT65gsNitF3mSWtb-lRKmQA?stp=s1024x576&edm=AOnQwmMEAAAA&_nc_gid=Buz5V83ySCyOq7pq3cT3gQ&_nc_oc=AdrTxxn-TUlFW9-cFOZqk0gQfd7yci5nNtoHbnkot75U6CNaVWmwJSTQg3Lfkots7_g&ccb=10-5&oh=00_AQLeUsSDIDWsH4WIa2r8yr9T-DziVz3aLxQq7elRL5vhgg&oe=6AC95CE0&_nc_sid=201bca,perspective,none,none,False,0.601,153
595845255417366,-77.0030938,-11.975262499972,1676910081000,2023-02-20T16:21:21Z,SAN JUAN DE LURIGANCHO,san_juan_lurigancho_03,229.89340878379,exdfvVJnkEibToRSpLlNj1,https://scontent.flim26-1.fna.fbcdn.net/m1/v/t6/An8gRd02Jbu8ka1YbarFN-weUxdmt2zkRL5UQQOyjEKV-ZmxT-lSu_IRyVQlPj8Yqu0T-Ejf5X5BLFy-kuBAYWdTdYtk1xbVbq4gOOyUCjwiPmPQD_ZS7nNVOYWOXhfsRKtOoFVnYwDv-MBMFkIijQ?stp=s1024x512&edm=AOnQwmMEAAAA&_nc_gid=Buz5V83ySCyOq7pq3cT3gQ&_nc_oc=AdqB9vX64c5Iah3c_Zg7TSp2wnxIyXYWW_dvcr--ODoHpQJ_PVzcUkO89lnQaNd9fZA&ccb=10-5&oh=00_AQLstIHxXgCC9AYF_s139ZZUVlULieODP_0oDhIOEwmTTA&oe=6AC95AD4&_nc_sid=201bca,spherical,GoPro,GoPro Max,True,0.815,336
732488758424021,-77.007233883505,-11.978359938618,1676917586400,2023-02-20T18:26:26.400000Z,SAN JUAN DE LURIGANCHO,san_juan_lurigancho_03,119.39,01ARbcmCtreXvy4wVDiYNP,https://scontent.flim26-1.fna.fbcdn.net/m1/v/t6/An9yJhkg2GbCDOIoZzYeqaJgkJ75cpWfH0eMh3PNSe3vRwBhl8BbXok6AkbUxw8D2j5alz-e4fjNGA2UzstwBpo1bMx7hak_B5aYq6ESe3M0M3Vuq_-P9pYnmN9bRucTBWd8Eqi0ul9HGzoBtZuGTg?stp=s1024x576&edm=AOnQwmMEAAAA&_nc_gid=Buz5V83ySCyOq7pq3cT3gQ&_nc_oc=AdoVx7ZE7fG7HRESG-14E8JapIdiRXzEUuKxbVPazn8bbrR-XutBeT08TBmBCRLaJUc&ccb=10-5&oh=00_AQL0DlXhNGUZUA-YnmzoT62f5Zv2s4Xh7jKnLd0GbAiOfA&oe=6AC93583&_nc_sid=201bca,perspective,none,none,False,0.708,320
937848757220924,-77.007137509221,-11.978534196127,1676917584400,2023-02-20T18:26:24.400000Z,SAN JUAN DE LURIGANCHO,san_juan_lurigancho_03,211.16,4BJaZb57hHsq9DQeI02nVR,https://scontent.flim26-1.fna.fbcdn.net/m1/v/t6/An8Tc5VqGU5QFKD8Pvg0_CH7EwP4EaSAvPs7bBN5OcHG__4TDsHL-W-6okXUa_yHmNJR8hqIFSl1l0_Gv-gRyG8zJ6p2pLPfhJmvpj3HcUwtra7ndVpJu3IPSvuuwwDB-4AlLm5lFayorMemMnFGg1M?stp=s1024x576&edm=AOnQwmMEAAAA&_nc_gid=Buz5V83ySCyOq7pq3cT3gQ&_nc_oc=AdoXZKKKE7Pp0P6ZNL6suDxHpsfIhpIWecCFE64qLbDB2eNXqIPoqz71-ScxnOgM1qk&ccb=10-5&oh=00_AQLmr1zJSFn2UDJ5c2MvyuMzgwXkrWHzsHUYWd_hrhHekg&oe=6AC951EF&_nc_sid=201bca,perspective,none,none,False,0.538,205
1492604517932514,-77.003020319258,-11.975202382728,1676928081600,2023-02-20T21:21:21.600000Z,SAN JUAN DE LURIGANCHO,san_juan_lurigancho_03,321.22,bpCqBHsSfnYxOVo651IkZP,https://scontent.flim26-1.fna.fbcdn.net/m1/v/t6/An9VKUt7Zl5SwHcCXdf7ZU2LK-t-zxyFa3FqWhmc_fZ0CxI1s1LvaNT1A4VXuvCEmtdi2Bd3LAE6KFJLnew1r0MxRXjL4NWV3aitOCF2Sn3-tlktQsOajxi4Tw989qS2LyR6huIf5Fdndqz1eyK-nA?stp=s1024x576&edm=AOnQwmMEAAAA&_nc_gid=Buz5V83ySCyOq7pq3cT3gQ&_nc_oc=AdoFnSc1qRQSM_lqwf1BXS-shIGlQ-Ro_g49hyaW_Kg2CVBIXrt1no1InaWvfyFkOg4&ccb=10-5&oh=00_AQKR25D9foEXdMbZJoyngNF7HD02ZZpc1VkGPNfsH9Eubg&oe=6AC93BF4&_nc_sid=201bca,perspective,none,none,False,0.585,102
593298079335974,-77.002918560865,-11.975145671385,1676928080800,2023-02-20T21:21:20.800000Z,SAN JUAN DE LURIGANCHO,san_juan_lurigancho_03,139.41,RxCe2iuV7vBH8wzJZYIAk1,https://scontent.flim26-1.fna.fbcdn.net/m1/v/t6/An8UveACwaWE4ovdxYtmHd6sXaqAHIGaK0Nur4x-HjTCgSZNrYPdGkrJZOlIiiriwij-HAB6o1U4EaDP47nLb2PHdPrmMfx-d_xhMvhnszR06eBA3c3BLS6o54yWVMlqaYm3EfCMzelL2MdS7DKMfA?stp=s1024x576&edm=AOnQwmMEAAAA&_nc_gid=Buz5V83ySCyOq7pq3cT3gQ&_nc_oc=Adq5gbfLr6kf_vssaRuoE_5zio3kr2VCQ9BnTy5IJTZJFZHArDo_Wc29cDxmfwTH4L4&ccb=10-5&oh=00_AQIFTQ9l5LnNmJ-qK8DLZmlhgGnBtTSc0PUr7I-Nor4gIQ&oe=6AC956CA&_nc_sid=201bca,perspective,none,none,False,0.649,351
528658999414655,-77.002930253048,-11.975448726238,1676928165000,2023-02-20T21:22:45Z,SAN JUAN DE LURIGANCHO,san_juan_lurigancho_03,137.9,lxvtOCDU2Y0AzN63rqhGFm,https://scontent.flim26-1.fna.fbcdn.net/m1/v/t6/An_JXziPI7uiU7iZrBq3le6czULojLT5m_DHPvNzvsPhZprN56luqLeGwRlUx0FIL-4M4xq_qjySxceE7pjaARz7oYKr9yQe2VSahJdxrrbzo9EtG6S3dKWyryMSyoHxwqVHfPcrO8X03o9ueZhiow?stp=s1024x576&edm=AOnQwmMEAAAA&_nc_gid=Buz5V83ySCyOq7pq3cT3gQ&_nc_oc=AdpRtL_zH-LtxUeX_kp4f8GdlaVuxCJn0CVmxTvMKB9qs40uXZubDeIOLEg5NcjL_rE&ccb=10-5&oh=00_AQKe7roo2jrXuT5MtfrdNQYlLcwFboa6WAXzk_xkY0lzzA&oe=6AC9496E&_nc_sid=201bca,perspective,none,none,False,0.657,195
4544223148941155,-77.003065140683,-11.975172671863,1468271862000,2016-07-11T21:17:42Z,SAN JUAN DE LURIGANCHO,san_juan_lurigancho_03,231.47222739073,LkT-NdZZst88eHuI3T_Ucg,https://scontent.flim26-1.fna.fbcdn.net/m1/v/t6/An845VqH7FaOzSRkXir5Q7LdqQM6IIqr_y089Dj7MtIxSiyngSg1r1OQpxS7AVIho4Ut4iSGcqyvgiCTphgYcUbkckdFzVDT3zhqOKqdGF3-s7JShVZSoU1QVZyvWLIf94civdzb93gzcL9PPTmL-w?stp=s1024x576&edm=AOnQwmMEAAAA&_nc_gid=Buz5V83ySCyOq7pq3cT3gQ&_nc_oc=AdpJAApCsLRspSwmi_gOsmNtTthj-GOude_3C4Oc8uLmBfJ6j3vTMI6nfNknOc2P6EI&ccb=10-5&oh=00_AQI9cYQaYtVwpo4XD7CrYk1a4woUkNsFGoaCR8_4gONeGw&oe=6AC95B43&_nc_sid=201bca,perspective,GARMIN,VIRB-ELITE,False,0.575,2
